Accession_number	Region	Region_length
O75678	[51, 74]	24
Q05329	[62, 85]	24
Q14585	[0, 29]	30
Q14585	[81, 160]	80
Q7RTU4	[120, 140]	21
Q7Z7K2	[64, 95]	32
Q7Z7K2	[151, 202]	52
Q7Z7K2	[346, 446]	101
Q8IXZ3	[321, 402]	82
Q8IZ63	[0, 17]	18
Q8IZJ1	[252, 362]	111
Q8N1N2	[12, 78]	67
Q8N1N2	[120, 152]	33
Q8NAF0	[38, 86]	49
Q8NAF0	[233, 251]	19
Q8NAF0	[264, 312]	49
Q8NAF0	[375, 426]	52
Q9BRZ2	[88, 146]	59
Q9BT23	[29, 48]	20
Q9UL59	[237, 286]	50
Q9Y5H7	[722, 740]	19
D6RCP7	[34, 61]	28
O43915	[178, 353]	176
P51970	[28, 62]	35
Q53GD3	[105, 128]	24
Q5EBM0	[65, 94]	30
Q5TC79	[420, 464]	45
Q8N823	[222, 384]	163
Q96C00	[375, 397]	23
Q96C00	[429, 455]	27
Q96QE4	[510, 535]	26
Q96QE4	[735, 756]	22
Q9NZV7	[304, 410]	107
Q9NZV7	[454, 526]	73
Q9UK11	[139, 191]	53
Q9UK11	[209, 316]	108
Q9Y297	[32, 114]	83
A6NC57	[426, 444]	19
O00321	[167, 241]	75
O14545	[2, 144]	143
O14545	[282, 321]	40
O14545	[359, 398]	40
O43283	[696, 744]	49
O43283	[900, 959]	60
P08588	[440, 476]	37
P0DH78	[102, 155]	54
P25445	[42, 172]	131
Q03828	[376, 401]	26
Q13114	[42, 248]	207
Q13118	[154, 179]	26
Q13118	[191, 221]	31
Q13118	[360, 415]	56
Q2TV78	[293, 318]	26
Q2TV78	[415, 481]	67
Q2YD98	[220, 262]	43
Q5VTJ3	[503, 519]	17
Q659A1	[558, 593]	36
Q7Z4F1	[308, 435]	128
Q96NJ3	[179, 246]	68
Q96NJ3	[503, 554]	52
Q9BY79	[11, 43]	33
Q9BY79	[412, 472]	61
Q9Y6F6	[0, 16]	17
O14512	[22, 42]	21
O14512	[69, 89]	21
O43638	[201, 224]	24
O43766	[95, 153]	59
O75078	[432, 592]	161
O75078	[622, 718]	97
P55285	[580, 600]	21
Q5H8A4	[597, 637]	41
Q64ET8	[1, 26]	26
Q86YH2	[334, 380]	47
Q86YH2	[390, 429]	40
Q86YH2	[448, 491]	44
Q8N878	[502, 542]	41
Q99675	[310, 328]	19
Q9BV97	[172, 189]	18
Q9BV97	[200, 251]	52
Q9Y2H8	[192, 216]	25
Q9Y2H8	[245, 278]	34
Q9Y2H8	[395, 474]	80
Q9Y5Y6	[442, 613]	172
A9YTQ3	[342, 364]	23
A9YTQ3	[426, 446]	21
A9YTQ3	[512, 557]	46
A9YTQ3	[605, 655]	51
P78386	[0, 39]	40
P78386	[424, 463]	40
P78386	[475, 504]	30
Q496H8	[0, 17]	18
Q6PK81	[182, 233]	52
Q6ZVN8	[137, 182]	46
Q7RTV3	[158, 211]	54
Q8NEC7	[606, 630]	25
O43155	[637, 659]	23
P02748	[26, 151]	126
Q06730	[235, 254]	20
Q06730	[268, 370]	103
Q06730	[531, 763]	233
Q06730	[788, 808]	21
Q06732	[236, 255]	20
Q06732	[269, 371]	103
Q0VG06	[334, 411]	78
Q0VGE8	[212, 439]	228
Q13115	[172, 192]	21
Q2QGD7	[171, 224]	54
Q2QGD7	[337, 364]	28
Q2QGD7	[379, 435]	57
Q5W0U4	[17, 60]	44
Q6S9Z5	[157, 252]	96
Q8IVF1	[1, 68]	68
Q8IVF1	[97, 120]	24
Q8NER5	[138, 159]	22
Q9H6E5	[555, 583]	29
Q9UBS8	[257, 277]	21
C9JVI0	[34, 61]	28
D6RBQ6	[34, 61]	28
Q5T764	[127, 152]	26
Q8N3Y3	[30, 56]	27
Q9NQ32	[231, 297]	67
Q9NQ32	[331, 351]	21
O00548	[185, 525]	341
O00548	[568, 605]	38
O15537	[27, 55]	29
O43526	[417, 438]	22
Q14584	[72, 104]	33
Q14584	[123, 422]	300
Q15910	[489, 613]	125
Q2KHN1	[17, 169]	153
Q68CJ9	[112, 135]	24
Q6ZVT6	[476, 497]	22
Q6ZVT6	[662, 685]	24
Q86XK2	[352, 367]	16
Q86XT9	[152, 176]	25
Q96BR5	[13, 42]	30
A0A3B3IT33	[49, 73]	25
A8MUK1	[34, 61]	28
Q15813	[130, 150]	21
Q16671	[17, 33]	17
Q16671	[464, 572]	109
Q4G163	[117, 154]	38
Q4G163	[629, 660]	32
Q4G163	[672, 690]	19
Q5FWF5	[203, 229]	27
Q5W111	[2, 21]	20
Q5W111	[38, 59]	22
Q86WR7	[76, 97]	22
Q96T88	[392, 419]	28
O76096	[13, 35]	23
P07204	[19, 34]	16
P07204	[214, 489]	276
P0CH99	[114, 267]	154
P51888	[62, 88]	27
Q13822	[48, 157]	110
Q14314	[29, 58]	30
Q14314	[88, 108]	21
Q6ZN32	[205, 220]	16
Q8IW03	[62, 84]	23
Q8N5Z5	[278, 310]	33
Q8TBP0	[713, 744]	32
Q96KS0	[33, 53]	21
Q9BR61	[248, 276]	29
Q9HBH9	[360, 389]	30
Q03923	[96, 146]	51
Q03923	[161, 246]	86
Q60I27	[329, 372]	44
Q8N8U9	[67, 233]	167
Q8N8U9	[245, 370]	126
Q8N8U9	[527, 568]	42
Q96P44	[405, 453]	49
Q9BZR9	[85, 130]	46
Q9BZR9	[461, 484]	24
Q9HCL3	[191, 242]	52
Q9HCL3	[415, 466]	52
A8MT70	[113, 148]	36
C9JJH3	[34, 61]	28
O43187	[433, 500]	68
O75820	[136, 190]	55
P03999	[317, 336]	20
P09603	[162, 200]	39
P42681	[12, 28]	17
Q6NSW7	[0, 38]	39
Q6P6B7	[0, 44]	45
Q8NB50	[132, 183]	52
Q8NB50	[412, 466]	55
Q96CX6	[328, 348]	21
Q9BQ31	[469, 490]	22
Q9BXK1	[120, 173]	54
Q9BY15	[22, 76]	55
Q9BYQ3	[0, 158]	159
O14867	[136, 159]	24
O14867	[173, 233]	61
O14867	[252, 286]	35
O14867	[401, 421]	21
O14867	[450, 531]	82
O14867	[610, 640]	31
O14867	[704, 735]	32
O95644	[159, 191]	33
O95644	[732, 760]	29
P05160	[494, 531]	38
P05160	[637, 655]	19
P14210	[166, 416]	251
P35030	[0, 30]	31
Q3SXZ3	[104, 143]	40
Q3SXZ3	[162, 213]	52
Q7Z2T5	[110, 141]	32
Q7Z2T5	[155, 173]	19
Q86YR6	[0, 49]	50
Q96PT3	[3, 23]	21
Q9ULV1	[142, 167]	26
O76015	[0, 101]	102
O76015	[402, 455]	54
O76031	[0, 18]	19
P08571	[19, 40]	22
P35372	[34, 62]	29
P35789	[108, 181]	74
P35789	[192, 243]	52
P35789	[388, 439]	52
Q6DN03	[88, 116]	29
Q6DN03	[137, 170]	34
Q6ZNG2	[141, 163]	23
Q6ZS27	[195, 346]	152
Q96HD1	[129, 336]	208
Q9BV87	[260, 277]	18
Q9BV87	[325, 361]	37
Q9BYR2	[0, 180]	181
Q9H9S0	[0, 38]	39
Q9HC78	[56, 76]	21
Q9HC78	[698, 729]	32
Q9NQF3	[187, 202]	16
Q9UET6	[267, 328]	62
A3QJZ6	[127, 145]	19
O00161	[68, 96]	29
P02787	[343, 369]	27
P54764	[222, 334]	113
Q15928	[105, 145]	41
Q15928	[218, 269]	52
Q56VL3	[122, 146]	25
Q8IWU6	[434, 485]	52
Q8IWU6	[831, 850]	20
Q96K80	[31, 101]	71
Q96MH2	[267, 285]	19
Q9NS68	[27, 72]	46
Q9NS68	[209, 278]	70
Q9UK28	[31, 55]	25
Q9UNK4	[129, 144]	16
Q9Y210	[32, 65]	34
C9JH25	[796, 841]	46
O95436	[625, 689]	65
P0CI00	[114, 267]	154
P45880	[0, 21]	22
Q13077	[11, 66]	56
Q13077	[77, 104]	28
Q5TB30	[390, 430]	41
Q5TB30	[487, 517]	31
Q5VUG0	[635, 659]	25
Q6S8J7	[17, 44]	28
Q86UZ6	[490, 513]	24
Q86VK4	[210, 226]	17
Q86VK4	[270, 325]	56
Q8N1L9	[73, 133]	61
Q8N9F0	[0, 19]	20
Q9BU19	[0, 35]	36
Q9BU19	[63, 78]	16
Q9BU19	[319, 375]	57
Q9BU19	[408, 462]	55
Q9HCX3	[133, 209]	77
Q9HCX3	[242, 293]	52
Q9HCX3	[438, 517]	80
Q9UJW2	[56, 74]	19
Q9UJW2	[84, 159]	76
H3BUK9	[0, 44]	45
H3BUK9	[54, 81]	28
O14901	[157, 204]	48
O14901	[220, 243]	24
O14901	[415, 468]	54
O94929	[116, 164]	49
O95704	[249, 273]	25
P22459	[615, 652]	38
P35913	[28, 52]	25
P35913	[831, 853]	23
Q68DI1	[255, 517]	263
Q8NDY8	[31, 47]	17
Q8NEB7	[383, 404]	22
Q92963	[0, 16]	17
Q96CA5	[24, 39]	16
Q96JB3	[433, 456]	24
Q96JB3	[496, 547]	52
Q99988	[192, 216]	25
Q9BYR5	[0, 135]	136
Q9BYV6	[186, 210]	25
Q9WJR5	[928, 958]	31
O14639	[4, 23]	20
O14639	[59, 126]	68
O43597	[276, 314]	39
P22692	[120, 147]	28
P98077	[72, 108]	37
Q5JXM2	[0, 21]	22
Q5JXM2	[86, 106]	21
Q75N03	[100, 119]	20
Q75N03	[129, 181]	53
Q8N806	[133, 158]	26
Q8TC27	[373, 536]	164
Q8TC27	[591, 662]	72
Q8WYQ9	[776, 806]	31
Q8WYQ9	[897, 930]	34
Q9H013	[349, 690]	342
Q9H093	[560, 627]	68
Q9HBT6	[586, 606]	21
Q9NQX0	[127, 173]	47
Q9NQX0	[188, 219]	32
Q9NQX0	[483, 591]	109
Q9NVF9	[11, 48]	38
Q9UN74	[725, 741]	17
O43248	[5, 28]	24
O75564	[538, 555]	18
P19013	[0, 23]	24
P26010	[465, 681]	217
P98168	[192, 229]	38
P98168	[321, 377]	57
P98168	[429, 447]	19
Q147U1	[187, 240]	54
Q147U1	[385, 532]	148
Q5T7W0	[247, 270]	24
Q96N19	[325, 354]	30
Q96N19	[371, 416]	46
Q9H9P5	[70, 161]	92
Q9H9P5	[202, 329]	128
Q9NYJ7	[168, 475]	308
Q9UBN6	[72, 191]	120
Q9UGC6	[17, 49]	33
Q9UHC7	[168, 268]	101
Q9UKT9	[109, 233]	125
O15156	[337, 388]	52
Q01954	[26, 65]	40
Q01954	[294, 316]	23
Q01954	[348, 401]	54
Q01954	[429, 452]	24
Q01954	[711, 764]	54
Q01954	[947, 972]	26
Q13772	[340, 377]	38
Q13772	[387, 431]	45
Q5JVG2	[167, 190]	24
Q5JVG2	[212, 237]	26
Q5JVG2	[263, 302]	40
Q5JVG2	[338, 426]	89
Q5JVG2	[821, 848]	28
Q6ZN11	[132, 202]	71
Q6ZN11	[218, 297]	80
Q7RTS3	[90, 129]	40
Q8N8U3	[447, 474]	28
Q8NHY6	[416, 483]	68
Q8NHY6	[505, 603]	99
Q92800	[322, 381]	60
Q92800	[396, 432]	37
Q92800	[483, 613]	131
Q96NS1	[0, 26]	27
Q9H461	[217, 268]	52
Q9NRS4	[72, 101]	30
O75113	[531, 567]	37
Q15466	[0, 15]	16
Q15466	[32, 57]	26
Q3B8N5	[4, 24]	21
Q8IXZ2	[662, 802]	141
Q8NEG5	[514, 559]	46
Q8NEG5	[591, 614]	24
Q8TC21	[186, 405]	220
Q96JK2	[872, 893]	22
Q9UJM3	[102, 155]	54
Q9UM63	[23, 105]	83
Q9UM63	[147, 173]	27
Q9UN75	[723, 741]	19
O15198	[175, 207]	33
P01100	[313, 331]	19
Q02833	[95, 129]	35
Q02833	[141, 161]	21
Q15042	[500, 532]	33
Q3V5L5	[770, 787]	18
Q5FWF6	[225, 299]	75
Q6ICB4	[152, 183]	32
Q6ICB4	[239, 258]	20
Q6ZNH5	[95, 148]	54
Q8N988	[136, 187]	52
Q96HQ0	[250, 329]	80
Q96LC7	[450, 466]	17
Q9BWW7	[182, 236]	55
Q9BWW7	[323, 346]	24
Q9NRU3	[887, 918]	32
O00622	[20, 173]	154
P0CW18	[360, 396]	37
P13224	[19, 41]	23
P54257	[0, 19]	20
P54257	[655, 670]	16
Q6ZMY9	[169, 185]	17
Q6ZMY9	[196, 248]	53
Q7L0R7	[119, 164]	46
Q86TJ5	[262, 287]	26
Q86TJ5	[315, 478]	164
Q9Y6U7	[307, 325]	19
A6NEQ0	[431, 480]	50
A6NKF1	[46, 70]	25
P17031	[163, 235]	73
P17031	[249, 300]	52
P36551	[9, 35]	27
Q0WX57	[34, 61]	28
Q3KNW5	[0, 20]	21
Q3KNW5	[315, 339]	25
Q3KNW5	[352, 376]	25
Q5RL73	[169, 221]	53
Q70EL2	[159, 189]	31
Q7Z6M1	[18, 45]	28
Q8N8Z8	[55, 199]	145
Q8N8Z8	[218, 692]	475
Q96EG3	[104, 324]	221
Q96JF6	[118, 169]	52
Q96JF6	[559, 613]	55
Q96JF6	[752, 803]	52
Q9H4D5	[310, 332]	23
A8MUZ8	[107, 239]	133
O95631	[274, 489]	216
P17032	[164, 192]	29
P17032	[262, 313]	52
P17032	[457, 534]	78
P52798	[142, 162]	21
Q2L4Q9	[282, 305]	24
Q2L4Q9	[532, 552]	21
Q496Y0	[405, 433]	29
Q6UW56	[68, 89]	22
Q6ZNE9	[509, 570]	62
Q7Z3V5	[81, 176]	96
Q7Z3V5	[186, 293]	108
Q8N554	[157, 190]	34
Q8N554	[223, 249]	27
Q8N554	[414, 481]	68
Q8NC60	[130, 153]	24
Q8TCV5	[17, 139]	123
Q96JP5	[302, 358]	57
Q9NS98	[517, 556]	40
Q9NS98	[724, 746]	23
O95620	[0, 23]	24
P07333	[942, 971]	30
P21128	[18, 133]	116
P41143	[330, 369]	40
Q9BYE2	[196, 217]	22
B7Z6K7	[83, 106]	24
B7Z6K7	[192, 256]	65
O00217	[100, 118]	19
O00327	[229, 279]	51
O00327	[298, 317]	20
P40126	[18, 70]	53
P40126	[96, 127]	32
Q15464	[44, 71]	28
Q15464	[99, 150]	52
Q15464	[193, 233]	41
Q8N635	[337, 362]	26
Q9HCK0	[317, 368]	52
Q9HCK0	[391, 420]	30
Q9UL40	[57, 88]	32
A0A7P0TAN4	[222, 273]	52
O60260	[314, 391]	78
P21754	[280, 336]	57
P28799	[15, 587]	573
P35414	[321, 340]	20
P63136	[923, 953]	31
Q495A1	[189, 222]	34
Q6GPH4	[30, 182]	153
Q6ZMV8	[108, 142]	35
Q6ZMV8	[164, 272]	109
Q96H40	[114, 151]	38
Q96H40	[285, 364]	80
Q96NL8	[19, 42]	24
Q9Y473	[187, 208]	22
Q9Y473	[230, 321]	92
Q9Y473	[382, 433]	52
Q9Y473	[466, 545]	80
A0A1W2PPM1	[128, 199]	72
A6NI47	[17, 81]	65
A6NI47	[91, 118]	28
C9JN71	[134, 185]	52
O14836	[23, 123]	101
O14836	[184, 204]	21
O14836	[219, 292]	74
O60711	[319, 336]	18
P0DPK3	[22, 257]	236
Q13398	[124, 149]	26
Q13398	[204, 226]	23
Q13398	[304, 383]	80
Q13474	[0, 44]	45
Q14393	[97, 283]	187
Q8N4W9	[222, 526]	305
Q92629	[270, 288]	19
Q96LW9	[209, 281]	73
Q9BVS4	[353, 374]	22
Q9H0D6	[252, 291]	40
Q9UBF6	[0, 23]	24
A0A0A6YYL3	[0, 44]	45
A0A0A6YYL3	[54, 81]	28
O94900	[9, 41]	33
O95376	[128, 143]	16
O95376	[223, 325]	103
P02765	[19, 41]	23
P02765	[87, 109]	23
P02765	[129, 157]	29
P54753	[258, 345]	88
Q02643	[21, 53]	33
Q5JTZ5	[0, 15]	16
Q6H8Q1	[0, 30]	31
Q6H8Q1	[117, 163]	47
Q6PDB4	[173, 226]	54
Q6X784	[217, 235]	19
Q8NCS7	[68, 83]	16
Q8NDW4	[371, 564]	194
Q8NFJ8	[363, 380]	18
Q96HF1	[141, 188]	48
Q96NN9	[56, 78]	23
Q9UGI8	[33, 55]	23
Q9UPM6	[0, 70]	71
Q9Y2Q1	[52, 83]	32
Q9Y2Q1	[105, 143]	39
Q9Y2Q1	[162, 293]	132
Q9Y2Q1	[306, 360]	55
Q9Y2Q1	[422, 503]	82
A0A8I5KTY6	[91, 142]	52
A0A8I5KTY6	[203, 268]	66
O00213	[663, 681]	19
O14763	[70, 189]	120
O15355	[484, 509]	26
Q17RS7	[236, 307]	72
Q17RS7	[842, 899]	58
Q6A163	[0, 70]	71
Q6A163	[392, 452]	61
Q6FI81	[226, 297]	72
Q6NSI1	[6, 50]	45
Q8N587	[215, 323]	109
Q8WY36	[595, 617]	23
Q96MU6	[106, 151]	46
Q96MU6	[172, 267]	96
Q9BWX5	[178, 276]	99
Q9NZL4	[337, 357]	21
Q9UBT6	[608, 709]	102
Q9Y2I2	[298, 528]	231
O95886	[428, 449]	22
O95886	[464, 526]	63
O95965	[27, 493]	467
P81408	[212, 232]	21
P81408	[300, 319]	20
P81408	[373, 389]	17
P81408	[520, 542]	23
Q15785	[56, 73]	18
Q5H913	[264, 289]	26
Q6ZMZ0	[108, 176]	69
Q6ZMZ0	[636, 656]	21
Q6ZN55	[300, 350]	51
Q6ZN55	[383, 405]	23
Q6ZN55	[457, 509]	53
Q6ZN55	[729, 780]	52
Q86U70	[0, 19]	20
Q86Y25	[207, 258]	52
Q86Y25	[403, 482]	80
Q969T3	[294, 310]	17
Q99661	[246, 269]	24
Q9BZR6	[28, 51]	24
Q9BZR6	[324, 345]	22
Q9H609	[18, 48]	31
Q9H609	[103, 157]	55
O14649	[350, 372]	23
O43609	[280, 318]	39
P10074	[185, 209]	25
P10074	[282, 364]	83
P17014	[260, 444]	185
P17014	[455, 551]	97
P17014	[624, 640]	17
P46092	[323, 358]	36
Q08AE8	[614, 629]	16
Q13516	[282, 307]	26
Q86W56	[230, 256]	27
Q8IWL2	[9, 35]	27
Q8TBC5	[432, 455]	24
Q969W9	[11, 30]	20
Q9BXR3	[925, 955]	31
Q9H2Y9	[22, 72]	51
Q9NS73	[177, 197]	21
Q9Y5F7	[719, 742]	24
A6NDE4	[433, 459]	27
O43309	[237, 316]	80
P00747	[140, 361]	222
P0DXC3	[343, 364]	22
P22079	[121, 144]	24
P32239	[400, 418]	19
P80370	[21, 253]	233
Q6UXH9	[32, 87]	56
Q6UXH9	[255, 289]	35
Q7Z3F1	[581, 647]	67
Q8IWY8	[669, 720]	52
Q8N2W9	[389, 424]	36
Q8WXH6	[250, 276]	27
Q96N77	[242, 357]	116
Q9BYQ7	[0, 145]	146
Q9UHR6	[0, 66]	67
A6NKU9	[112, 136]	25
A6NKU9	[185, 209]	25
A6NKU9	[258, 282]	25
O43610	[109, 172]	64
P01732	[208, 226]	19
P0CG32	[338, 367]	30
P22681	[711, 738]	28
P35368	[361, 379]	19
P36941	[28, 219]	192
P54278	[201, 225]	25
P54687	[0, 17]	18
Q6NUI2	[0, 18]	19
Q8NI29	[79, 118]	40
Q9BYQ9	[0, 184]	185
A2RUB6	[85, 113]	29
D6RJB6	[34, 61]	28
O43435	[357, 397]	41
P09958	[576, 684]	109
Q13137	[386, 426]	41
Q1X8D7	[563, 583]	21
Q7Z6J0	[82, 116]	35
Q8NAP8	[159, 209]	51
Q8NAP8	[360, 435]	76
Q96NL3	[170, 271]	102
Q96NL3	[330, 411]	82
Q9BR26	[498, 527]	30
Q9BTN0	[14, 40]	27
Q9BYQ4	[0, 173]	174
Q9P107	[494, 525]	32
Q9Y215	[364, 450]	87
Q9Y6Q2	[126, 145]	20
G5E9R7	[0, 232]	233
Q07021	[54, 78]	25
Q86Y33	[179, 199]	21
Q8TB22	[759, 785]	27
Q8WZ73	[4, 97]	94
Q92832	[214, 231]	18
Q92832	[256, 809]	554
Q96GX5	[306, 338]	33
Q96GX5	[444, 485]	42
Q96GX5	[523, 564]	42
Q9HCU0	[159, 174]	16
Q9HCU0	[195, 359]	165
Q9UND3	[324, 345]	22
O00292	[240, 269]	30
O95263	[86, 115]	30
O95571	[236, 253]	18
P04070	[92, 126]	35
P48060	[182, 207]	26
Q14574	[660, 680]	21
Q14574	[735, 823]	89
Q16549	[692, 713]	22
Q16549	[758, 784]	27
Q6P3X8	[559, 587]	29
Q8WXD0	[109, 129]	21
Q96GX9	[0, 28]	29
Q96I82	[42, 177]	136
Q9H4F8	[32, 167]	136
P78549	[283, 301]	19
Q13461	[229, 249]	21
Q53RE8	[0, 22]	23
Q5TA31	[86, 117]	32
Q6NUN9	[501, 552]	52
Q8NAM6	[287, 382]	96
Q8NEA9	[33, 68]	36
Q8TF50	[99, 154]	56
Q8TF50	[191, 215]	25
Q8TF50	[296, 346]	51
Q8TF50	[436, 486]	51
Q92581	[586, 606]	21
Q96EV8	[131, 151]	21
Q9ULJ1	[458, 502]	45
Q9ULJ1	[513, 539]	27
Q9Y6X2	[390, 427]	38
A8MXQ7	[300, 358]	59
O60294	[468, 484]	17
P62745	[178, 195]	18
Q86UD7	[232, 249]	18
Q86UQ0	[239, 290]	52
Q8IXS0	[488, 507]	20
Q8IZ26	[242, 322]	81
Q8NEP9	[103, 129]	27
Q8NEP9	[163, 242]	80
Q8TCN5	[146, 169]	24
Q8TCN5	[182, 210]	29
Q8TCN5	[632, 717]	86
Q8TCN5	[734, 804]	71
Q8TF66	[21, 39]	19
Q8TF66	[558, 580]	23
Q9H2S5	[77, 147]	71
Q9HBQ8	[34, 105]	72
Q9HBQ8	[126, 143]	18
Q9Y4K3	[0, 37]	38
Q9Y4K3	[127, 211]	85
A6NFA0	[38, 58]	21
A6NK02	[46, 69]	24
Q5VTL7	[403, 426]	24
Q5VTL7	[444, 468]	25
Q5VTL7	[489, 523]	35
Q5VTL7	[533, 552]	20
Q5VTL7	[574, 595]	22
Q86UD3	[0, 39]	40
Q8IXT1	[954, 993]	40
Q8TD94	[109, 148]	40
Q8TD94	[186, 241]	56
Q92785	[200, 223]	24
Q92785	[261, 374]	114
Q9BTT6	[414, 435]	22
Q9H0F5	[202, 238]	37
Q9H0F5	[452, 467]	16
Q9UJU3	[185, 245]	61
Q9UJU3	[280, 304]	25
Q9UJU3	[320, 352]	33
Q9UJU3	[516, 567]	52
A2A3K4	[47, 67]	21
O15488	[301, 340]	40
P21291	[0, 132]	133
P30307	[426, 456]	31
Q14520	[47, 218]	172
Q58G82	[15, 44]	30
Q5T0B9	[218, 269]	52
Q6ZTB9	[20, 186]	167
Q7Z3I7	[109, 426]	318
Q86UN3	[31, 46]	16
Q8N474	[160, 197]	38
Q8NCL9	[23, 39]	17
Q8WX77	[22, 160]	139
Q96H79	[189, 216]	28
Q96H79	[283, 299]	17
Q96PQ7	[172, 196]	25
Q9BYQ2	[0, 153]	154
Q9BZ11	[349, 689]	341
Q9BZ11	[720, 754]	35
O14511	[0, 18]	19
O14511	[334, 350]	17
P00738	[75, 104]	30
P00738	[138, 158]	21
P18084	[403, 442]	40
P18084	[452, 668]	217
Q16587	[239, 290]	52
Q16587	[515, 570]	56
Q494X3	[246, 341]	96
Q6ZN44	[255, 297]	43
Q86UK7	[178, 194]	17
Q86V71	[52, 74]	23
Q86V71	[164, 243]	80
Q8IUW3	[349, 397]	49
Q8NB42	[293, 346]	54
Q8WW24	[0, 17]	18
Q969Z4	[24, 130]	107
Q969Z4	[264, 304]	41
Q96LW1	[261, 312]	52
Q96LW1	[345, 396]	52
Q96QV1	[525, 542]	18
Q96QV1	[581, 675]	95
Q9BUH8	[152, 243]	92
Q9NQB0	[434, 505]	72
A6NF34	[412, 630]	219
O94991	[364, 389]	26
P17027	[109, 210]	102
P23327	[616, 698]	83
P78346	[249, 267]	19
Q5W186	[125, 151]	27
Q6P2D0	[203, 254]	52
Q8IUB2	[19, 225]	207
Q8WUU4	[222, 275]	54
Q8WUU4	[379, 432]	54
Q96N20	[144, 203]	60
Q9H228	[316, 337]	22
Q9NSJ1	[91, 144]	54
Q9NSJ1	[201, 351]	151
A4IF30	[71, 95]	25
O95544	[11, 35]	25
P22460	[566, 591]	26
Q13434	[56, 150]	95
Q13434	[203, 254]	52
Q13434	[269, 303]	35
Q6PI77	[246, 290]	45
Q6PI77	[302, 322]	21
Q7L0X0	[20, 50]	31
Q8IXL7	[26, 49]	24
Q8N883	[196, 246]	51
Q8N883	[278, 329]	52
Q96NL1	[30, 55]	26
Q96NL1	[89, 111]	23
Q9H8N7	[118, 140]	23
C9J2P7	[34, 61]	28
P17036	[191, 242]	52
Q6DN72	[418, 433]	16
Q86SQ6	[312, 425]	114
Q86SQ6	[460, 480]	21
Q8NE31	[9, 45]	37
Q8NEA6	[335, 387]	53
Q8NEA6	[403, 458]	56
Q92966	[0, 36]	37
Q9NWH7	[268, 338]	71
Q9NWH7	[360, 385]	26
Q9NWH7	[406, 440]	35
Q9ULX5	[1, 30]	30
Q9ULX5	[42, 137]	96
Q9Y2Y9	[158, 213]	56
P17029	[368, 419]	52
P22674	[40, 67]	28
P42081	[311, 328]	18
Q86VX9	[30, 53]	24
Q8N2H3	[393, 412]	20
Q96PM5	[92, 114]	23
Q96PM5	[126, 155]	30
Q96SQ5	[53, 106]	54
Q96SQ5	[259, 508]	250
Q9BRR9	[181, 221]	41
Q9NSN8	[148, 191]	44
Q9ULG6	[601, 632]	32
A6NLI5	[31, 64]	34
O43900	[16, 97]	82
O43900	[240, 375]	136
Q15942	[373, 518]	146
Q16629	[96, 124]	29
Q8IYL2	[719, 745]	27
Q8NA31	[474, 530]	57
Q96KR4	[128, 186]	59
Q96KR4	[590, 611]	22
Q96PT4	[3, 23]	21
Q9NYY3	[7, 27]	21
Q9UL58	[370, 449]	80
Q9UL62	[907, 963]	57
P0DM63	[343, 364]	22
Q6PI78	[21, 42]	22
Q8IYX0	[117, 310]	194
Q8NA42	[161, 474]	314
Q8NFT6	[353, 377]	25
Q8NFT6	[413, 455]	43
Q96BT7	[332, 358]	27
Q9H8U3	[7, 44]	38
Q9H8U3	[88, 127]	40
Q9H8U3	[146, 226]	81
Q9UHF1	[21, 185]	165
A6NMN3	[80, 111]	32
A6NMN3	[256, 276]	21
O00110	[22, 42]	21
O00110	[61, 189]	129
P0DJD3	[431, 480]	50
Q3SXY7	[23, 43]	21
Q3SXY7	[544, 569]	26
Q6PJI9	[880, 919]	40
Q6ZMY6	[0, 33]	34
Q8IV45	[344, 366]	23
Q8IYW4	[190, 219]	30
Q92698	[675, 708]	34
Q9NPF0	[30, 176]	147
A7XYQ1	[765, 789]	25
A7XYQ1	[815, 852]	38
P10073	[259, 310]	52
P13945	[358, 381]	24
P31275	[72, 104]	33
Q12901	[167, 248]	82
Q12901	[307, 442]	136
Q13064	[261, 298]	38
Q15365	[185, 210]	26
Q4G112	[302, 341]	40
Q6N063	[314, 330]	17
Q8IZ41	[407, 435]	29
Q8IZP6	[230, 260]	31
Q9GZU3	[2, 27]	26
Q9H0F6	[343, 386]	44
Q9H706	[349, 371]	23
Q9UNX9	[387, 405]	19
A2VCK2	[92, 121]	30
P13682	[171, 236]	66
P13682	[457, 517]	61
P25490	[287, 339]	53
P60409	[0, 369]	370
P62684	[537, 604]	68
Q5VTR2	[894, 931]	38
Q86WZ6	[241, 394]	154
Q8N0Y2	[170, 193]	24
Q8N0Y2	[241, 292]	52
Q8N143	[292, 398]	107
Q8N2R0	[191, 272]	82
Q92764	[392, 454]	63
Q9BXR6	[189, 220]	32
Q9BXR6	[372, 402]	31
Q9NRM6	[485, 501]	17
Q9UK13	[143, 585]	443
O95780	[108, 133]	26
O95780	[220, 383]	164
P08048	[443, 498]	56
P08048	[706, 757]	52
P0C6A0	[9, 69]	61
P0C6A0	[197, 272]	76
P78368	[388, 410]	23
Q58WW2	[121, 145]	25
Q58WW2	[178, 193]	16
Q7Z713	[19, 37]	19
Q7Z713	[118, 145]	28
Q8IZN3	[346, 366]	21
Q8N8Y5	[78, 129]	52
Q92804	[354, 379]	26
Q969S2	[307, 331]	25
Q9NYJ8	[659, 692]	34
A6NDX5	[101, 124]	24
A6NDX5	[268, 291]	24
A6NDX5	[324, 377]	54
A6NDX5	[540, 591]	52
P61968	[140, 164]	25
P98153	[284, 338]	55
Q13886	[134, 189]	56
Q15415	[433, 459]	27
Q5SRH9	[151, 173]	23
Q5UAW9	[290, 307]	18
Q86YJ5	[29, 55]	27
Q99684	[132, 164]	33
Q99684	[275, 326]	52
Q9HCI7	[133, 163]	31
Q9HCI7	[210, 256]	47
Q9UKJ8	[378, 579]	202
Q9UKJ8	[635, 671]	37
O15218	[342, 364]	23
O15391	[245, 297]	53
P19544	[314, 369]	56
P35523	[808, 828]	21
Q13643	[0, 233]	234
Q86VP1	[602, 625]	24
Q8N3J9	[22, 39]	18
Q8N3J9	[106, 255]	150
Q9BYN7	[464, 479]	16
Q9BYN7	[530, 599]	70
Q9BYN7	[613, 669]	57
Q9NZF1	[1, 38]	38
O15060	[334, 386]	53
O15060	[552, 571]	20
O15060	[596, 649]	54
O95391	[112, 132]	21
P01877	[66, 119]	54
P28358	[77, 122]	46
P49747	[58, 361]	304
Q14D33	[488, 536]	49
Q5GH76	[13, 83]	71
Q68DV7	[249, 276]	28
Q68DV7	[471, 518]	48
Q68DV7	[690, 737]	48
Q68DV7	[748, 782]	35
Q6ZU52	[445, 484]	40
Q7L622	[0, 33]	34
Q8N3T1	[459, 476]	18
Q92956	[33, 192]	160
Q99676	[211, 460]	250
Q9BRP7	[325, 342]	18
Q9BTL4	[177, 213]	37
Q9UID6	[103, 119]	17
Q9UID6	[225, 240]	16
Q9UID6	[315, 339]	25
Q9UPR6	[374, 423]	50
A6NK53	[190, 252]	63
A6NK53	[291, 416]	126
A6NK53	[438, 578]	141
O76081	[198, 229]	32
O95630	[386, 408]	23
P01876	[66, 132]	67
P03973	[24, 131]	108
P35348	[408, 444]	37
P52740	[105, 156]	52
P52740	[219, 250]	32
P52740	[338, 389]	52
P52740	[617, 705]	89
Q14995	[290, 393]	104
Q5VUE5	[31, 58]	28
Q6ZR52	[41, 82]	42
Q6ZR52	[103, 145]	43
Q6ZR52	[184, 237]	54
Q6ZR52	[548, 599]	52
Q8IZ20	[0, 21]	22
Q8IZ20	[32, 94]	63
Q8IZ20	[162, 180]	19
Q8IZ20	[417, 440]	24
Q96NJ6	[132, 183]	52
Q9P021	[0, 15]	16
Q9Y5I0	[722, 746]	25
A6NEL2	[177, 209]	33
P00751	[87, 112]	26
P00751	[130, 227]	98
P14780	[242, 314]	73
P14780	[356, 385]	30
P52742	[197, 256]	60
Q13574	[119, 138]	20
Q6ZSB9	[119, 169]	51
Q6ZSB9	[353, 409]	57
Q8N328	[553, 592]	40
Q8TF61	[715, 735]	21
Q92802	[222, 260]	39
Q92802	[311, 386]	76
Q96FV2	[0, 17]	18
Q96I27	[54, 72]	19
Q96I27	[139, 302]	164
Q9BZE9	[118, 147]	30
A2RRD8	[152, 483]	332
O14978	[369, 420]	52
O60765	[205, 256]	52
P17023	[145, 164]	20
P17023	[180, 234]	55
P30518	[338, 367]	30
P48200	[157, 187]	31
P54107	[167, 212]	46
Q05586	[434, 452]	19
Q5MJ70	[0, 17]	18
Q5T089	[346, 371]	26
Q68CR7	[686, 706]	21
Q6ZN08	[95, 216]	122
Q8IYX8	[284, 329]	46
Q8NDX6	[120, 191]	72
Q8WVV4	[13, 41]	29
Q8WVV4	[173, 197]	25
Q96SZ4	[126, 151]	26
Q96SZ4	[395, 447]	53
Q96SZ4	[513, 564]	52
Q9NWW7	[216, 243]	28
Q9NWW7	[279, 304]	26
Q9ULW2	[181, 206]	26
Q9Y6M4	[421, 442]	22
C9JVW0	[0, 15]	16
O95863	[168, 222]	55
P0CG23	[476, 527]	52
P17039	[79, 165]	87
P17039	[195, 246]	52
P17039	[279, 330]	52
P21854	[215, 237]	23
P51508	[235, 260]	26
P51508	[349, 400]	52
P63133	[925, 955]	31
Q3MJ16	[732, 749]	18
Q6ZMW2	[127, 164]	38
Q6ZMW2	[360, 436]	77
Q8TD23	[101, 144]	44
Q8TD23	[163, 301]	139
Q96AQ9	[0, 26]	27
Q9NQX1	[152, 334]	183
Q9NQX1	[423, 476]	54
A0JP26	[0, 51]	52
O43909	[166, 185]	20
P07202	[133, 155]	23
P07202	[710, 846]	137
P10646	[81, 130]	50
P29320	[219, 331]	113
P41587	[23, 47]	25
Q6DHY5	[523, 545]	23
Q7L3V2	[40, 81]	42
Q8ND94	[37, 82]	46
Q8TE49	[867, 919]	53
Q96T92	[254, 311]	58
Q96T92	[461, 484]	24
Q96T92	[516, 565]	50
P25800	[12, 28]	17
Q4V348	[14, 64]	51
Q4V348	[166, 404]	239
Q4VC44	[680, 704]	25
Q6QN14	[34, 61]	28
Q6ZNA1	[209, 260]	52
Q86T29	[133, 157]	25
Q86T29	[187, 267]	81
Q86VW2	[0, 35]	36
Q93075	[8, 37]	30
Q96HE9	[129, 170]	42
Q9UBU2	[67, 249]	183
O95361	[66, 163]	98
O95460	[211, 389]	179
O95786	[208, 236]	29
P13385	[69, 129]	61
P13385	[144, 166]	23
P32320	[0, 21]	22
Q68DY1	[96, 271]	176
Q6NXE6	[0, 20]	21
Q6NXE6	[462, 480]	19
Q7Z7L9	[213, 264]	52
Q86UD4	[6, 49]	44
Q86UD4	[194, 245]	52
Q8WV37	[222, 301]	80
Q8WV37	[362, 413]	52
Q8WV37	[446, 497]	52
Q96ME7	[242, 258]	17
Q9H156	[333, 358]	26
Q9UJH8	[160, 178]	19
Q9UNY5	[294, 345]	52
A6NGD5	[0, 19]	20
A6NGD5	[347, 398]	52
P17098	[248, 412]	165
P60411	[0, 291]	292
Q02447	[589, 637]	49
Q6GMV2	[342, 390]	49
Q86UX6	[465, 485]	21
Q8NCP5	[393, 441]	49
Q8NCP5	[478, 493]	16
Q9NV72	[300, 462]	163
Q9NVP4	[182, 340]	159
Q9NXR8	[352, 415]	64
Q9UBG7	[49, 74]	26
Q9UK23	[295, 438]	144
A0AAG2TUQ4	[0, 19]	20
O43313	[121, 206]	86
P0C7P1	[431, 480]	50
P51523	[199, 249]	51
Q13422	[60, 87]	28
Q13422	[108, 232]	125
Q13422	[481, 504]	24
Q14525	[2, 57]	56
Q14525	[352, 403]	52
Q5JT82	[274, 324]	51
Q6ZNG1	[153, 344]	192
Q8N393	[185, 205]	21
Q8N393	[287, 325]	39
Q8N393	[358, 581]	224
Q92667	[476, 529]	54
Q9BZE0	[192, 212]	21
Q9BZE0	[226, 279]	54
Q9NSI5	[229, 248]	20
Q9NSI5	[270, 380]	111
Q9NZ20	[427, 449]	23
Q9UIE0	[159, 260]	102
Q9UIE0	[271, 341]	71
Q9UIE0	[355, 458]	104
A8MX34	[0, 340]	341
O14492	[307, 342]	36
O60687	[63, 86]	24
P52737	[215, 322]	108
Q52M93	[177, 228]	52
Q52M93	[429, 482]	54
Q6NUJ5	[395, 427]	33
Q7L5Y9	[298, 349]	52
Q8IX06	[400, 425]	26
Q8IX06	[446, 476]	31
Q8IXW0	[573, 633]	61
Q8IZQ8	[568, 642]	75
Q8N680	[354, 477]	124
Q8N865	[348, 368]	21
Q96AY2	[155, 185]	31
Q96MR9	[204, 247]	44
Q96MR9	[339, 390]	52
Q96MR9	[510, 635]	126
Q96MR9	[647, 782]	136
Q96ST8	[761, 782]	22
Q9BS34	[92, 111]	20
Q9BS34	[123, 155]	33
Q9BS34	[188, 241]	54
Q9HBX8	[17, 52]	36
Q9UDV7	[485, 616]	132
Q9Y3Q7	[378, 662]	285
O43790	[0, 33]	34
O43790	[407, 485]	79
P56270	[270, 321]	52
Q2WGN9	[162, 182]	21
Q2WGN9	[197, 217]	21
Q6BEB4	[260, 312]	53
Q969S8	[379, 412]	34
Q96IL0	[25, 71]	47
Q96SF7	[375, 401]	27
Q9GZP1	[0, 17]	18
Q9UC07	[0, 18]	19
Q9UC07	[153, 206]	54
Q9UC07	[234, 462]	229
A6NHN0	[91, 111]	21
A8MWA4	[107, 242]	136
O95967	[25, 345]	321
O95970	[36, 60]	25
Q2M1V0	[0, 29]	30
Q5HYA8	[49, 166]	118
Q8N9H8	[772, 798]	27
Q8TA86	[97, 118]	22
Q8WXH5	[176, 214]	39
Q8WXI3	[231, 269]	39
Q99075	[119, 151]	33
Q99814	[195, 213]	19
Q9BRG2	[269, 297]	29
Q9NUC0	[163, 190]	28
Q9NUC0	[338, 355]	18
A8MTY0	[273, 352]	80
E9PIF3	[343, 364]	22
P14652	[234, 255]	22
P53667	[7, 29]	23
Q02930	[7, 32]	26
Q05215	[113, 134]	22
Q05215	[162, 179]	18
Q05215	[458, 527]	70
Q15776	[313, 364]	52
Q4FZB7	[313, 333]	21
Q6IQ21	[137, 174]	38
Q6IQ21	[207, 230]	24
Q6IQ21	[300, 323]	24
Q6IQ21	[452, 517]	66
Q6IQ21	[585, 628]	44
Q8N6F7	[23, 40]	18
Q8WYH8	[178, 239]	62
Q92974	[51, 95]	45
Q96CS4	[140, 331]	192
Q9BXB1	[886, 908]	23
Q9NR81	[484, 525]	42
P36888	[463, 483]	21
Q14973	[333, 348]	16
Q2T9J0	[6, 40]	35
Q4VXU2	[490, 522]	33
Q5JNZ3	[226, 291]	66
Q6UXD5	[693, 714]	22
Q8NDP4	[110, 159]	50
Q8NDP4	[175, 200]	26
Q8NDP4	[224, 398]	175
Q8WTP8	[1, 23]	23
Q8WTP8	[72, 119]	48
Q9BRH9	[228, 281]	54
Q9BRH9	[585, 633]	49
Q9P2F9	[36, 146]	111
Q9P2F9	[191, 275]	85
Q9P2F9	[562, 581]	20
Q9UBP4	[136, 279]	144
Q9UMF0	[414, 452]	39
Q9UMF0	[495, 530]	36
Q9UMF0	[585, 617]	33
Q9UMF0	[662, 711]	50
O00154	[14, 63]	50
O94933	[362, 388]	27
P16415	[31, 145]	115
P16415	[211, 513]	303
P21580	[467, 636]	170
P21580	[705, 789]	85
Q14012	[338, 364]	27
Q2KHT4	[269, 293]	25
Q5T7W7	[424, 501]	78
Q8WUB8	[369, 497]	129
Q96J02	[142, 190]	49
Q96L34	[675, 702]	28
Q9H336	[211, 250]	40
Q9NST1	[407, 445]	39
Q9UHL9	[0, 22]	23
Q9UHL9	[293, 314]	22
Q9Y2A4	[54, 145]	92
Q9Y2A4	[216, 267]	52
Q9Y2A4	[579, 664]	86
Q9Y2P0	[101, 236]	136
A6NNL0	[1, 68]	68
A8MPS7	[283, 319]	37
B9A6J9	[523, 545]	23
O95718	[1, 21]	21
O95718	[59, 93]	35
P49019	[360, 386]	27
Q05209	[722, 745]	24
Q15697	[317, 371]	55
Q49AA0	[290, 371]	82
Q63HK3	[754, 929]	176
Q63HK3	[939, 960]	22
Q6KB66	[8, 43]	36
Q9NUK0	[18, 76]	59
Q9NUK0	[173, 238]	66
O43296	[44, 75]	32
O43296	[147, 245]	99
O43296	[362, 378]	17
O43296	[437, 497]	61
P36508	[156, 211]	56
P63132	[928, 958]	31
Q14392	[416, 438]	23
Q86XJ1	[196, 225]	30
Q8NFG4	[0, 30]	31
Q8NFG4	[71, 94]	24
Q8TF47	[245, 324]	80
Q8TF47	[441, 511]	71
Q8WWF5	[394, 416]	23
Q9NYD6	[30, 56]	27
Q9NYD6	[88, 121]	34
Q9NYT6	[186, 208]	23
Q9NYT6	[243, 321]	79
Q9UKS7	[103, 227]	125
Q9UKS7	[489, 513]	25
O15354	[560, 591]	32
P55259	[37, 94]	58
P55259	[171, 234]	64
Q6NUM6	[199, 219]	21
Q6PJW8	[66, 101]	36
Q8N184	[244, 324]	81
Q8NHG8	[150, 217]	68
Q9ULT6	[268, 289]	22
Q9ULT6	[316, 357]	42
Q9ULT6	[520, 632]	113
Q9ULT6	[699, 723]	25
Q9ULT6	[768, 855]	88
Q9ULT6	[870, 901]	32
O43829	[268, 319]	52
O76011	[0, 57]	58
O76011	[351, 393]	43
O95377	[217, 239]	23
P00749	[18, 39]	22
P00749	[144, 172]	29
P01859	[72, 118]	47
P0CB33	[107, 255]	149
P16109	[120, 349]	230
P16109	[430, 464]	35
P16109	[492, 667]	176
P50461	[0, 171]	172
Q02223	[123, 145]	23
Q7Z419	[5, 49]	45
Q7Z419	[61, 91]	31
Q7Z419	[231, 249]	19
Q7Z419	[286, 302]	17
Q8N4T4	[0, 19]	20
Q8NBP0	[62, 111]	50
Q8NDY6	[190, 224]	35
Q8TAX0	[194, 250]	57
Q96IR2	[234, 369]	136
Q96IR2	[626, 705]	80
Q9BRN9	[57, 90]	34
Q9BRN9	[130, 164]	35
Q9UKP6	[343, 371]	29
Q9UKZ9	[290, 310]	21
P51172	[25, 99]	75
P51172	[155, 182]	28
Q14153	[293, 329]	37
Q14153	[358, 417]	60
Q5EBN2	[175, 197]	23
Q6ZVW7	[453, 472]	20
Q8N3F8	[106, 134]	29
Q8N972	[93, 154]	62
Q8TD17	[334, 415]	82
Q8TF39	[381, 540]	160
Q96AP4	[0, 16]	17
Q96AP4	[72, 104]	33
Q96AP4	[145, 211]	67
Q96IZ6	[122, 152]	31
Q9BXJ4	[19, 52]	34
P51786	[153, 400]	248
P60880	[77, 99]	23
Q13639	[349, 381]	33
Q5K4E3	[478, 504]	27
Q6ZN18	[252, 280]	29
Q6ZN18	[319, 344]	26
Q8IVP9	[45, 101]	57
Q8IVP9	[147, 244]	98
Q8IVP9	[259, 310]	52
Q8IVP9	[343, 392]	50
Q8N4L4	[6, 24]	19
Q9BQ16	[79, 163]	85
Q9H0B8	[205, 243]	39
Q9H4E5	[0, 26]	27
Q9H4E5	[197, 213]	17
Q9NXT0	[53, 111]	59
Q9NXT0	[141, 192]	52
Q9Y253	[549, 587]	39
A6NP11	[107, 280]	174
P35354	[17, 37]	21
Q04741	[0, 15]	16
Q12829	[259, 277]	19
Q14533	[0, 33]	34
Q14533	[407, 504]	98
Q8IVW8	[0, 15]	16
Q8IVW8	[28, 49]	22
Q8IWY4	[18, 506]	489
Q8IWY4	[554, 578]	25
Q8IWY4	[606, 807]	202
Q8N4L8	[241, 269]	29
Q96GY0	[289, 314]	26
Q96M89	[136, 169]	34
Q9HDB9	[534, 604]	71
O14960	[23, 59]	37
O15270	[0, 27]	28
P58549	[52, 75]	24
P98182	[246, 294]	49
Q86U44	[265, 305]	41
Q92886	[0, 17]	18
Q96QS1	[230, 270]	41
Q96QS1	[289, 319]	31
Q9BUG6	[347, 454]	108
Q9NTX7	[0, 44]	45
Q9P0K1	[432, 596]	165
Q9P0K1	[624, 668]	45
B3KNS4	[0, 21]	22
D6R901	[34, 61]	28
O00144	[185, 210]	26
O00144	[552, 576]	25
O95202	[1, 74]	74
O95985	[684, 783]	100
P0DPA2	[313, 341]	29
P0DPA2	[354, 413]	60
P51685	[325, 345]	21
Q03405	[87, 310]	224
Q499Z3	[391, 406]	16
Q86UC2	[26, 96]	71
Q86V35	[163, 181]	19
Q8IW36	[140, 327]	188
Q8IW36	[455, 514]	60
Q9BSG1	[164, 215]	52
Q9H3Y0	[217, 240]	24
Q9HAZ1	[38, 63]	26
A0AAG2SVG9	[0, 49]	50
P31391	[356, 375]	20
P52747	[228, 283]	56
P61225	[166, 182]	17
Q1MX18	[19, 39]	21
Q92782	[80, 150]	71
Q92782	[186, 209]	24
Q92782	[260, 372]	113
Q9UKQ2	[397, 657]	261
A0A140TA62	[42, 99]	58
A0A140TA62	[393, 435]	43
P17735	[435, 453]	19
P49711	[257, 336]	80
P49711	[486, 579]	94
Q07011	[16, 174]	159
Q07011	[230, 254]	25
Q08629	[75, 205]	131
Q08629	[301, 322]	22
Q2VPK5	[492, 512]	21
Q49AM3	[10, 38]	29
Q8TDD2	[259, 310]	52
Q96RE9	[258, 311]	54
Q96SD1	[425, 453]	29
Q9UEG4	[141, 223]	83
Q9UEG4	[560, 583]	24
Q9UEG4	[759, 782]	24
Q9UEG4	[833, 868]	36
Q9Y2K1	[113, 133]	21
Q9Y2K1	[415, 479]	65
Q9Y2K1	[521, 587]	67
Q9Y2K1	[597, 648]	52
A1YPR0	[355, 406]	52
P51504	[12, 91]	80
P51504	[178, 197]	20
P51504	[236, 256]	21
P53801	[33, 59]	27
P53801	[115, 130]	16
Q13651	[441, 475]	35
Q16665	[197, 233]	37
Q63ZY6	[264, 284]	21
Q8NCK3	[149, 200]	52
Q96AG4	[125, 149]	25
Q96H86	[152, 217]	66
Q96MC5	[184, 203]	20
Q9BWM5	[193, 396]	204
O14490	[5, 29]	25
O14490	[248, 268]	21
O60671	[265, 281]	17
O76009	[0, 57]	58
O76009	[352, 403]	52
P10826	[0, 17]	18
P10826	[39, 62]	24
P22792	[470, 494]	25
P26842	[17, 151]	135
P26842	[221, 245]	25
P43489	[0, 170]	171
Q13106	[124, 175]	52
Q15375	[223, 337]	115
Q53EL9	[759, 780]	22
Q6UXV0	[17, 66]	50
Q8IXT2	[1, 21]	21
Q8WWZ3	[46, 73]	28
Q8WWZ3	[85, 114]	30
Q9P2V4	[23, 38]	16
Q9UK53	[345, 408]	64
Q9UPG8	[29, 84]	56
Q9UPG8	[182, 205]	24
Q9Y228	[24, 51]	28
P00740	[53, 187]	135
P16473	[18, 40]	23
P49798	[23, 51]	29
P49798	[179, 204]	26
Q15935	[97, 201]	105
Q52LR7	[394, 455]	62
Q96A83	[113, 142]	30
Q96NA8	[18, 65]	48
Q9C0F3	[129, 180]	52
Q9GZW5	[168, 189]	22
Q9NZU5	[17, 67]	51
Q9NZU5	[232, 255]	24
Q9NZU5	[296, 316]	21
Q9UGM5	[142, 163]	22
O14921	[3, 18]	16
O43353	[369, 423]	55
P07358	[492, 590]	99
P49767	[198, 418]	221
P51522	[420, 473]	54
P56915	[93, 122]	30
P58166	[229, 252]	24
Q16478	[922, 945]	24
Q2VY69	[166, 497]	332
Q6S545	[17, 126]	110
Q6UWL2	[24, 190]	167
Q6ZN79	[107, 134]	28
Q6ZN79	[162, 267]	106
Q96LK8	[0, 20]	21
Q9H116	[308, 391]	84
F8WFD2	[323, 345]	23
O00237	[560, 597]	38
O00237	[658, 684]	27
Q14134	[162, 196]	35
Q2M3R5	[34, 64]	31
Q5SXH7	[416, 437]	22
Q8NCA9	[92, 143]	52
Q8NCA9	[187, 238]	52
Q8TED9	[349, 378]	30
Q96G46	[113, 186]	74
Q96G46	[279, 297]	19
Q96PC2	[167, 193]	27
Q99835	[53, 80]	28
Q9H898	[44, 86]	43
E9PKD4	[325, 345]	21
Q05996	[622, 643]	22
Q14990	[125, 249]	125
Q1ZYL8	[213, 231]	19
Q4G1C9	[199, 224]	26
Q56NI9	[17, 58]	42
Q7Z4H8	[485, 506]	22
Q8N4Y2	[344, 392]	49
Q8N7K0	[133, 186]	54
Q8N7K0	[217, 410]	194
Q8N9Z0	[223, 274]	52
Q8TBZ5	[50, 85]	36
Q8TBZ5	[134, 197]	64
Q96MI6	[80, 98]	19
Q96MI6	[157, 177]	21
Q96S65	[17, 42]	26
Q99650	[847, 864]	18
Q9BSK1	[107, 201]	95
Q9NRG4	[254, 276]	23
Q9NY57	[334, 355]	22
Q9NY57	[388, 413]	26
Q9Y620	[218, 260]	43
Q9Y620	[598, 615]	18
Q9Y620	[822, 838]	17
A0AAG2TWJ7	[0, 19]	20
O76014	[0, 101]	102
O76014	[402, 441]	40
P60331	[0, 281]	282
Q3KNS6	[203, 366]	164
Q5H9K5	[0, 28]	29
Q5T6C5	[61, 108]	48
Q5T6C5	[402, 420]	19
Q5T6C5	[509, 534]	26
Q5T6C5	[574, 607]	34
Q5T6C5	[651, 721]	71
Q68BL7	[36, 107]	72
Q8NCE0	[181, 232]	52
Q8TB69	[95, 110]	16
Q8TB69	[228, 252]	25
Q8TB69	[283, 336]	54
Q96GF1	[28, 48]	21
Q9BYV9	[138, 158]	21
Q9BYV9	[489, 559]	71
Q9BYV9	[652, 799]	148
Q9BYV9	[812, 839]	28
Q9H4T2	[227, 278]	52
A6NHQ4	[0, 55]	56
P03952	[364, 392]	29
P54762	[242, 328]	87
Q06889	[296, 347]	52
Q3ZCT1	[16, 122]	107
Q5HY98	[206, 257]	52
Q6WBX8	[399, 414]	16
Q6ZNG0	[201, 228]	28
Q6ZNG0	[243, 294]	52
Q6ZNG0	[317, 378]	62
Q8N7R1	[108, 128]	21
Q9BT49	[112, 132]	21
Q9NW07	[142, 193]	52
Q9Y5W5	[166, 377]	212
O15393	[55, 83]	29
O15393	[111, 149]	39
O43918	[385, 484]	100
O75712	[218, 269]	52
P08476	[303, 318]	16
P32926	[565, 604]	40
P32926	[794, 836]	43
P32926	[979, 998]	20
P49619	[302, 361]	60
Q00987	[351, 383]	33
Q08ER8	[153, 241]	89
Q08ER8	[330, 383]	54
Q499Z4	[0, 325]	326
Q5TEC3	[252, 298]	47
Q5TEC3	[343, 423]	81
Q6PF04	[195, 246]	52
Q96CX3	[13, 270]	258
Q96PR1	[67, 94]	28
Q96PR1	[498, 534]	37
Q96PR1	[564, 594]	31
Q9BRB3	[632, 677]	46
Q9BUK6	[392, 452]	61
Q9BUK6	[472, 494]	23
Q9NR12	[271, 289]	19
Q9NWN3	[163, 196]	34
Q9NWN3	[621, 642]	22
Q9NWS9	[323, 346]	24
Q9NWS9	[386, 437]	52
Q9NYW8	[154, 187]	34
Q9NYW8	[252, 436]	185
Q9NYW8	[448, 499]	52
Q9NYW8	[614, 665]	52
Q9UJW8	[344, 395]	52
P17035	[170, 191]	22
P17035	[206, 313]	108
P17035	[337, 419]	83
P84550	[939, 964]	26
Q5SXM1	[72, 96]	25
Q5SXM1	[116, 189]	74
Q5SXM1	[200, 447]	248
Q8IVC4	[135, 159]	25
Q8IVC4	[205, 256]	52
Q8IVC4	[317, 369]	53
Q8IXM7	[70, 96]	27
Q8WW33	[6, 109]	104
Q96AW1	[140, 167]	28
Q96N22	[95, 139]	45
Q96N22	[217, 242]	26
Q96N22	[329, 380]	52
A0A0J9YY54	[672, 713]	42
B7ZLF3	[28, 82]	55
O95980	[28, 58]	31
O95980	[109, 310]	202
O95980	[543, 772]	230
P01854	[433, 486]	54
P0CG36	[79, 131]	53
P0CG36	[188, 222]	35
P0DPD5	[108, 145]	38
P0DPD5	[164, 383]	220
P14151	[117, 269]	153
P22749	[32, 54]	23
P60368	[0, 254]	255
Q6DJT9	[25, 78]	54
Q6DJT9	[176, 227]	52
Q8N3A8	[311, 341]	31
Q8N3A8	[356, 404]	49
Q8N9L1	[162, 180]	19
Q8N9L1	[195, 250]	56
Q8TBB1	[3, 31]	29
Q8TBB1	[74, 89]	16
Q8TBB1	[102, 161]	60
Q96CC6	[490, 527]	38
Q96CC6	[537, 609]	73
C9JLJ4	[34, 61]	28
P48745	[26, 350]	325
P52738	[152, 203]	52
Q13705	[17, 60]	44
Q5HYM0	[356, 382]	27
Q7RTU7	[126, 148]	23
Q7RTU7	[171, 191]	21
Q9C073	[59, 87]	29
Q9H1K6	[320, 346]	27
Q9H3Z4	[125, 147]	23
A8MXY4	[241, 299]	59
A8MXY4	[388, 439]	52
O43692	[227, 242]	16
P22413	[92, 212]	121
P22413	[603, 632]	30
Q5T5D7	[178, 229]	52
Q6MZP7	[514, 638]	125
Q6MZP7	[694, 709]	16
Q6MZP7	[731, 748]	18
Q8NGA4	[0, 33]	34
Q96FC9	[843, 902]	60
Q96FC9	[923, 961]	39
Q96MD7	[123, 145]	23
Q9BUY5	[135, 187]	53
Q9BUY5	[299, 350]	52
Q9H4Q3	[592, 644]	53
Q9H5U6	[87, 105]	19
Q9H5U6	[380, 470]	91
E7ERA6	[40, 168]	129
E7ERA6	[219, 236]	18
O94907	[74, 265]	192
P0DJD4	[431, 480]	50
P10828	[9, 45]	37
P13284	[217, 249]	33
P22001	[72, 110]	39
P22001	[545, 571]	27
P43250	[550, 574]	25
Q6ZMM2	[352, 372]	21
Q6ZP65	[11, 31]	21
Q8IW70	[536, 565]	30
Q8TD20	[590, 614]	25
Q92670	[311, 327]	17
Q96MY7	[114, 137]	24
Q9BSK4	[261, 298]	38
Q9NQ86	[104, 127]	24
Q9UBR4	[9, 30]	22
A4QPH2	[281, 306]	26
O43364	[286, 314]	29
O75074	[155, 259]	105
O75074	[357, 494]	138
P14138	[148, 182]	35
P14138	[217, 237]	21
Q12849	[12, 27]	16
Q16600	[127, 279]	153
Q2TAK8	[149, 175]	27
Q6PGQ7	[476, 558]	83
Q6U7Q0	[0, 24]	25
Q6U7Q0	[52, 103]	52
Q6U7Q0	[134, 256]	123
Q8IUD6	[90, 112]	23
Q8IUQ4	[0, 37]	38
Q9BXJ1	[62, 85]	24
Q9HCC9	[468, 490]	23
Q9HCC9	[548, 594]	47
Q9HCC9	[776, 799]	24
Q9NQE9	[5, 74]	70
O00220	[121, 232]	112
O00220	[262, 288]	27
P01112	[170, 188]	19
P05107	[378, 409]	32
P05107	[438, 675]	238
P23769	[278, 382]	105
P23769	[402, 429]	28
Q14526	[207, 249]	43
Q14526	[415, 451]	37
Q14526	[498, 549]	52
Q15493	[3, 22]	20
Q2I0M4	[35, 53]	19
Q68DU8	[278, 339]	62
Q6P9A1	[230, 281]	52
Q6UXH8	[36, 211]	176
Q7LFX5	[6, 45]	40
Q8IVU1	[743, 761]	19
Q8IWR0	[579, 601]	23
Q8IWR0	[714, 737]	24
Q8IWR0	[764, 794]	31
Q8IWR0	[854, 875]	22
Q96G27	[17, 44]	28
Q96G27	[146, 173]	28
Q96G27	[194, 228]	35
Q96RP8	[0, 16]	17
Q9HB15	[11, 33]	23
Q9NQ03	[146, 200]	55
Q9P0L1	[374, 425]	52
C9JSJ3	[253, 280]	28
O43184	[356, 624]	269
O43184	[743, 773]	31
O75330	[705, 723]	19
P01861	[95, 115]	21
P05981	[1, 16]	16
P15622	[99, 131]	33
P15622	[190, 241]	52
P15622	[498, 556]	59
P62508	[0, 44]	45
P62508	[93, 126]	34
Q01101	[258, 315]	58
Q01101	[429, 455]	27
Q3SY52	[91, 112]	22
Q3SY52	[189, 253]	65
Q5VIY5	[170, 191]	22
Q5VIY5	[228, 426]	199
Q7Z3E5	[751, 771]	21
Q8N8K9	[39, 82]	44
Q8N8K9	[102, 134]	33
Q8WTR8	[15, 62]	48
Q8WTR8	[146, 373]	228
Q96K75	[193, 274]	82
Q96RL1	[494, 533]	40
Q96RL1	[552, 610]	59
Q9H1H1	[0, 72]	73
Q9H1H1	[86, 109]	24
Q9H7E9	[10, 53]	44
Q9UK10	[167, 246]	80
Q9Y330	[378, 429]	52
P06681	[47, 98]	52
P35858	[560, 592]	33
Q5D1E8	[295, 337]	43
Q5TD97	[86, 111]	26
Q8IYR2	[586, 649]	64
Q8N720	[203, 254]	52
Q8N720	[371, 447]	77
Q99612	[191, 246]	56
O75751	[533, 552]	20
P08709	[101, 204]	104
P23921	[773, 791]	19
P52736	[55, 87]	33
P52736	[99, 119]	21
P52736	[205, 256]	52
Q08AG5	[92, 117]	26
Q08AG5	[132, 184]	53
Q08AG5	[204, 286]	83
Q08AG5	[300, 351]	52
Q14508	[27, 123]	97
Q5T601	[121, 141]	21
Q70EK9	[223, 243]	21
Q7RTY8	[481, 605]	125
Q8WY91	[341, 369]	29
Q96K78	[41, 68]	28
Q9H8X9	[343, 376]	34
Q9Y2G7	[108, 133]	26
Q9Y2G7	[149, 340]	192
Q9Y2K6	[0, 46]	47
A8MUX0	[0, 516]	517
O75509	[3, 21]	19
O75509	[56, 220]	165
P08138	[28, 197]	170
Q13835	[124, 251]	128
Q13835	[460, 485]	26
Q13835	[502, 537]	36
Q8N1W2	[286, 303]	18
Q8N1W2	[314, 365]	52
Q8N1W2	[381, 452]	72
Q96GE5	[216, 407]	192
Q96GE5	[467, 518]	52
Q96GE5	[551, 637]	87
Q99435	[218, 236]	19
Q99435	[257, 815]	559
Q9BY31	[246, 314]	69
Q9BY31	[330, 493]	164
Q9BY31	[729, 830]	102
Q9H172	[334, 362]	29
Q9UIC8	[2, 33]	32
Q9UM44	[371, 406]	36
Q9Y2Y4	[362, 415]	54
Q9Y2Y4	[469, 486]	18
O14773	[517, 535]	19
O43482	[1, 27]	27
P30530	[844, 875]	32
P78385	[2, 38]	37
P78385	[412, 492]	81
Q12933	[94, 232]	139
Q15973	[75, 332]	258
Q8N5C8	[678, 711]	34
Q96AP0	[176, 245]	70
Q96AP0	[411, 431]	21
Q9H3R2	[166, 192]	27
Q9H3R2	[327, 410]	84
A0AAG2TVJ1	[328, 355]	28
O43257	[94, 153]	60
O75373	[106, 132]	27
O75373	[164, 215]	52
O75373	[248, 299]	52
O75373	[360, 411]	52
P01860	[72, 168]	97
P17019	[105, 140]	36
P17019	[158, 239]	82
P17019	[439, 490]	52
Q13263	[54, 193]	140
Q13263	[703, 726]	24
Q5MCW4	[149, 174]	26
Q5MCW4	[205, 256]	52
Q5MCW4	[373, 424]	52
Q8N5P1	[186, 273]	88
Q8N859	[277, 328]	52
Q9UJ78	[323, 420]	98
Q9Y278	[43, 75]	33
O15535	[166, 192]	27
O15535	[245, 296]	52
P0CJ79	[214, 312]	99
P42701	[24, 39]	16
P42701	[185, 205]	21
Q7L3S4	[57, 105]	49
Q7Z7A3	[0, 18]	19
Q8TF42	[356, 390]	35
Q8WUA4	[542, 563]	22
Q92838	[14, 37]	24
Q96IK5	[33, 71]	39
Q9H1Z9	[19, 57]	39
Q9UDY8	[721, 739]	19
Q9UDY8	[766, 793]	28
O00602	[100, 120]	21
O95633	[84, 252]	169
P28698	[347, 398]	52
P28698	[478, 527]	50
P49795	[28, 85]	58
P52739	[282, 331]	50
P52739	[347, 395]	49
Q2M385	[390, 413]	24
Q7L7V1	[722, 742]	21
Q8N7S2	[143, 188]	46
Q8NBF1	[1, 21]	21
Q8NBF1	[54, 109]	56
Q8NBF1	[196, 212]	17
Q8NBF1	[253, 308]	56
Q8NBF1	[589, 606]	18
Q9HC57	[133, 189]	57
Q9NQZ8	[64, 144]	81
Q9NQZ8	[401, 452]	52
O95685	[15, 41]	27
O95685	[82, 104]	23
Q8IUA0	[41, 240]	200
Q8N141	[161, 212]	52
Q8N141	[441, 492]	52
Q8N895	[244, 295]	52
Q8N895	[605, 644]	40
Q8N895	[682, 708]	27
Q92743	[21, 139]	119
Q96BH1	[187, 210]	24
Q96S21	[262, 280]	19
Q96SE7	[280, 331]	52
Q96SE7	[644, 695]	52
Q96SL8	[12, 121]	110
Q96SL8	[191, 242]	52
Q96SL8	[322, 372]	51
Q96SL8	[405, 450]	46
Q9ULV3	[513, 540]	28
A6NFQ7	[171, 190]	20
P00748	[49, 139]	91
P00748	[151, 280]	130
P00750	[66, 98]	33
P17025	[225, 276]	52
P49759	[41, 61]	21
P51582	[345, 364]	20
Q08050	[149, 176]	28
Q15695	[316, 340]	25
Q6PJE2	[118, 174]	57
Q6Q0C0	[185, 291]	107
A0A140TA64	[0, 209]	210
A6NDA9	[492, 537]	46
O15499	[0, 27]	28
O15499	[53, 86]	34
P11161	[331, 384]	54
P11161	[432, 475]	44
P41182	[337, 365]	29
P41182	[464, 616]	153
P51884	[31, 52]	22
P83881	[1, 24]	24
Q02386	[242, 318]	77
Q5VTD9	[183, 234]	52
Q6DD87	[57, 108]	52
Q6DD87	[271, 294]	24
Q6DD87	[308, 359]	52
Q8N8L2	[3, 51]	49
Q9H8W5	[18, 33]	16
Q9H8W5	[124, 168]	45
Q9H8W5	[499, 571]	73
Q9HBF4	[0, 118]	119
Q9HBF4	[432, 484]	53
Q9NZL3	[167, 637]	471
P0C7A2	[0, 39]	40
Q14929	[225, 306]	82
Q14929	[393, 447]	55
Q5U5X8	[0, 28]	29
Q5U5X8	[305, 329]	25
Q6P1L6	[260, 311]	52
Q9NSB4	[1, 50]	50
Q9NSB4	[458, 501]	44
Q9NZV8	[552, 597]	46
Q9Y2D8	[567, 608]	42
A6NC86	[77, 203]	127
A6PVC2	[685, 707]	23
A6PVC2	[745, 849]	105
O60393	[231, 251]	21
O60393	[552, 620]	69
Q147X3	[23, 43]	21
Q8NFN8	[745, 775]	31
Q9BSI4	[345, 392]	48
Q9BSI4	[415, 450]	36
Q9H7L2	[284, 351]	68
Q9H7R5	[169, 220]	52
Q9UPX6	[111, 175]	65
B4DU55	[223, 274]	52
O43781	[32, 55]	24
P60370	[0, 270]	271
Q14258	[86, 195]	110
Q6PII5	[223, 289]	67
Q6ZMJ4	[184, 208]	25
Q96A37	[8, 81]	74
Q96NS5	[240, 269]	30
Q99697	[0, 21]	22
Q9H4P4	[97, 143]	47
Q9NP72	[188, 205]	18
Q9P0K9	[93, 113]	21
Q9P2Y4	[154, 203]	50
Q9UDV6	[276, 330]	55
Q9UDV6	[418, 469]	52
Q9Y5B0	[112, 136]	25
Q9Y6T7	[278, 334]	57
A0AAQ5BID4	[1, 39]	39
P00734	[49, 138]	90
P05556	[393, 694]	302
P49640	[336, 372]	37
P51815	[356, 407]	52
Q6UW60	[585, 610]	26
Q6UW60	[638, 712]	75
Q6ZNA5	[193, 210]	18
Q6ZVD7	[230, 253]	24
Q96F83	[276, 305]	30
Q9BX74	[56, 78]	23
Q9H2U9	[602, 662]	61
Q9NQG7	[494, 529]	36
Q9P255	[73, 113]	41
Q9P255	[131, 267]	137
Q9P255	[384, 435]	52
P06239	[0, 27]	28
P55001	[140, 182]	43
Q3KQV3	[116, 146]	31
Q3KQV3	[190, 266]	77
Q66K89	[211, 275]	65
Q66K89	[426, 477]	52
Q6NSZ9	[339, 389]	51
Q6NVV9	[321, 338]	18
Q6NVV9	[349, 397]	49
Q6UXH1	[20, 43]	24
Q6UXH1	[78, 96]	19
Q6UXH1	[125, 339]	215
Q7Z304	[495, 518]	24
Q8IUN9	[124, 145]	22
Q8IUN9	[162, 190]	29
Q8WUT4	[351, 386]	36
Q8WUT4	[541, 579]	39
Q92613	[155, 223]	69
Q92633	[321, 337]	17
Q9BXQ6	[157, 197]	41
Q9BZM3	[39, 73]	35
Q9H7X3	[116, 197]	82
Q9NQ30	[18, 135]	118
O14753	[0, 86]	87
O14753	[109, 196]	88
P54368	[46, 75]	30
Q06416	[56, 79]	24
Q15916	[292, 314]	23
Q15916	[373, 396]	24
Q6S5L8	[393, 473]	81
Q8IWS0	[6, 54]	49
Q8IWS0	[201, 224]	24
Q8N819	[394, 415]	22
Q8ND76	[0, 17]	18
Q8WXB4	[475, 526]	52
Q9BYM8	[191, 226]	36
Q9BYM8	[399, 426]	28
Q9BYM8	[436, 509]	74
Q9GZV8	[419, 440]	22
Q9GZV8	[451, 497]	47
Q9GZV8	[508, 555]	48
Q9NQV5	[23, 83]	61
Q9UHI8	[406, 554]	149
H3BPM6	[205, 222]	18
O75928	[410, 462]	53
P25942	[10, 189]	180
Q03936	[164, 243]	80
Q03936	[472, 523]	52
Q03936	[556, 578]	23
Q13275	[544, 582]	39
Q14119	[165, 216]	52
Q15323	[1, 57]	57
Q15323	[351, 415]	65
Q15915	[260, 278]	19
Q15915	[293, 348]	56
Q96HC4	[409, 427]	19
Q9H091	[238, 263]	26
Q9NTQ9	[217, 243]	27
Q9Y2T1	[530, 561]	32
Q9Y2T1	[693, 725]	33
Q9Y5H6	[725, 741]	17
P01130	[16, 390]	375
P32241	[26, 71]	46
P60827	[18, 38]	21
P78536	[442, 612]	171
Q13105	[297, 376]	80
Q14586	[258, 285]	28
Q14586	[313, 525]	213
Q2M3W8	[220, 279]	60
Q2M3W8	[424, 540]	117
Q2M3W8	[551, 570]	20
Q6NUI6	[29, 57]	29
Q6NUI6	[385, 423]	39
Q8N944	[821, 853]	33
Q8N966	[77, 93]	17
Q8TDF6	[556, 644]	89
Q8WX94	[955, 979]	25
Q96DX8	[143, 178]	36
Q9BR84	[96, 212]	117
Q9BR84	[288, 339]	52
Q9H4Q4	[290, 313]	24
O15529	[324, 345]	22
O43278	[30, 50]	21
O43278	[239, 256]	18
O43278	[276, 400]	125
P20800	[26, 50]	25
P20800	[85, 119]	35
P21709	[220, 340]	121
Q13670	[37, 53]	17
Q13670	[104, 152]	49
Q5FYB0	[0, 22]	23
Q6ECI4	[247, 382]	136
Q6ZN19	[192, 243]	52
Q6ZN19	[435, 553]	119
Q8IWU5	[709, 731]	23
Q8IWU5	[812, 831]	20
Q9BTV6	[366, 386]	21
Q9BUZ4	[82, 291]	210
Q9BXI9	[46, 69]	24
Q9ULK2	[107, 127]	21
A6NM28	[143, 194]	52
A6NM28	[255, 306]	52
O43361	[289, 340]	52
O43361	[474, 525]	52
O43361	[659, 762]	104
P24864	[52, 83]	32
P60852	[225, 274]	50
P60852	[535, 554]	20
Q6DRA6	[88, 116]	29
Q96NX5	[364, 443]	80
Q96NX5	[454, 475]	22
Q9HCZ1	[228, 279]	52
Q9UII5	[26, 74]	49
Q9UII5	[151, 202]	52
Q9UII5	[235, 286]	52
Q9UII5	[599, 678]	80
Q9UII5	[767, 782]	16
A6NFC9	[194, 231]	38
O94892	[196, 247]	52
O94892	[448, 499]	52
P0C0E4	[251, 277]	27
P10643	[26, 137]	112
P10643	[449, 580]	132
P10643	[648, 842]	195
Q05516	[395, 418]	24
Q05516	[509, 588]	80
Q13351	[270, 325]	56
Q3MIS6	[204, 311]	108
Q3MIS6	[456, 627]	172
Q6P9A3	[266, 318]	53
Q6P9A3	[464, 515]	52
Q6UWJ8	[0, 15]	16
Q8NC26	[112, 146]	35
Q8NC26	[268, 346]	79
Q8NEP3	[36, 59]	24
Q92466	[27, 58]	32
Q9H1U4	[193, 430]	238
Q9HB63	[262, 466]	205
Q9HB63	[498, 515]	18
Q9NYF5	[322, 419]	98
Q9UBB9	[380, 399]	20
Q9UGR2	[414, 454]	41
Q9UGR2	[751, 783]	33
Q9UGR2	[839, 856]	18
O75792	[3, 34]	32
O94842	[561, 598]	38
P78325	[304, 647]	344
Q14213	[16, 32]	17
Q17R60	[677, 756]	80
Q5JVG8	[105, 141]	37
Q5JVG8	[192, 299]	108
Q5JVG8	[360, 411]	52
Q7RTU3	[228, 253]	26
Q9P0T4	[0, 23]	24
Q9P0T4	[75, 95]	21
Q9P0T4	[106, 159]	54
A6NCL2	[24, 61]	38
A6NER0	[523, 545]	23
B2RXF5	[194, 221]	28
B2RXF5	[283, 308]	26
B2RXF5	[325, 400]	76
O15105	[49, 70]	22
P0DTL6	[140, 218]	79
P57729	[194, 210]	17
Q02487	[665, 683]	19
Q02487	[786, 828]	43
Q18PE1	[481, 503]	23
Q3ZLR7	[198, 253]	56
Q3ZLR7	[268, 307]	40
Q6EMK4	[21, 47]	27
Q6ZNA4	[580, 601]	22
Q6ZNA4	[917, 952]	36
Q8IYR6	[34, 245]	212
Q8IYR6	[263, 309]	47
Q8IYR6	[351, 368]	18
Q8N782	[248, 478]	231
Q8NDY4	[68, 89]	22
Q9UJW7	[192, 213]	22
Q9UJW7	[227, 258]	32
Q9UJW7	[340, 393]	54
Q9UJW7	[619, 824]	206
P60372	[0, 400]	401
Q05923	[136, 152]	17
Q15633	[322, 346]	25
Q1L5Z9	[132, 175]	44
Q8IU68	[664, 689]	26
Q8IUX8	[25, 198]	174
Q8IVN8	[14, 141]	128
Q8TE58	[460, 592]	133
Q8TE58	[840, 949]	110
Q9BS31	[169, 220]	52
O76050	[31, 58]	28
O76050	[474, 505]	32
P30260	[168, 193]	26
P54274	[33, 56]	24
P59990	[0, 95]	96
Q14872	[118, 156]	39
Q14872	[191, 245]	55
Q14872	[623, 647]	25
Q5U623	[151, 178]	28
Q5U623	[233, 271]	39
Q8N100	[0, 38]	39
Q9C0K0	[124, 154]	31
Q9C0K0	[169, 225]	57
Q9C0K0	[787, 868]	82
Q9H871	[368, 384]	17
Q9NYP9	[0, 34]	35
O43854	[17, 167]	151
Q6PJF5	[488, 525]	38
Q6PJF5	[538, 610]	73
Q6PJT7	[590, 721]	132
Q6VVB1	[101, 121]	21
Q8IZC7	[65, 116]	52
Q8IZC7	[216, 267]	52
Q8N9K5	[198, 251]	54
Q9NX94	[244, 296]	53
Q9UBC3	[382, 412]	31
Q9UQR1	[162, 213]	52
A0A087WXS9	[523, 545]	23
P0C7U0	[284, 303]	20
Q15061	[0, 19]	20
Q16270	[19, 165]	147
Q8NAX2	[14, 35]	22
Q8NDL9	[839, 881]	43
Q9H6R6	[387, 407]	21
Q9NZC7	[373, 389]	17
Q9UK39	[49, 74]	26
Q9Y5A6	[268, 319]	52
Q9Y5B8	[227, 242]	16
D6RGH6	[0, 60]	61
P04233	[202, 239]	38
P22735	[37, 60]	24
P24592	[20, 113]	94
Q13572	[346, 412]	67
Q68DY9	[163, 192]	30
Q68DY9	[202, 226]	25
Q68DY9	[241, 308]	68
Q68DY9	[425, 476]	52
Q6XR72	[395, 437]	43
Q6XR72	[451, 484]	34
Q76KX8	[273, 381]	109
Q8IXR5	[568, 590]	23
Q8TAT5	[242, 294]	53
Q96CK0	[489, 542]	54
Q96G01	[952, 974]	23
Q96MM3	[179, 226]	48
Q96PD2	[2, 20]	19
Q96SR6	[278, 338]	61
Q9P2Z0	[119, 155]	37
O43623	[119, 199]	81
O76074	[68, 88]	21
O95081	[19, 53]	35
O95190	[4, 30]	27
P05106	[455, 684]	230
P17026	[46, 97]	52
Q2I0M5	[21, 46]	26
Q3ZCX4	[241, 292]	52
Q7Z3S9	[0, 218]	219
Q9GZM7	[21, 60]	40
Q9GZM7	[116, 148]	33
Q9NS23	[29, 52]	24
A8MTQ0	[50, 80]	31
O60320	[212, 232]	21
O75558	[264, 285]	22
O75829	[271, 298]	28
P07911	[22, 191]	170
P07911	[279, 321]	43
P29317	[219, 334]	116
P60371	[0, 364]	365
Q99965	[362, 543]	182
Q99965	[584, 644]	61
Q9BQ66	[0, 200]	201
Q9UM82	[372, 417]	46
Q9UM82	[449, 501]	53
P0C7M6	[0, 15]	16
P0DKX0	[108, 132]	25
P0DKX0	[147, 173]	27
P0DKX0	[217, 270]	54
P14679	[21, 57]	37
P21506	[197, 279]	83
P47974	[148, 221]	74
P47974	[282, 366]	85
Q03938	[164, 243]	80
Q03938	[304, 355]	52
Q03938	[388, 439]	52
Q16589	[290, 324]	35
Q53H47	[1, 47]	47
Q53H47	[307, 333]	27
Q5MJ68	[168, 234]	67
Q86T96	[92, 116]	25
Q86VH5	[28, 47]	20
Q86Y97	[275, 318]	44
Q86Y97	[353, 373]	21
Q92664	[53, 75]	23
Q92664	[91, 194]	104
Q92664	[208, 262]	55
Q92664	[331, 358]	28
Q9HA38	[50, 84]	35
Q9HA38	[228, 260]	33
O95639	[122, 171]	50
P13671	[31, 189]	159
P13671	[510, 653]	144
P13671	[731, 807]	77
P13671	[825, 872]	48
P26012	[402, 435]	34
P26012	[457, 671]	215
P43403	[79, 111]	33
P55291	[569, 591]	23
Q14192	[37, 201]	165
Q2TAL6	[155, 324]	170
Q8IW52	[331, 360]	30
Q969F8	[11, 33]	23
Q9BYR4	[0, 194]	195
P31260	[156, 187]	32
P49746	[255, 548]	294
Q49A33	[0, 18]	19
Q49A33	[54, 105]	52
Q6AZY7	[11, 48]	38
Q6ZTA4	[0, 39]	40
Q6ZTA4	[136, 171]	36
Q86X02	[154, 176]	23
Q8TAU3	[53, 106]	54
Q8TAU3	[259, 509]	251
Q8WYN3	[493, 524]	32
Q92784	[189, 212]	24
Q92784	[251, 362]	112
Q9HB58	[509, 597]	89
Q9UK12	[136, 285]	150
Q9UK12	[300, 321]	22
Q9UK12	[332, 435]	104
Q9Y3L5	[166, 182]	17
Q9Y5K3	[32, 64]	33
A6NI86	[212, 330]	119
O75290	[148, 207]	60
O75290	[316, 378]	63
P17010	[447, 502]	56
P17010	[710, 761]	52
P23142	[30, 591]	562
P78358	[64, 85]	22
Q2VPB7	[142, 161]	20
Q6VB84	[287, 308]	22
Q6VB84	[320, 416]	97
Q8IUK5	[345, 365]	21
Q8WV44	[172, 193]	22
Q96BQ3	[93, 124]	32
Q96C10	[194, 228]	35
Q9H2S9	[150, 233]	84
Q9H2S9	[548, 572]	25
Q9NWK9	[200, 263]	64
Q9UC06	[93, 154]	62
Q9UFB7	[427, 500]	74
Q9UFB7	[539, 590]	52
Q9UFB7	[623, 691]	69
Q9Y4W2	[688, 708]	21
Q9Y6M5	[422, 456]	35
A0AAG2UUX9	[664, 692]	29
A0AAG2UUX9	[710, 744]	35
O14798	[37, 158]	122
O14830	[725, 752]	28
O75030	[194, 222]	29
O75618	[142, 171]	30
P0C7V6	[198, 253]	56
P0C7V6	[268, 307]	40
Q3SYB3	[287, 308]	22
Q3SYB3	[320, 416]	97
Q7Z4K8	[119, 142]	24
Q7Z4K8	[161, 206]	46
Q86UW9	[185, 210]	26
Q86UW9	[401, 424]	24
Q86UW9	[459, 481]	23
Q8IY42	[0, 15]	16
Q8TAQ5	[121, 181]	61
Q8TAQ5	[298, 461]	164
Q8TF32	[195, 233]	39
Q8TF32	[251, 302]	52
Q96DT7	[265, 284]	20
Q96DT7	[797, 817]	21
Q9H0M5	[0, 18]	19
Q9H0M5	[241, 320]	80
Q9H6P5	[343, 360]	18
Q9HD26	[0, 21]	22
O60481	[286, 304]	19
O60481	[319, 374]	56
P20333	[25, 209]	185
P20333	[372, 397]	26
Q13444	[354, 592]	239
Q13444	[624, 692]	69
Q13444	[720, 742]	23
Q5BJF6	[4, 42]	39
Q86UY8	[25, 45]	21
Q8ND82	[341, 386]	46
Q8ND82	[404, 420]	17
Q8ND82	[433, 449]	17
Q8ND82	[461, 484]	24
Q8ND82	[603, 626]	24
Q8ND82	[645, 675]	31
Q92935	[69, 87]	19
Q96ND8	[203, 254]	52
C9JPN9	[34, 61]	28
O95389	[154, 188]	35
P48740	[132, 158]	27
Q2MKA7	[27, 52]	26
Q5CZA5	[157, 245]	89
Q5CZA5	[394, 469]	76
Q5T0T0	[260, 287]	28
Q6UX68	[596, 620]	25
Q6UX68	[647, 683]	37
Q96A84	[91, 113]	23
Q96A84	[123, 146]	24
Q96BR6	[50, 85]	36
Q96BR6	[266, 455]	190
Q9BYT3	[2, 35]	34
Q9HAV5	[0, 127]	128
Q9UGI0	[56, 116]	61
Q9UGI0	[126, 181]	56
Q9UP38	[105, 122]	18
Q9Y4R7	[645, 669]	25
P17544	[0, 23]	24
Q6IA86	[694, 714]	21
Q6IA86	[761, 823]	63
Q6PIS1	[557, 575]	19
Q71RC9	[56, 76]	21
Q8TBZ8	[132, 211]	80
Q8WXT5	[287, 308]	22
Q8WXT5	[320, 415]	96
Q969Q0	[1, 24]	24
Q9BYR0	[0, 154]	155
Q9NZJ0	[439, 463]	25
Q9NZJ0	[533, 599]	67
Q9NZJ0	[622, 652]	31
Q9NZJ0	[699, 729]	31
Q9UKF2	[389, 568]	180
Q9UKF2	[601, 658]	58
Q9Y6Q6	[26, 151]	126
Q9Y6Q6	[252, 321]	70
Q9Y6Q6	[378, 458]	81
A0A1W2PQL4	[107, 367]	261
A6NMD0	[62, 85]	24
A8K8V0	[142, 186]	45
A8K8V0	[303, 374]	72
O76071	[223, 244]	22
P20851	[180, 211]	32
P22888	[24, 45]	22
P26717	[103, 119]	17
P41440	[535, 589]	55
Q30KQ7	[20, 41]	22
Q3KP44	[46, 68]	23
Q5HYK9	[79, 186]	108
Q5HYK9	[312, 344]	33
Q5HYK9	[377, 431]	55
Q5QP82	[401, 466]	66
Q7Z2W4	[146, 196]	51
Q7Z2W4	[502, 529]	28
Q8N323	[293, 314]	22
Q8NC06	[197, 263]	67
Q92796	[0, 22]	23
Q96DX7	[21, 50]	30
Q9UJJ7	[214, 236]	23
D6RBM5	[34, 61]	28
O60548	[0, 16]	17
O75636	[15, 51]	37
O75636	[75, 99]	25
P82663	[128, 151]	24
Q13569	[340, 363]	24
Q6MZW2	[54, 115]	62
Q8WWX0	[162, 180]	19
Q96A61	[172, 193]	22
Q96A61	[204, 233]	30
Q96E09	[231, 264]	34
Q96EP1	[417, 453]	37
Q9H8M5	[0, 16]	17
Q9Y4X0	[0, 100]	101
A8MVA2	[0, 159]	160
O75123	[114, 166]	53
O75123	[198, 277]	80
P17022	[399, 450]	52
P83110	[13, 131]	119
Q6ZNB6	[201, 836]	636
Q96B33	[266, 291]	26
Q9NUD5	[328, 402]	75
A2RTX5	[36, 78]	43
O15232	[260, 457]	198
O75170	[750, 778]	29
P18564	[396, 685]	290
P35869	[692, 723]	32
P35869	[753, 783]	31
P98155	[17, 413]	397
P98155	[703, 758]	56
Q15582	[81, 96]	16
Q5T1N1	[593, 689]	97
Q5T9A4	[614, 647]	34
Q6PEZ8	[28, 49]	22
Q8IUE0	[146, 176]	31
Q8N448	[120, 146]	27
Q8TF68	[219, 270]	52
Q8TF68	[308, 389]	82
Q96MX3	[103, 154]	52
Q96MX3	[183, 234]	52
Q96MX3	[266, 345]	80
Q96MX3	[536, 585]	50
Q9C0B0	[79, 156]	78
Q9C0B0	[210, 323]	114
Q9C0B0	[360, 392]	33
Q9C0B0	[758, 809]	52
Q9HCG1	[242, 299]	58
Q9P2F5	[159, 241]	83
Q9UF47	[129, 149]	21
Q9UF47	[180, 198]	19
Q9UJN7	[98, 151]	54
Q9UKA1	[658, 690]	33
A0A7I2V3R4	[24, 64]	41
A0A7I2V3R4	[212, 231]	20
O00634	[244, 456]	213
P07602	[187, 209]	23
P0CG37	[78, 131]	54
P0CG37	[188, 222]	35
Q07444	[103, 119]	17
Q1XH10	[260, 290]	31
Q1XH10	[311, 335]	25
Q5T5N4	[14, 39]	26
Q8N567	[119, 235]	117
Q96NZ8	[20, 143]	124
Q96NZ8	[288, 425]	138
Q96NZ8	[482, 500]	19
Q9BRA0	[5, 25]	21
Q9H000	[0, 60]	61
Q9H000	[160, 218]	59
Q9H963	[0, 22]	23
Q9H963	[41, 128]	88
Q9Y5X2	[443, 464]	22
A6NK75	[117, 147]	31
A6NK75	[173, 308]	136
A6NK75	[425, 476]	52
O43559	[0, 16]	17
O95185	[267, 372]	106
P0CG40	[297, 348]	52
P28562	[150, 169]	20
P63145	[537, 604]	68
P63145	[646, 665]	20
Q14532	[0, 80]	81
Q14532	[394, 447]	54
Q3MIP1	[273, 295]	23
Q7Z569	[380, 400]	21
Q8IYB9	[55, 87]	33
Q8IYB9	[105, 145]	41
Q8IYB9	[164, 298]	135
Q8N130	[269, 309]	41
Q8N130	[567, 582]	16
Q9BSW7	[23, 49]	27
Q9H1R3	[238, 266]	29
Q9UIS9	[120, 283]	164
Q9Y2X9	[252, 303]	52
P05129	[9, 26]	18
P05129	[78, 101]	24
Q01860	[58, 79]	22
Q14332	[219, 234]	16
Q5SVQ8	[352, 403]	52
Q5SVQ8	[413, 436]	24
Q5SVQ8	[687, 738]	52
Q5VZF2	[13, 75]	63
Q5VZF2	[315, 350]	36
Q6XUX3	[47, 72]	26
Q6ZMS7	[427, 480]	54
Q86W11	[292, 371]	80
Q8TA94	[54, 117]	64
Q8TA94	[160, 204]	45
Q8TA94	[216, 296]	81
Q9HCP0	[396, 417]	22
Q9NQC1	[191, 222]	32
Q9NRH1	[143, 195]	53
Q9NUQ3	[35, 73]	39
Q9P2J8	[267, 320]	54
Q9P2J8	[659, 822]	164
A1A519	[306, 329]	24
O15204	[358, 469]	112
O95365	[373, 424]	52
P17041	[68, 119]	52
P60412	[0, 297]	298
Q14114	[30, 393]	364
Q14114	[686, 732]	47
Q6IPX1	[523, 545]	23
Q6PJ61	[519, 544]	26
Q6PJ61	[562, 598]	37
Q6ZMJ2	[28, 48]	21
Q6ZN57	[35, 63]	29
Q6ZN57	[93, 144]	52
Q8IVT5	[145, 166]	22
Q8IVT5	[352, 399]	48
Q8TBE0	[383, 405]	23
Q8TBE0	[428, 489]	62
Q96AC6	[814, 837]	24
Q96N95	[242, 293]	52
Q96RL6	[462, 482]	21
Q9BYQ6	[0, 194]	195
B7ZBB8	[66, 86]	21
B7ZBB8	[113, 136]	24
O95672	[89, 104]	16
P24386	[558, 614]	57
Q13191	[338, 422]	85
Q13342	[167, 206]	40
Q13342	[336, 364]	29
Q13342	[443, 468]	26
Q68BL8	[64, 137]	74
Q8IY22	[307, 324]	18
Q8IY22	[345, 372]	28
Q8N7E2	[0, 20]	21
Q8NBK3	[32, 61]	30
Q8NCF0	[217, 287]	71
Q8NCN4	[17, 37]	21
Q9Y5W9	[220, 241]	22
O00408	[0, 20]	21
O75610	[240, 270]	31
P10253	[0, 15]	16
Q02086	[494, 541]	48
Q15940	[9, 116]	108
Q6PEW1	[336, 359]	24
Q8IYN0	[0, 18]	19
Q8IYN0	[138, 177]	40
Q8IYN0	[196, 221]	26
Q8IYN0	[252, 305]	54
Q8N8B7	[279, 305]	27
Q8TF20	[20, 69]	50
Q8TF20	[200, 251]	52
Q8TF20	[620, 671]	52
Q9H165	[101, 130]	30
Q9H165	[152, 184]	33
Q9H165	[733, 814]	82
A2RRH5	[477, 516]	40
O75200	[258, 336]	79
P30291	[16, 31]	16
Q6IV72	[113, 134]	22
Q6IV72	[178, 228]	51
Q86YD5	[12, 119]	108
Q8N565	[5, 27]	23
Q8NFT8	[27, 141]	115
Q8NFT8	[304, 610]	307
Q9BRP0	[102, 197]	96
Q9NS67	[350, 370]	21
Q9NU63	[110, 189]	80
Q9NU63	[271, 303]	33
Q9NU63	[373, 390]	18
Q9Y4X5	[383, 399]	17
P17024	[63, 119]	57
P17024	[134, 198]	65
P17024	[219, 409]	191
Q6ZMT4	[29, 45]	17
Q6ZMT4	[738, 797]	60
Q6ZSA7	[219, 236]	18
Q86UP0	[606, 626]	21
Q86YE8	[181, 232]	52
Q86YE8	[545, 596]	52
Q8TEU8	[35, 169]	135
Q99593	[312, 340]	29
Q9NP90	[178, 200]	23
Q9UHX3	[19, 268]	250
Q9UIF7	[276, 348]	73
Q9Y5I2	[723, 739]	17
O95390	[294, 315]	22
Q09FC8	[47, 81]	35
Q09FC8	[139, 177]	39
Q09FC8	[236, 390]	155
Q13829	[0, 15]	16
Q3KNW1	[143, 183]	41
Q3KNW1	[193, 291]	99
Q8TAW3	[221, 252]	32
Q8TAW3	[276, 327]	52
Q96H55	[668, 703]	36
Q96PQ6	[213, 264]	52
Q96RR4	[47, 71]	25
Q96RR4	[110, 132]	23
Q9BRR0	[268, 328]	61
Q9BRR0	[471, 522]	52
Q9Y6R6	[156, 236]	81
Q9Y6R6	[315, 403]	89
Q9Y6R6	[744, 791]	48
A0A0M3HER8	[309, 338]	30
D6R9N7	[34, 61]	28
O43167	[272, 336]	65
O95125	[388, 439]	52
O95125	[472, 523]	52
P0DP72	[383, 416]	34
P0DP72	[470, 503]	34
P98169	[198, 233]	36
P98169	[262, 320]	59
P98169	[433, 451]	19
Q14162	[13, 423]	411
Q17RG1	[565, 600]	36
Q5JRS4	[277, 312]	36
Q5T619	[270, 321]	52
Q8IYH5	[153, 181]	29
Q8IYH5	[204, 227]	24
Q8N3G9	[384, 401]	18
Q8NFH8	[14, 36]	23
Q96PV7	[72, 95]	24
Q96PV7	[119, 173]	55
Q96PV7	[318, 386]	69
Q96RU8	[36, 62]	27
Q96SK3	[66, 128]	63
Q96SK3	[161, 211]	51
Q96SK3	[468, 519]	52
Q96SK3	[552, 603]	52
Q9HBK9	[349, 374]	26
A8MUV8	[108, 326]	219
A8MUV8	[387, 472]	86
O15327	[199, 219]	21
O95998	[40, 63]	24
P0CG00	[343, 496]	154
P19883	[77, 325]	249
P41743	[102, 131]	30
Q2TB18	[629, 654]	26
Q6L8G4	[0, 155]	156
Q6ZSS3	[170, 249]	80
Q86VV4	[189, 210]	22
O95235	[752, 787]	36
O95235	[849, 875]	27
P07988	[288, 311]	24
P0C7X1	[523, 545]	23
P0DPK4	[0, 275]	276
Q2VPA4	[401, 422]	22
Q5SZB4	[178, 200]	23
Q5TGY1	[608, 633]	26
Q6P9G9	[317, 366]	50
Q96GC6	[249, 269]	21
Q96GC6	[462, 521]	60
Q9BWE0	[0, 15]	16
Q9BWE0	[138, 191]	54
Q9BWE0	[227, 278]	52
Q9BWE0	[366, 417]	52
A0A1W2PPD8	[370, 400]	31
A0A1W2PPD8	[493, 514]	22
A2RU30	[280, 302]	23
A2RU30	[349, 400]	52
P01042	[81, 154]	74
P01042	[249, 276]	28
P16581	[132, 519]	388
P17038	[96, 136]	41
P17038	[165, 244]	80
P17038	[277, 356]	80
P52741	[41, 90]	50
P52741	[363, 415]	53
P62633	[0, 176]	177
Q02556	[118, 138]	21
Q15113	[311, 331]	21
Q53H54	[432, 447]	16
Q8NDQ6	[160, 229]	70
Q8NDQ6	[430, 481]	52
Q8NDQ6	[514, 565]	52
Q96JB8	[389, 407]	19
Q9UI38	[48, 74]	27
P01857	[77, 121]	45
P19438	[33, 132]	100
P19438	[151, 204]	54
Q04756	[97, 302]	206
Q05066	[29, 55]	27
Q07617	[498, 515]	18
Q6IE81	[195, 226]	32
Q75VX8	[541, 566]	26
Q86TH1	[137, 222]	86
Q86TH1	[565, 649]	85
Q8IU80	[444, 577]	134
Q96FX2	[65, 81]	17
Q9HBW9	[14, 114]	101
Q9N2J8	[239, 266]	28
Q9NQ69	[0, 22]	23
Q9NQ69	[50, 74]	25
Q9NV66	[245, 265]	21
Q9NV66	[394, 425]	32
A0A087WUV0	[167, 226]	60
A0A087WUV0	[240, 291]	52
E9PJI5	[343, 364]	22
Q15270	[97, 123]	27
Q32M78	[184, 267]	84
Q6UXB4	[82, 104]	23
Q86UY6	[195, 236]	42
Q8N3Z6	[232, 273]	42
Q8N3Z6	[292, 328]	37
Q8N3Z6	[338, 375]	38
Q8N9F8	[207, 288]	82
Q8NB78	[42, 88]	47
Q8NB78	[225, 243]	19
Q8NFU1	[422, 455]	34
Q8WW14	[21, 67]	47
Q8WW14	[179, 226]	48
Q96FN5	[457, 527]	71
Q9NR56	[12, 75]	64
Q9NRH2	[736, 760]	25
Q9UGT4	[20, 53]	34
Q9UGT4	[425, 447]	23
Q9UHQ1	[0, 20]	21
Q9Y5H5	[723, 741]	19
O15062	[616, 672]	57
P04183	[189, 215]	27
P50876	[60, 86]	27
Q6NZY4	[221, 258]	38
Q6P1R4	[384, 435]	52
Q6ZW61	[287, 304]	18
Q86WS4	[90, 124]	35
Q8N2I2	[10, 32]	23
Q8N2I2	[44, 89]	46
Q8N2I2	[179, 230]	52
Q8N2I2	[394, 449]	56
Q8N2I2	[478, 503]	26
Q8N841	[848, 890]	43
Q9H5Y7	[25, 46]	22
Q9HCG7	[10, 69]	60
Q02080	[299, 329]	31
Q08554	[658, 680]	23
Q08554	[824, 874]	51
Q14943	[366, 381]	16
Q5T5M9	[349, 371]	23
Q7Z5L7	[57, 83]	27
Q8TCF1	[0, 107]	108
Q8WTX9	[378, 409]	32
Q9BW71	[438, 458]	21
Q9H693	[2, 89]	88
Q9H693	[102, 157]	56
A0PJY2	[279, 386]	108
O15209	[477, 527]	51
O60279	[121, 149]	29
O94989	[198, 223]	26
O94989	[736, 772]	37
P60413	[0, 244]	245
Q03924	[41, 74]	34
Q03924	[100, 136]	37
Q03924	[156, 207]	52
Q8N8E2	[110, 253]	144
Q8N8E2	[266, 488]	223
Q96G75	[370, 388]	19
Q96GX2	[59, 84]	26
Q9NTW7	[135, 276]	142
Q9NTW7	[290, 372]	83
Q9NTW7	[433, 537]	105
Q9NTW7	[571, 606]	36
A0A087WVF3	[523, 545]	23
A6NIN4	[7, 89]	83
B4DXR9	[105, 129]	25
B4DXR9	[269, 320]	52
P00742	[46, 186]	141
P29376	[69, 90]	22
P29376	[370, 420]	51
Q02446	[614, 663]	50
Q8NEP7	[170, 221]	52
Q8TD19	[867, 918]	52
Q8TD19	[957, 978]	22
Q96CW9	[286, 521]	236
Q96NG8	[190, 241]	52
Q96PE3	[382, 397]	16
Q96PE3	[916, 946]	31
Q99592	[401, 476]	76
Q9GZX5	[225, 278]	54
Q9UQ49	[407, 424]	18
A0A087X179	[523, 545]	23
O60269	[215, 253]	39
O60269	[269, 302]	34
P17021	[181, 260]	80
P17021	[376, 428]	53
P51797	[0, 31]	32
Q13049	[95, 143]	49
Q68EA5	[69, 120]	52
Q68EA5	[131, 268]	138
Q6PKC3	[466, 487]	22
Q7Z340	[234, 379]	146
Q8N344	[6, 32]	27
Q8N344	[516, 544]	29
Q8N6M9	[0, 144]	145
Q96NU1	[2, 27]	26
Q99741	[127, 165]	39
Q9H175	[460, 481]	22
Q9UIM3	[157, 177]	21
A0A0B4J1W7	[343, 364]	22
P06127	[190, 215]	26
P06127	[233, 258]	26
P06127	[320, 353]	34
P09564	[215, 239]	25
Q14592	[181, 238]	58
Q14592	[299, 315]	17
Q14592	[411, 455]	45
Q15569	[560, 615]	56
Q2M3X9	[243, 294]	52
Q53GI3	[281, 326]	46
Q53GI3	[349, 400]	52
Q6ZN06	[234, 481]	248
Q6ZN17	[118, 173]	56
Q8NCG7	[249, 276]	28
Q8NCG7	[304, 321]	18
Q9H4S2	[36, 70]	35
Q9H4S2	[220, 241]	22
Q5H9M0	[251, 277]	27
Q5H9M0	[302, 322]	21
Q6PCT2	[639, 693]	55
Q86XN6	[236, 427]	192
Q8WW36	[0, 165]	166
Q9UKW4	[182, 204]	23
P17020	[34, 76]	43
P17020	[144, 180]	37
P17020	[200, 251]	52
P28907	[0, 19]	20
P51843	[93, 144]	52
Q03989	[264, 284]	21
Q15005	[6, 28]	23
Q86UT5	[70, 114]	45
Q8IYI8	[95, 120]	26
Q8IYI8	[133, 186]	54
Q8IYI8	[214, 439]	226
Q8IYI8	[449, 497]	49
Q8NCT1	[364, 385]	22
Q96PU4	[320, 366]	47
Q96PU4	[421, 448]	28
Q9BU70	[5, 55]	51
Q9H3T2	[516, 554]	39
Q9H3T2	[620, 638]	19
Q9NVH0	[350, 376]	27
P34931	[606, 631]	26
P54760	[212, 329]	118
P57059	[674, 698]	25
P57059	[745, 776]	32
P58317	[0, 50]	51
P58317	[163, 214]	52
P58317	[250, 326]	77
Q2TB10	[0, 27]	28
Q2TB10	[221, 244]	24
Q2TB10	[278, 302]	25
Q6P280	[301, 352]	52
Q6V9R5	[225, 302]	78
Q8TAT6	[576, 607]	32
Q9BQA5	[190, 362]	173
Q9H2H0	[26, 59]	34
Q9H2H0	[100, 181]	82
Q9H9P8	[22, 42]	21
Q9NQ36	[29, 483]	455
Q9NQ36	[561, 585]	25
Q9NQ36	[616, 818]	203
Q9UJ96	[0, 18]	19
O94972	[41, 64]	24
P17643	[23, 74]	52
P17643	[99, 122]	24
P52429	[133, 175]	43
Q13467	[164, 194]	31
Q13467	[207, 223]	17
Q13467	[531, 548]	18
Q5H9S7	[0, 16]	17
Q5VV16	[287, 308]	22
Q5VV16	[320, 415]	96
Q8NBV8	[53, 69]	17
Q96IF1	[327, 347]	21
Q96PX8	[330, 358]	29
Q99708	[543, 576]	34
Q99708	[612, 643]	32
Q99708	[862, 884]	23
Q99972	[36, 70]	35
Q9NSD4	[92, 143]	52
Q9NSD4	[172, 223]	52
P37023	[23, 91]	69
Q12947	[425, 443]	19
Q3MJ62	[219, 291]	73
Q53RD9	[70, 90]	21
Q53RD9	[103, 339]	237
Q8WU20	[0, 16]	17
Q96KP6	[238, 279]	42
Q9BYP9	[0, 153]	154
Q9NP64	[125, 149]	25
Q9NX31	[187, 213]	27
Q9Y676	[83, 114]	32
O14771	[308, 359]	52
O95407	[38, 209]	172
P17483	[49, 69]	21
P27037	[31, 55]	25
P27037	[83, 105]	23
Q13361	[122, 172]	51
Q6AW86	[248, 299]	52
Q6AW86	[416, 467]	52
Q6ULP2	[354, 375]	22
Q7Z398	[174, 245]	72
Q7Z444	[204, 232]	29
Q8IYP9	[13, 44]	32
Q8N135	[24, 42]	19
Q8N3S3	[402, 443]	42
Q92831	[1, 21]	21
Q92831	[31, 61]	31
Q96K58	[13, 36]	24
Q96K58	[75, 184]	110
Q96K58	[355, 406]	52
Q96K58	[507, 558]	52
B4DS77	[18, 39]	22
P27540	[245, 300]	56
P27540	[338, 361]	24
P40238	[182, 215]	34
P40238	[324, 350]	27
P40238	[574, 626]	53
P49639	[12, 56]	45
Q16670	[248, 324]	77
Q16820	[597, 639]	43
Q658N2	[303, 344]	42
Q6PGQ1	[127, 165]	39
Q6PGQ1	[176, 200]	25
Q8TAP4	[0, 17]	18
Q9H707	[82, 105]	24
Q9H707	[190, 254]	65
Q9UQF0	[20, 36]	17
O00311	[340, 372]	33
O14672	[424, 642]	219
O43316	[276, 302]	27
P35443	[247, 630]	384
Q14593	[85, 107]	23
Q14593	[139, 178]	40
Q14593	[197, 239]	43
Q14593	[309, 360]	52
Q5GFL6	[217, 258]	42
Q6AZW8	[23, 92]	70
Q6NX45	[142, 193]	52
Q86YS7	[444, 466]	23
Q86YS7	[981, 999]	19
Q96NI6	[570, 626]	57
Q9BSJ5	[417, 442]	26
Q9BSJ5	[586, 608]	23
Q9BVS5	[28, 90]	63
Q9BX10	[1, 22]	22
Q9H5J0	[463, 514]	52
Q9UKN5	[536, 562]	27
Q9UKN5	[581, 597]	17
Q9UKN5	[609, 660]	52
Q9Y3M9	[199, 250]	52
Q9Y3M9	[676, 727]	52
Q9Y6Q3	[169, 206]	38
Q9Y6Q3	[231, 263]	33
Q9Y6Q3	[278, 419]	142
O14628	[194, 209]	16
O14628	[235, 413]	179
O14628	[429, 536]	108
O75077	[490, 653]	164
O75077	[681, 777]	97
O76076	[19, 249]	231
P41002	[638, 658]	21
P41002	[728, 757]	30
Q8NEZ5	[0, 17]	18
Q93038	[20, 190]	171
Q96B86	[134, 178]	45
Q9H2S6	[0, 16]	17
Q9Y576	[18, 45]	28
A6NHJ4	[221, 242]	22
A6NHJ4	[260, 412]	153
A6NHJ4	[445, 496]	52
H0YKK7	[212, 358]	147
O95201	[299, 350]	52
P30203	[118, 204]	87
P36406	[117, 219]	103
P60014	[0, 250]	251
Q3KP31	[61, 114]	54
Q3KP31	[151, 258]	108
Q3KP31	[291, 370]	80
Q5T5X7	[800, 826]	27
Q5VTM2	[659, 677]	19
Q66K79	[19, 60]	42
Q6NX49	[202, 232]	31
Q6NX49	[256, 450]	195
Q6PJ21	[60, 102]	43
Q6PJ21	[250, 291]	42
Q6WN34	[50, 183]	134
Q86TG7	[287, 307]	21
Q8IYX4	[121, 142]	22
Q8IZ13	[21, 39]	19
Q8N144	[254, 285]	32
Q8N3X6	[13, 41]	29
Q8N3X6	[66, 111]	46
Q8WWW8	[228, 243]	16
Q9HCJ2	[322, 340]	19
Q9NR83	[302, 379]	78
A6NNA2	[130, 156]	27
B2RUY7	[69, 221]	153
O60304	[316, 367]	52
P0C869	[670, 698]	29
Q6FHJ7	[160, 185]	26
Q6GQQ9	[709, 739]	31
Q7L945	[90, 115]	26
Q7L945	[158, 209]	52
Q86SE9	[131, 154]	24
Q8NF99	[254, 327]	74
Q8WVD3	[15, 114]	100
Q96QS3	[0, 25]	26
Q9Y2L1	[25, 46]	22
A6NJL1	[346, 397]	52
O14793	[263, 283]	21
O75084	[224, 243]	20
P17097	[141, 294]	154
P17097	[404, 485]	82
Q9NV58	[139, 155]	17
Q9NV58	[166, 186]	21
Q9P209	[234, 283]	50
H3BNL1	[136, 157]	22
Q5GH73	[43, 82]	40
Q6UXX9	[20, 51]	32
Q7Z309	[220, 244]	25
Q86VD1	[843, 863]	21
Q8TAU0	[113, 137]	25
Q96JM7	[109, 152]	44
Q9HCB6	[432, 729]	298
Q9NZB8	[10, 40]	31
Q9UHI6	[407, 423]	17
Q9Y5H8	[721, 741]	21
A0A087X1G2	[523, 545]	23
B6SEH8	[118, 186]	69
O00339	[263, 299]	37
O00339	[311, 654]	344
O60663	[2, 98]	97
P23276	[75, 91]	17
Q13360	[113, 141]	29
Q13360	[198, 298]	101
Q8N884	[385, 408]	24
Q96C28	[139, 276]	138
Q9P0U4	[369, 403]	35
P51814	[360, 411]	52
Q08AN1	[152, 227]	76
Q5T4F7	[173, 194]	22
Q5W0B1	[50, 74]	25
Q5W0B1	[310, 347]	38
Q5W0B1	[364, 406]	43
Q5W0B1	[447, 479]	33
Q96N58	[222, 251]	30
Q96N58	[264, 589]	326
Q96PE6	[158, 321]	164
Q9C0D7	[411, 437]	27
Q9C0D7	[621, 643]	23
Q9NPA2	[521, 541]	21
Q9NX65	[477, 619]	143
Q9P272	[167, 228]	62
Q9UKT4	[0, 62]	63
Q9UKT4	[72, 104]	33
Q9Y2D9	[228, 309]	82
Q9Y2D9	[348, 399]	52
Q9Y2D9	[432, 500]	69
A5D8T8	[217, 287]	71
P0C6S8	[15, 49]	35
P27918	[28, 419]	392
P28908	[18, 175]	158
P28908	[222, 315]	94
P51864	[71, 129]	59
P51864	[144, 166]	23
Q03591	[103, 217]	115
Q5M7Z0	[89, 119]	31
Q7L513	[35, 55]	21
Q86SH2	[36, 66]	31
Q86Y91	[679, 718]	40
Q8N2G6	[123, 239]	117
Q96FE5	[37, 53]	17
Q96KM6	[585, 644]	60
Q96NI8	[201, 262]	62
Q9H7S9	[381, 408]	28
Q9H7S9	[453, 476]	24
Q9NVL1	[118, 141]	24
Q9NY30	[136, 161]	26
Q9UIK5	[40, 307]	268
Q9UIK5	[341, 366]	26
O75426	[7, 30]	24
O75426	[430, 446]	17
O75426	[508, 538]	31
P42575	[162, 178]	17
P54826	[59, 88]	30
Q504T8	[321, 373]	53
Q641Q3	[177, 199]	23
Q6PEV8	[22, 67]	46
Q86SQ3	[15, 67]	53
Q86WK7	[409, 425]	17
Q8IV53	[575, 595]	21
Q8N145	[27, 54]	28
Q8N715	[47, 75]	29
Q8NEM1	[313, 364]	52
Q9H293	[31, 49]	19
Q9NX45	[393, 420]	28
Q9UN73	[722, 741]	20
A8MUU1	[0, 18]	19
B6SEH9	[115, 186]	72
F5H4B4	[394, 418]	25
O75437	[184, 224]	41
O75437	[257, 308]	52
O94880	[311, 398]	88
P29279	[21, 274]	254
Q2M218	[198, 277]	80
Q2M218	[338, 503]	166
Q8N7W2	[153, 175]	23
Q9H5H4	[254, 303]	50
Q9UJV3	[710, 734]	25
P0CG20	[0, 17]	18
P15586	[418, 450]	33
P15586	[505, 525]	21
Q6ZRM9	[57, 82]	26
Q8WUJ1	[206, 227]	22
Q8WUJ1	[242, 263]	22
Q9BVN2	[0, 20]	21
Q9BVN2	[52, 82]	31
Q9BVN2	[96, 118]	23
Q9BVN2	[144, 191]	48
Q9H9Z2	[128, 183]	56
O75467	[248, 299]	52
O75467	[416, 467]	52
P0CG31	[235, 313]	79
Q0D2J5	[95, 117]	23
Q0D2J5	[163, 186]	24
Q0D2J5	[210, 382]	173
Q12805	[18, 66]	49
Q12805	[138, 385]	248
Q14590	[130, 166]	37
Q14590	[187, 208]	22
Q14590	[282, 333]	52
Q16659	[425, 449]	25
Q1HG43	[320, 342]	23
Q5QGZ9	[119, 134]	16
Q6NSJ2	[431, 457]	27
Q6NSJ2	[514, 542]	29
Q7Z5B4	[292, 315]	24
Q8NGU9	[364, 384]	21
Q8NGU9	[417, 433]	17
Q8NI51	[276, 327]	52
Q8NI51	[476, 531]	56
Q96IT1	[426, 477]	52
Q96IT1	[513, 567]	55
Q96K21	[4, 27]	24
Q9BUA3	[1, 28]	28
Q9Y2L8	[337, 388]	52
Q9Y2L8	[540, 591]	52
Q9Y2L8	[683, 725]	43
Q9Y2L8	[736, 808]	73
A6NDS4	[523, 545]	23
P60410	[0, 258]	259
Q14149	[776, 809]	34
Q7Z3K6	[261, 279]	19
Q86TD4	[449, 471]	23
Q86XS5	[46, 86]	41
Q8N5Q1	[305, 347]	43
Q8N5Q1	[399, 419]	21
Q96M29	[4, 28]	25
Q9HBT8	[234, 285]	52
Q9UER7	[717, 737]	21
Q9Y2Y8	[81, 102]	22
A0A1W2PPK0	[113, 195]	83
A0A1W2PPK0	[266, 282]	17
A0A1W2PPK0	[365, 399]	35
A6NNA5	[169, 207]	39
P53384	[0, 40]	41
Q04759	[254, 341]	88
Q14587	[244, 281]	38
Q14587	[295, 346]	52
Q14587	[519, 570]	52
Q14587	[827, 878]	52
Q5BKU9	[19, 40]	22
Q68D51	[227, 252]	26
Q6UXI9	[121, 191]	71
Q8IX30	[21, 501]	481
Q8IX30	[556, 580]	25
Q8IX30	[610, 813]	204
Q9BXY4	[21, 52]	32
Q9BXY4	[83, 215]	133
Q9C004	[258, 298]	41
Q9H0J9	[153, 173]	21
Q9H8G1	[137, 170]	34
Q9H8G1	[196, 233]	38
Q9H8G1	[252, 331]	80
Q9H8G1	[393, 443]	51
P17030	[107, 188]	82
P17030	[249, 358]	110
Q5JUK2	[0, 40]	41
Q6PG37	[64, 91]	28
Q6PG37	[121, 154]	34
Q6PG37	[187, 240]	54
Q7L2R6	[206, 508]	303
Q8N8Q3	[264, 281]	18
Q8N8R7	[1, 26]	26
Q8TBZ2	[0, 20]	21
Q92731	[122, 152]	31
Q96C55	[105, 184]	80
Q96S15	[707, 738]	32
Q9BYQ5	[0, 204]	205
Q9BZG8	[412, 437]	26
Q9GZP4	[1, 21]	21
Q9H819	[25, 50]	26
Q9UHN1	[0, 25]	26
Q9Y462	[405, 428]	24
Q9Y462	[467, 519]	53
A0A1B0GTW7	[116, 153]	38
O75815	[335, 369]	35
O75815	[389, 458]	70
P17017	[54, 293]	240
P17017	[326, 407]	82
P22891	[82, 182]	101
Q6DCA0	[0, 28]	29
Q6PF15	[7, 31]	25
Q6PF15	[557, 580]	24
Q8IUH4	[0, 30]	31
Q8NB59	[176, 214]	39
Q8NB59	[390, 410]	21
Q9BSJ1	[49, 70]	22
Q9BSJ1	[86, 136]	51
Q9BZ81	[240, 256]	17
Q9NR61	[179, 501]	323
Q9NR61	[587, 614]	28
Q9NR61	[642, 684]	43
Q9UF56	[9, 71]	63
Q9UF56	[129, 150]	22
Q9UF56	[186, 229]	44
Q9UF56	[284, 319]	36
Q9ULD5	[538, 588]	51
Q9ULD5	[627, 678]	52
Q9Y603	[184, 209]	26
A6NNF4	[105, 143]	39
A6NNF4	[164, 240]	77
O75112	[540, 558]	19
Q6S5H5	[17, 81]	65
Q6S5H5	[91, 118]	28
Q6UXF7	[217, 287]	71
Q92496	[78, 95]	18
Q96BR9	[273, 352]	80
Q96LD4	[0, 82]	83
Q96LD4	[101, 161]	61
Q9BRP1	[38, 62]	25
Q9BRP1	[73, 109]	37
Q9BZF2	[429, 475]	47
Q9C026	[81, 140]	60
Q9C026	[157, 261]	105
Q9HAH1	[103, 333]	231
Q9HAH1	[361, 384]	24
Q9HAH1	[400, 455]	56
O76013	[0, 22]	23
O76013	[391, 442]	52
P07357	[16, 149]	134
P07357	[486, 583]	98
P78412	[389, 445]	57
Q8IWL1	[5, 34]	30
Q8IYW5	[291, 313]	23
Q8NE65	[139, 163]	25
Q8NE65	[195, 220]	26
Q8NE65	[254, 304]	51
Q96Q40	[0, 37]	38
Q9UL41	[406, 426]	21
Q9Y385	[138, 158]	21
O00463	[0, 21]	22
O00463	[130, 165]	36
O60733	[139, 160]	22
O75840	[200, 265]	66
P10114	[166, 182]	17
P14222	[370, 415]	46
P58658	[150, 175]	26
Q13443	[352, 516]	165
Q2Q1W2	[5, 28]	24
Q2Q1W2	[188, 232]	45
Q5SWL8	[123, 143]	21
Q6GV28	[170, 192]	23
Q8TAF7	[211, 485]	275
Q92765	[159, 187]	29
Q96BV0	[126, 177]	52
Q96BV0	[272, 323]	52
Q96BV0	[437, 488]	52
Q96LX8	[175, 226]	52
Q96LX8	[314, 411]	98
Q9UBX5	[14, 349]	336
Q9UKF5	[387, 565]	179
Q9UKF5	[592, 609]	18
Q9UKF5	[619, 663]	45
A0A140TA67	[0, 173]	174
A0ABJ7H351	[54, 150]	97
A0ABJ7H351	[203, 254]	52
A0ABJ7H351	[269, 303]	35
B1AL46	[1, 68]	68
O15265	[508, 525]	18
O75173	[437, 596]	160
O95243	[239, 305]	67
P17028	[222, 293]	72
Q0VG99	[306, 351]	46
Q3KP66	[439, 459]	21
Q5EBM4	[92, 168]	77
Q5T700	[0, 34]	35
Q5T700	[63, 173]	111
Q6NUJ1	[123, 141]	19
Q6NUJ1	[173, 195]	23
Q6NUJ1	[385, 408]	24
Q6VAB6	[194, 219]	26
Q6VAB6	[425, 486]	62
Q8N8J6	[223, 274]	52
Q96E35	[153, 174]	22
Q96S59	[594, 619]	26
Q9BQE6	[156, 197]	42
Q9BQE6	[237, 264]	28
Q9NPC7	[293, 404]	112
Q9NXA8	[282, 309]	28
A8MT65	[283, 362]	80
P59817	[325, 361]	37
Q6P3S6	[334, 354]	21
Q8TF45	[73, 96]	24
Q8TF45	[181, 246]	66
Q96JC4	[107, 157]	51
Q96JC4	[176, 339]	164
Q9BY14	[207, 225]	19
Q9NRI5	[176, 196]	21
Q9P0N8	[0, 28]	29
Q9Y561	[379, 491]	113
Q9Y561	[818, 858]	41
O43541	[110, 136]	27
O75346	[104, 144]	41
O75346	[191, 382]	192
O75398	[262, 294]	33
P55789	[60, 104]	45
Q6ZMS4	[150, 201]	52
Q8N2C3	[36, 56]	21
Q8N7B1	[258, 290]	33
Q9UNA0	[527, 642]	116
Q9UNE0	[0, 122]	123
Q9UNE0	[140, 157]	18
P0CG24	[4, 369]	366
P29122	[682, 949]	268
Q6N043	[231, 272]	42
Q6N043	[349, 391]	43
Q6N043	[409, 425]	17
Q6N043	[466, 496]	31
Q6N043	[802, 830]	29
Q8IWZ5	[0, 19]	20
Q8IWZ5	[31, 147]	117
Q8N7M2	[198, 277]	80
Q8N7M2	[394, 559]	166
Q92913	[15, 36]	22
Q96GP6	[41, 445]	405
Q96GP6	[461, 503]	43
Q96JL9	[27, 59]	33
Q96JL9	[264, 287]	24
Q96JL9	[327, 380]	54
Q96JL9	[649, 664]	16
Q99062	[156, 190]	35
Q99062	[237, 256]	20
Q9BWX1	[0, 45]	46
Q9BWX1	[87, 219]	133
Q9NPY3	[214, 476]	263
Q9NQX6	[122, 173]	52
Q9UNW8	[359, 379]	21
A8MTY7	[0, 168]	169
B2RXH2	[372, 406]	35
B2RXH2	[448, 469]	22
B4DX44	[110, 293]	184
B4DX44	[304, 355]	52
O43474	[369, 391]	23
O43474	[421, 476]	56
O75626	[566, 617]	52
O75626	[678, 719]	42
O95231	[211, 257]	47
P04629	[33, 59]	27
Q14246	[17, 345]	329
Q15072	[7, 59]	53
Q5T442	[307, 327]	21
Q5XUX0	[0, 25]	26
Q5XUX0	[44, 69]	26
Q8N6M6	[53, 89]	37
Q8N6M6	[120, 142]	23
Q8WTR7	[311, 361]	51
Q8WTR7	[637, 734]	98
Q8WTR7	[749, 870]	122
Q92563	[79, 206]	128
Q9BS86	[241, 257]	17
Q9GZY0	[0, 67]	68
Q9H7B4	[250, 275]	26
Q9Y6W6	[62, 90]	29
Q9Y6W6	[151, 179]	29
Q14145	[2, 47]	46
Q14145	[602, 623]	22
Q6P3V2	[429, 482]	54
Q6PML9	[15, 39]	25
Q86Y01	[189, 211]	23
Q86Y01	[400, 423]	24
Q86Y01	[448, 480]	33
Q8N7Q3	[75, 100]	26
Q8N7Q3	[114, 151]	38
Q8N7Q3	[188, 239]	52
Q9BYR3	[0, 165]	166
Q9NQV7	[599, 652]	54
O14638	[566, 586]	21
P07225	[102, 261]	160
P08047	[595, 672]	78
P15621	[102, 233]	132
P15621	[264, 315]	52
P15621	[599, 650]	52
P60369	[0, 220]	221
Q13368	[314, 333]	20
Q9H832	[232, 269]	38
Q9P1U0	[0, 43]	44
Q9UBL0	[755, 809]	55
Q9Y2P7	[81, 104]	24
Q9Y2P7	[230, 309]	80
Q9Y2P7	[482, 561]	80
A0A096LNW5	[26, 267]	242
D6RA61	[34, 61]	28
P07306	[142, 159]	18
P10072	[92, 112]	21
P10072	[292, 343]	52
P11226	[21, 45]	25
P49910	[264, 306]	43
P49910	[335, 414]	80
Q02040	[513, 558]	46
Q15326	[517, 601]	85
Q16099	[905, 934]	30
Q5T440	[28, 45]	18
Q6P531	[476, 492]	17
Q6UWI4	[195, 216]	22
Q6UY18	[28, 46]	19
Q8N1N4	[411, 477]	67
Q96LU7	[51, 80]	30
Q96LU7	[100, 192]	93
Q9H9D4	[344, 483]	140
Q9HAU8	[0, 16]	17
Q9HAU8	[121, 137]	17
B4E2M5	[126, 148]	23
O15553	[316, 407]	92
P08235	[184, 211]	28
P26651	[98, 171]	74
P26651	[238, 259]	22
Q6ZN54	[255, 292]	38
Q86UE3	[167, 231]	65
Q8IZP1	[523, 545]	23
Q8ND24	[644, 702]	59
Q92499	[101, 120]	20
Q92499	[627, 646]	20
Q96P26	[42, 86]	45
Q9Y2T5	[334, 360]	27
O95196	[348, 378]	31
P10075	[174, 225]	52
P10075	[314, 365]	52
P24394	[361, 394]	34
P24394	[412, 440]	29
P24394	[707, 756]	50
P47928	[7, 80]	74
P52824	[92, 232]	141
Q05823	[716, 740]	25
Q6A162	[0, 89]	90
Q6A162	[391, 426]	36
Q7Z3H0	[39, 101]	63
Q8NEK5	[74, 101]	28
Q8NEK5	[356, 372]	17
Q8NEK5	[440, 491]	52
Q8TBJ5	[110, 140]	31
Q8TBJ5	[268, 347]	80
Q99944	[85, 192]	108
Q9BX82	[225, 353]	129
Q9BX82	[394, 625]	232
A0AAQ5BIG5	[605, 675]	71
O00300	[26, 197]	172
O43298	[364, 414]	51
P48960	[15, 265]	251
Q13501	[19, 51]	33
Q64LD2	[509, 524]	16
Q86Y38	[916, 936]	21
Q969W8	[190, 327]	138
Q9H160	[153, 182]	30
Q9H160	[204, 267]	64
Q9H1R2	[145, 165]	21
Q9H1R2	[209, 231]	23
Q9H1R2	[269, 294]	26
Q9H7R0	[105, 197]	93
Q9H7R0	[228, 309]	82
Q9H7R0	[479, 560]	82
Q9NR11	[263, 324]	62
Q9Y508	[0, 76]	77
O60883	[426, 453]	28
P05305	[98, 164]	67
P14373	[0, 127]	128
Q13642	[217, 259]	43
Q5VT99	[28, 50]	23
Q6ZN84	[315, 335]	21
Q6ZN84	[613, 632]	20
Q96NE9	[565, 587]	23
Q9BSY4	[2, 99]	98
Q9HBJ0	[108, 187]	80
O14944	[37, 67]	31
O43300	[450, 467]	18
O60729	[6, 30]	25
P51649	[15, 31]	17
Q15937	[184, 495]	312
Q6P1Q9	[113, 152]	40
Q6P461	[24, 39]	16
Q99726	[370, 387]	18
Q9C098	[43, 78]	36
Q9H8G2	[32, 82]	51
Q9HBT7	[359, 410]	52
Q9UK33	[86, 134]	49
Q9ULM2	[114, 208]	95
Q9ULM2	[241, 348]	108
B2RU33	[0, 46]	47
O43603	[344, 376]	33
P29590	[178, 236]	59
Q12950	[283, 304]	22
Q12950	[316, 386]	71
Q15306	[183, 232]	50
Q16527	[0, 179]	180
Q6UWU4	[145, 160]	16
Q6UY11	[0, 275]	276
Q6UY11	[331, 367]	37
Q8NI77	[733, 790]	58
Q8TC71	[503, 537]	35
Q96K62	[450, 500]	51
Q96N38	[67, 90]	24
Q96N38	[135, 214]	80
Q96N38	[538, 553]	16
Q9H3U7	[29, 162]	134
Q9UIH9	[39, 72]	34
A4D1S0	[208, 230]	23
O14843	[324, 345]	22
P30281	[0, 15]	16
Q66K64	[262, 285]	24
Q66K64	[336, 368]	33
Q6UWV2	[204, 234]	31
Q6UXN8	[101, 118]	18
Q86XU0	[203, 237]	35
Q86XU0	[254, 445]	192
Q96DN2	[16, 270]	255
Q96DN2	[375, 792]	418
Q9NT99	[46, 72]	27
Q9NT99	[332, 350]	19
Q9NUG4	[335, 410]	76
Q9UNL4	[188, 248]	61
Q9Y4I5	[175, 232]	58
Q9Y4I5	[287, 484]	198
P13489	[197, 221]	25
P33981	[258, 331]	74
P35663	[614, 636]	23
P52744	[43, 75]	33
P52744	[98, 180]	83
P84103	[0, 19]	20
Q3SY56	[217, 270]	54
Q68G74	[0, 79]	80
Q8N8C0	[16, 103]	88
Q969J2	[142, 165]	24
Q969J2	[311, 362]	52
Q969J2	[478, 529]	52
Q96HE7	[24, 44]	21
Q9HBE1	[0, 23]	24
Q9HBE1	[346, 397]	52
Q9Y6S9	[0, 21]	22
Q9Y6S9	[348, 380]	33
C9J069	[235, 263]	29
C9J069	[654, 678]	25
E7ETH6	[83, 106]	24
E7ETH6	[192, 218]	27
E7ETH6	[230, 284]	55
P0DKL9	[14, 55]	42
P17509	[102, 118]	17
P35908	[0, 16]	17
Q14588	[167, 375]	209
Q14588	[447, 528]	82
Q8NFZ5	[397, 428]	32
Q8WWZ8	[39, 58]	20
Q8WWZ8	[141, 275]	135
Q8WWZ8	[502, 522]	21
Q9H161	[0, 15]	16
Q9H161	[314, 334]	21
Q9NSB2	[510, 539]	30
Q9NSB2	[551, 599]	49
Q92686	[0, 18]	19
Q96NG5	[143, 194]	52
Q9N2K0	[238, 266]	29
