Accession_number	Predicted_score
O75678	0.6337117552757263
Q14585	0.696746826171875
Q53EZ4	0.5816090106964111
Q7Z7K2	0.5963684916496277
Q9BRZ2	0.5797904133796692
Q9UL59	0.676284670829773
O43915	0.5931585431098938
Q8N823	0.6844231486320496
Q96QE4	0.5064165592193604
Q9NZV7	0.5632328987121582
Q9UK11	0.6133306622505188
O00451	0.7191298007965088
O14545	0.5272963643074036
P0DH78	0.5445250272750854
P24278	0.5012704133987427
P25445	0.5643232464790344
Q13114	0.5670424103736877
Q2TV78	0.6050627827644348
Q7Z4F1	0.7436827421188354
Q8TC92	0.5797552466392517
Q96NJ3	0.6279065012931824
Q9BY79	0.5895706415176392
O75078	0.6622289419174194
P55285	0.5270853042602539
Q03426	0.6140120029449463
Q86YH2	0.615116536617279
Q9BV97	0.5942678451538086
Q9Y2H8	0.6562173962593079
Q9Y5Y6	0.6693137288093567
A6NCL7	0.5080424547195435
P36269	0.5010685324668884
Q6PK81	0.6814871430397034
Q6ZVN8	0.5690712928771973
Q7RTV3	0.5538928508758545
Q9H5I1	0.5709292888641357
O43155	0.5902158617973328
Q06730	0.6593241691589355
Q06732	0.6714428663253784
Q0VG06	0.6074094772338867
Q0VGE8	0.6782030463218689
Q2QGD7	0.6481258869171143
Q6S9Z5	0.5379008650779724
Q8IVF1	0.5379681587219238
Q8NHL6	0.5748099684715271
Q9H6E5	0.524448812007904
Q9UBS8	0.5706343054771423
Q7Z6R9	0.7823188900947571
Q9NQ32	0.5893212556838989
O00548	0.7253383994102478
O15537	0.5117195844650269
P01871	0.5053706169128418
Q14584	0.6795010566711426
Q15910	0.6765828132629395
Q2KHN1	0.5908668041229248
Q68CJ9	0.5116982460021973
Q96GW7	0.574776828289032
Q9BUA6	0.5070586800575256
Q15813	0.5285958051681519
Q96T88	0.6065165400505066
Q9ULH4	0.5065807700157166
O75326	0.6853446364402771
P07204	0.71014803647995
P0CH99	0.6514022946357727
Q13822	0.704835832118988
Q6ZN32	0.5007928609848022
Q9UL17	0.592149019241333
Q03923	0.6663193106651306
Q13888	0.6705331802368164
Q60I27	0.5785551071166992
Q8N8U9	0.5527461171150208
Q8WYQ5	0.6266970634460449
Q9BZR9	0.5577096343040466
Q9HCL3	0.5844131708145142
O43187	0.5177052617073059
O75820	0.6668434739112854
Q63HN1	0.5153025984764099
Q8NB50	0.7118440866470337
Q9BXK1	0.5339773893356323
Q9BY15	0.6334561705589294
P05160	0.5718085765838623
P14210	0.6532328724861145
P43694	0.578612208366394
Q3SXZ3	0.6485444903373718
O94889	0.5508472323417664
P35789	0.6672093868255615
Q6ZS27	0.6571035981178284
Q96HD1	0.7175289392471313
Q9BU40	0.5928113460540771
Q9BV87	0.5361959338188171
Q9HC78	0.504713773727417
A2RUB1	0.517045795917511
P54764	0.6614905595779419
Q15928	0.6171408295631409
Q96K80	0.5373280048370361
Q9NS68	0.6065409183502197
O95436	0.5753688216209412
P0CI00	0.6431386470794678
Q30KQ8	0.5713971853256226
Q5VUG0	0.5161964297294617
Q86UZ6	0.56021648645401
Q86VK4	0.6495848298072815
Q9BU19	0.543648898601532
Q9HCX3	0.7163405418395996
Q9UJW2	0.6572368144989014
O14901	0.6076155304908752
Q68DI1	0.6476730704307556
Q8NEB7	0.5215064287185669
Q96JB3	0.5580292344093323
O14639	0.5763858556747437
O15541	0.6013857126235962
Q75N03	0.6159318685531616
Q8TC27	0.689310610294342
Q8WYP3	0.5460115075111389
Q9H013	0.7462011575698853
Q9NQX0	0.6172654628753662
P26010	0.6745953559875488
P98168	0.6513335108757019
Q147U1	0.6498391628265381
Q5T7W0	0.5269197821617126
Q9BWF3	0.5609478950500488
Q9H9P5	0.6516453623771667
Q9NYJ7	0.531035840511322
Q9UBN6	0.6070210933685303
Q9UHC7	0.58833909034729
Q9UKT9	0.5514434576034546
O15156	0.5705729722976685
Q01954	0.5398016571998596
Q13772	0.5456353425979614
Q5JVG2	0.691126823425293
Q6ZN11	0.6127967238426208
Q8NHY6	0.6450339555740356
Q8TB24	0.5061919689178467
Q92800	0.5624626874923706
Q9C040	0.5254228711128235
Q9H1B5	0.5070529580116272
Q86V20	0.5068622827529907
Q8IXZ2	0.6391821503639221
Q8NEG5	0.5186078548431396
Q8TC21	0.6741167306900024
Q96QE2	0.6137226223945618
Q9UM63	0.530758798122406
P50747	0.5079589486122131
Q5FWF6	0.589500367641449
Q6ZNH5	0.668921947479248
Q6ZWE6	0.5610905885696411
Q8N988	0.6570026874542236
Q96HQ0	0.6512957811355591
Q9BWW7	0.5847761034965515
O00622	0.667649507522583
P04003	0.6690396666526794
Q15650	0.5518386960029602
Q6ZMY9	0.6775517463684082
Q86TJ5	0.6328345537185669
A6NEQ0	0.5177874565124512
P17031	0.6680320501327515
Q5RL73	0.5228127241134644
Q8N8Z8	0.6496716141700745
Q96EG3	0.586381733417511
Q96JF6	0.6389043927192688
A8MUZ8	0.6432469487190247
O94769	0.6010290384292603
O95631	0.6126689910888672
P17032	0.6415209770202637
Q6ZNE9	0.5621921420097351
Q7Z3V5	0.581108570098877
Q8N554	0.5024557113647461
Q8TCV5	0.624473512172699
Q96JP5	0.5663983225822449
Q9NS98	0.5733882784843445
P21128	0.5574461817741394
B7Z6K7	0.6854006052017212
O75529	0.5091622471809387
P40126	0.5905309915542603
Q13608	0.5244917869567871
A0A7P0TAN4	0.6714650988578796
O00337	0.5758987069129944
O60260	0.583418071269989
P21754	0.5783118009567261
P28799	0.6804010272026062
Q06587	0.5096141695976257
Q495A1	0.541475236415863
Q6GPH4	0.5914657711982727
Q6ZMV8	0.6371788382530212
Q96H40	0.5584952235221863
Q9Y473	0.6314270496368408
A0A1W2PPM1	0.567434549331665
C9JN71	0.6443476676940918
O14836	0.6605521440505981
O60296	0.6592587232589722
P0DPK3	0.7145305275917053
Q13398	0.6487458348274231
Q13474	0.5420665144920349
Q14393	0.6699813008308411
Q8N4W9	0.6923742890357971
Q96LW9	0.5519037842750549
O95376	0.6668714880943298
O95388	0.6539996266365051
P02765	0.5971333384513855
P13497	0.6697434186935425
Q6H8Q1	0.5899034738540649
Q6PDB4	0.6674458384513855
Q8NDW4	0.6320338249206543
Q8NFJ8	0.5119776725769043
Q9UP79	0.6710156798362732
Q9Y2Q1	0.6110235452651978
A0A8I5KTY6	0.5977193117141724
O14763	0.6309607028961182
Q17RS7	0.5501007437705994
Q6A163	0.539413332939148
Q8N587	0.6603130102157593
Q96MU6	0.6601654291152954
Q9BWX5	0.6172574758529663
Q9Y2I2	0.6977822184562683
O95886	0.7251784801483154
O95965	0.6886894106864929
P81408	0.582189679145813
Q6ZN55	0.5359814167022705
Q86Y25	0.6408848762512207
Q9H609	0.514508843421936
P10074	0.6267256140708923
P17014	0.5410441756248474
Q08AE8	0.5210128426551819
Q7RTT9	0.5070685148239136
Q8NBP7	0.5875105261802673
O43309	0.6512553691864014
P00747	0.5583618879318237
P80370	0.6551753282546997
Q03403	0.6237019896507263
Q6UXH9	0.5658223032951355
Q8IWY8	0.6529334783554077
Q96N77	0.5984528064727783
Q9UHJ3	0.5246041417121887
Q9UHR6	0.5815909504890442
O43506	0.7531939744949341
P36941	0.6309946179389954
P09958	0.5966916084289551
Q13137	0.5094528198242188
Q8NAP8	0.5946864485740662
Q96NL3	0.6935686469078064
Q9P107	0.6138284206390381
Q9Y215	0.6751264333724976
Q9Y6Q2	0.5750202536582947
Q86Y33	0.5133633613586426
Q92832	0.7348519563674927
Q96GX5	0.6396399140357971
Q9HCU0	0.7139506340026855
P04070	0.7084069848060608
P48060	0.6201395392417908
Q6P3X8	0.5225569009780884
Q8WXD0	0.64759761095047
Q96I82	0.6596240997314453
Q9H4F8	0.6076558828353882
P78549	0.6026483774185181
Q5TA31	0.5178600549697876
Q5XUX1	0.5400773882865906
Q6NUN9	0.5657240152359009
Q6P1K8	0.6695737838745117
Q8IZE3	0.6187360286712646
Q8NAM6	0.536268413066864
Q8TC41	0.5339469909667969
Q8TE02	0.5850258469581604
Q8TF50	0.5367145538330078
Q86UQ0	0.5731308460235596
Q8IZ26	0.6821117997169495
Q8NEP9	0.6137580871582031
Q8TCN5	0.6043450832366943
Q9H2S5	0.561448335647583
Q9Y4K3	0.6158576011657715
Q86UD3	0.5293712615966797
Q8IXT1	0.5054869651794434
Q92785	0.6083035469055176
Q9UJU3	0.6487032771110535
Q14520	0.6546674966812134
Q5T0B9	0.6157578229904175
Q6ZTB9	0.6757502555847168
Q7Z3I7	0.6305810809135437
Q9BZ11	0.7035295963287354
A6NGJ6	0.5492125153541565
P18084	0.7330182790756226
Q16587	0.7094168066978455
Q494X3	0.648810863494873
Q5VWI1	0.6023543477058411
Q86V71	0.6642036437988281
Q8NB42	0.6432294845581055
Q969Z4	0.503278374671936
Q96LW1	0.6156461834907532
Q96QV1	0.5983075499534607
A6NF34	0.6143804788589478
P17027	0.6525823473930359
P23327	0.5503426194190979
Q6P2D0	0.5938776731491089
Q8IUB2	0.606115996837616
Q8WUU4	0.5238452553749084
Q96DZ1	0.544413149356842
Q96N20	0.5754157304763794
Q9H4I2	0.6838846802711487
Q9NSJ1	0.508366048336029
Q13434	0.5518094897270203
Q15389	0.5055798888206482
Q8N883	0.5450160503387451
P17036	0.6816797256469727
Q9BX73	0.7050036191940308
Q9Y2Y9	0.520307719707489
P08253	0.5749960541725159
P17029	0.6352004408836365
Q6P9F5	0.6218692064285278
Q96PM5	0.5364786386489868
Q96SQ5	0.6900274753570557
A6NLI5	0.526621401309967
O43900	0.5099979639053345
Q15942	0.7056378126144409
Q8NA31	0.5613643527030945
Q96KR4	0.6243582367897034
Q9UL58	0.514428973197937
Q8IYX0	0.6391006708145142
Q8NA42	0.6792373061180115
Q96BT7	0.5752921104431152
Q9NR80	0.6201574206352234
Q9UHF1	0.5814636945724487
A0A5F9ZHS7	0.5509013533592224
O00110	0.5948206186294556
P0DJD3	0.5218408703804016
Q16576	0.5672842860221863
Q6ZMY6	0.5371867418289185
Q9NPF0	0.567793071269989
P10073	0.6235961318016052
Q12901	0.6589439511299133
Q15365	0.5350872874259949
Q4G112	0.6996484994888306
Q8IZP6	0.605289101600647
Q92750	0.5806795358657837
Q9H706	0.5934129953384399
P13682	0.6604154706001282
P25490	0.5473728179931641
P62684	0.5270358324050903
Q86WZ6	0.6601014137268066
Q8N0Y2	0.5060625076293945
Q8N143	0.5281863212585449
Q8N2R0	0.6549006700515747
Q9BXR6	0.5716649889945984
Q9UK13	0.6485958695411682
O95780	0.5588663816452026
P08048	0.6566601395606995
Q8IZN3	0.5292669534683228
Q8N8Y5	0.5857560634613037
Q96EF0	0.7038378119468689
A6NDX5	0.6471858620643616
P37173	0.5770738124847412
P98153	0.6741330027580261
Q13886	0.5293835997581482
Q99684	0.6817975044250488
Q9HCI7	0.5305584073066711
Q9UKJ8	0.7405144572257996
Q13643	0.7273021340370178
Q8N3J9	0.6947987079620361
Q8N475	0.6303449273109436
Q9BYN7	0.5507516264915466
Q9UPW0	0.6618672609329224
O15060	0.574842631816864
P49747	0.6580711007118225
Q92956	0.5913028120994568
Q99676	0.6812086701393127
A6NK53	0.5324586629867554
P03973	0.5280678272247314
P32942	0.5063318610191345
P52740	0.6922847032546997
Q14995	0.7628467679023743
Q6ZR52	0.54849773645401
Q8IZ20	0.6111630797386169
Q96NJ6	0.6405481696128845
Q9ULD6	0.514191210269928
P00751	0.6330947279930115
P52742	0.6606886982917786
Q06203	0.5840889811515808
Q13574	0.5367112755775452
Q6ZSB9	0.6471694707870483
Q8N328	0.6074930429458618
Q92802	0.6358975172042847
Q96I27	0.6720870137214661
A2RRD8	0.6448295712471008
O14978	0.6597628593444824
O60765	0.6712214350700378
P17023	0.6598790287971497
Q16206	0.52638179063797
Q6ZN08	0.6563512682914734
Q8NDX6	0.5246396064758301
Q96SZ4	0.5958390831947327
Q9NWW7	0.5586298704147339
O95863	0.5755065083503723
P0CG23	0.6037800312042236
P17039	0.613986074924469
P51508	0.5597985982894897
Q6ZMW2	0.5562068223953247
Q8TD23	0.6591211557388306
Q9NQX1	0.5879179239273071
P07202	0.5910684466362
P10646	0.6594102382659912
P29320	0.6542133688926697
Q96T92	0.5392110347747803
Q99469	0.664527952671051
Q4V348	0.6695507764816284
Q6ZNA1	0.6369785070419312
Q86T29	0.509885311126709
Q86VW2	0.5344161987304688
O95361	0.5747683644294739
O95460	0.7496005296707153
P13385	0.6280084252357483
Q68DY1	0.6781628727912903
Q7Z7L9	0.6356496214866638
Q86UD4	0.6405988335609436
Q8NHS0	0.7544700503349304
Q8WV37	0.6269384622573853
Q9UNY5	0.5901975631713867
P17098	0.620901346206665
Q02447	0.608260452747345
Q8NCP5	0.5819492340087891
Q9NV72	0.6747632026672363
Q9NVP4	0.6158462166786194
Q9NXR8	0.566702663898468
Q9P0V3	0.6149357557296753
Q9UJV9	0.5617985129356384
Q9UK23	0.6468449831008911
O43313	0.6090240478515625
P0C7P1	0.5218408703804016
P51523	0.6452446579933167
Q13422	0.6364611387252808
Q14525	0.5127276182174683
Q6ZNG1	0.698067307472229
Q8N393	0.6362926959991455
Q9BZE0	0.5821124911308289
Q9UIE0	0.6042726635932922
O60687	0.6467627286911011
P52737	0.6709496974945068
Q52M93	0.6043005585670471
Q7L5Y9	0.5078521370887756
Q8IX06	0.6243968605995178
Q8N680	0.6351566314697266
Q8N865	0.5200123190879822
Q96MR9	0.5607547163963318
Q9BS34	0.5047183036804199
Q9HBX8	0.5065019130706787
Q9UDV7	0.6377304792404175
Q9Y3Q7	0.6964700222015381
O43790	0.6538386940956116
P56270	0.6533777117729187
Q8IV13	0.5736373662948608
Q9BQ04	0.6032518148422241
Q9UC07	0.6446335315704346
A8MWA4	0.6020185351371765
O95967	0.7093459367752075
Q5HYA8	0.7184273600578308
Q8WXI3	0.5494447946548462
A8MTY0	0.6631629467010498
P53667	0.5151834487915039
Q05215	0.615196704864502
Q15776	0.6200435757637024
Q4FZB7	0.5840499997138977
Q6IQ21	0.6246349215507507
Q8WYH8	0.5849974751472473
Q92974	0.6283238530158997
Q96CS4	0.6281144022941589
Q9BXB1	0.6345128417015076
Q9GZU1	0.52447110414505
Q15043	0.5577786564826965
Q5JNZ3	0.6871378421783447
Q6UXD5	0.6047797203063965
Q8NDP4	0.6298846006393433
Q9BRH9	0.6290780901908875
Q9P2F9	0.6086075305938721
Q9UBP4	0.6840308904647827
Q9UMF0	0.5899128913879395
P16415	0.667982816696167
P21580	0.5875958800315857
Q8WUB8	0.6527737975120544
Q96J02	0.5855425596237183
Q9Y2A4	0.6431717872619629
Q9Y2P0	0.6835119128227234
P55286	0.5521304607391357
Q15697	0.583863377571106
Q49AA0	0.6163551807403564
Q63HK3	0.6775920391082764
Q7Z403	0.5835326910018921
Q8N187	0.6135639548301697
Q8N4Q1	0.5179541707038879
Q9NUK0	0.510002613067627
Q9Y5R5	0.5051275491714478
O43296	0.6877737641334534
P36508	0.6503371000289917
Q8TF47	0.5978021621704102
Q8WWF5	0.6020382642745972
Q9NYT6	0.6852035522460938
Q9UKS7	0.6688181757926941
P55259	0.5271131992340088
Q8N184	0.6875467896461487
Q8NHG8	0.5280008912086487
Q9ULT6	0.5607662796974182
O43829	0.5730839371681213
O76011	0.5147193074226379
P00749	0.623718798160553
P0CB33	0.6247808933258057
P16109	0.6897424459457397
Q15654	0.5195176005363464
Q8TAX0	0.5439677238464355
Q96IR2	0.678837776184082
Q9BRN9	0.6264051795005798
Q8N972	0.6810572743415833
Q8TD17	0.5740171670913696
Q8TF39	0.6590119004249573
Q96AP4	0.5058509111404419
Q96EK2	0.5612260699272156
P51786	0.641263484954834
Q6ZN18	0.5090224742889404
Q8IVP9	0.6884880661964417
Q9BQ16	0.6551806926727295
Q9H0B8	0.5448110103607178
Q9NXT0	0.6424493193626404
A6NP11	0.6547757983207703
P35354	0.512441098690033
Q8IWY4	0.7250586748123169
Q9HAS3	0.6189532279968262
Q9HDB9	0.5489479899406433
Q9UJY4	0.6824876070022583
O14960	0.5079875588417053
P98182	0.597399115562439
Q6ZT77	0.5947256684303284
Q86U44	0.5611593127250671
Q8WU68	0.6119970679283142
Q9BUG6	0.5363332629203796
Q9P0K1	0.6685173511505127
O95202	0.5405604243278503
O95985	0.6616423726081848
Q03405	0.6885143518447876
Q8IW36	0.6224618554115295
Q9BSG1	0.663025438785553
P14784	0.5230165719985962
P52747	0.6190752983093262
Q92782	0.6165290474891663
Q9C019	0.5703293085098267
Q9UKQ2	0.7275785803794861
A0A140TA62	0.5369778871536255
P49711	0.6032117009162903
Q07011	0.616237461566925
Q08629	0.6016229391098022
Q49AM3	0.5179336071014404
Q96RE9	0.6749549508094788
Q9UEG4	0.6583799123764038
Q9Y2K1	0.5417926907539368
P51504	0.6788602471351624
P53041	0.6196045875549316
Q8NCK3	0.6597173810005188
Q96H86	0.615747332572937
Q9BWM5	0.7129700183868408
O14490	0.6126354932785034
O76009	0.5277701616287231
P15976	0.6061629056930542
P26842	0.6101574897766113
P43489	0.520639181137085
P78396	0.5045381784439087
Q13106	0.6756424903869629
Q15375	0.594468891620636
Q6ZRF8	0.6229960918426514
Q8ND25	0.6643449068069458
Q9UK53	0.5751730799674988
Q9UPG8	0.565222978591919
P00740	0.5090804100036621
Q15935	0.6373357772827148
Q8N6C8	0.5291579365730286
Q96A83	0.5192539095878601
Q9C0F3	0.6610313057899475
Q9NZU5	0.6378882527351379
P07358	0.7096284627914429
P49767	0.6114121079444885
P51522	0.5285956263542175
P56915	0.5326661467552185
Q2VY69	0.6381698250770569
Q6UWL2	0.5269466042518616
Q6ZN79	0.6569750905036926
Q8N9Q2	0.5075198411941528
Q9H116	0.6635885834693909
Q14134	0.5989100933074951
Q8NCA9	0.5646953582763672
Q96A99	0.5710780024528503
Q14990	0.6364632844924927
Q4G1C9	0.5783026814460754
Q8N7K0	0.6774192452430725
Q8N9Z0	0.5647552609443665
Q8TBZ5	0.6206244230270386
Q9BR11	0.5085862874984741
Q9BSK1	0.6594516038894653
Q9UPT5	0.5384255051612854
Q3KNS6	0.6267207860946655
Q68BL7	0.5552716255187988
Q8TB69	0.6154924035072327
Q9H4T2	0.5875400900840759
P54762	0.592717170715332
Q06889	0.5942484736442566
Q3ZCT1	0.6419839262962341
Q5HY98	0.5012008547782898
Q6ZNG0	0.5937051773071289
Q9NW07	0.6444483995437622
Q9Y5W5	0.643090009689331
O15393	0.5872046947479248
P32926	0.6242515444755554
P49619	0.6866675019264221
Q08ER8	0.6064825057983398
Q499Z4	0.553384006023407
Q5TEC3	0.685454785823822
Q6PF04	0.6906740069389343
Q8N6Q3	0.6401700377464294
Q96CX3	0.6363051533699036
Q9BRB3	0.5866719484329224
Q9BUK6	0.6395875215530396
Q9NWN3	0.553665816783905
Q9NWS9	0.5065614581108093
Q9NYW8	0.5743729472160339
Q9UJW8	0.6427443623542786
P17035	0.643670380115509
Q5SXM1	0.5348044633865356
Q8IVC4	0.5802488923072815
Q8IXM7	0.5890049934387207
Q96N22	0.5300125479698181
B7ZLF3	0.536175549030304
O95980	0.7245773673057556
P0CG36	0.5789370536804199
P0DPD5	0.6725218296051025
P14151	0.6664034128189087
P23508	0.5140020847320557
Q6DJT9	0.59749835729599
Q8N9L1	0.540717601776123
Q96CC6	0.50564044713974
P48745	0.5775219202041626
P52738	0.5708368420600891
Q6NSI8	0.5560093522071838
A8MXY4	0.604991614818573
P22413	0.7009639739990234
Q5T5D7	0.607140839099884
Q9BUY5	0.6592430472373962
Q9H4Q3	0.5194340348243713
Q9H5U6	0.6180999875068665
P0DJD4	0.5218408703804016
P43250	0.5331411361694336
Q9NQ86	0.5243784785270691
O75074	0.5820851922035217
P14138	0.5575502514839172
Q02985	0.605861485004425
Q16600	0.6595923900604248
Q6U7Q0	0.6173931956291199
Q8IUQ4	0.663328230381012
Q969P0	0.5540627241134644
Q9HCC9	0.519425094127655
O00220	0.5434438586235046
P05107	0.6796160340309143
P23769	0.6105519533157349
Q14526	0.6055197715759277
Q6P9A1	0.6401606798171997
Q6UXH8	0.6010155081748962
Q7LFX5	0.5552120804786682
Q8IWR0	0.5470575094223022
Q9NQ03	0.6032816767692566
Q9P0L1	0.6753511428833008
O43184	0.761559009552002
P15622	0.6400495171546936
Q01101	0.5398994088172913
Q3SY52	0.613461971282959
Q5VIY5	0.6297496557235718
Q8N8K9	0.5223338007926941
Q96K75	0.6178435683250427
Q96RL1	0.5235000252723694
Q9UK10	0.6579136252403259
Q9Y314	0.5841462016105652
Q9Y330	0.5927485823631287
P06681	0.6106471419334412
Q5TD97	0.6988295316696167
Q8IYR2	0.5570920705795288
Q8N720	0.5303264856338501
Q99612	0.5218194723129272
P08709	0.6890733242034912
P52736	0.69593745470047
Q08AG5	0.6208094358444214
Q5T601	0.5257433652877808
Q5VYX0	0.5230298638343811
Q7RTY8	0.7046846151351929
Q9Y2G7	0.5717927813529968
O75509	0.6565296053886414
P08138	0.6806132793426514
Q8N1W2	0.640622615814209
Q96GE5	0.6608080267906189
Q99435	0.7303224205970764
Q9BY31	0.6690681576728821
Q9Y2Y4	0.5805386304855347
P78385	0.6350585222244263
Q12933	0.6505021452903748
Q14721	0.5405616760253906
Q15973	0.6790714859962463
Q9H3R2	0.66147381067276
O43257	0.5421918630599976
O75373	0.6536723971366882
P17019	0.649177074432373
Q13263	0.5494044423103333
Q15884	0.5755449533462524
Q5MCW4	0.5774081945419312
Q8N859	0.6221946477890015
Q9UJ78	0.5749310255050659
O15535	0.6513833403587341
P0CJ79	0.6624200344085693
Q5VV52	0.6398559808731079
Q7L3S4	0.5428776144981384
Q9UBM4	0.6113030314445496
Q9UDY8	0.6547843217849731
O95633	0.6233828067779541
O96018	0.5428863167762756
P28698	0.6315871477127075
P52739	0.5025122761726379
Q14563	0.6128974556922913
Q9NQZ8	0.6816376447677612
Q8IUA0	0.6958034038543701
Q8N141	0.5764240026473999
Q8N895	0.7107263207435608
Q8WYA1	0.5901809930801392
Q92743	0.5260603427886963
Q96SE7	0.6559253931045532
Q96SL8	0.6041958928108215
P00748	0.6268791556358337
P00750	0.6085022687911987
P17025	0.5866023898124695
Q6Q0C0	0.6669233441352844
Q7Z736	0.5723816156387329
Q8N3F9	0.5737244486808777
P11161	0.6115170121192932
P41182	0.6194009780883789
Q02386	0.6615869402885437
Q5VTD9	0.7097983360290527
Q6DD87	0.5851491689682007
Q8N8L2	0.6327711939811707
Q9H8W5	0.5807982683181763
Q9HBF4	0.5452232956886292
Q9NZL3	0.6689836382865906
Q9UJL9	0.5134629607200623
Q14929	0.6842817664146423
Q6P1L6	0.67292720079422
Q86X76	0.5066887736320496
Q9NSB4	0.5154752135276794
Q9NZP8	0.5511482357978821
Q9UDR5	0.7472584247589111
A6NC86	0.7397782802581787
Q13506	0.5356221199035645
Q9H7L2	0.6064445376396179
Q9H7R5	0.6853834986686707
B4DU55	0.6938402056694031
O75382	0.5392416715621948
P23771	0.5249434113502502
Q14258	0.5706651210784912
Q96A37	0.5748742818832397
Q9P2Y4	0.5170496106147766
Q9UDV6	0.5127789974212646
O43255	0.6504518389701843
P00734	0.5862280130386353
P05556	0.6253166794776917
P0CF97	0.5337391495704651
P51815	0.6097120642662048
P60508	0.5420757532119751
Q6UW60	0.6104357242584229
Q6ZVD7	0.5870077013969421
Q9BX74	0.517837405204773
Q9H2U9	0.7350382208824158
Q9P255	0.6837501525878906
B1AKI9	0.5426045656204224
P36980	0.5228786468505859
P55001	0.5143766403198242
Q3KQV3	0.508895218372345
Q66K89	0.5798177719116211
Q6NSZ9	0.5724219083786011
Q6NVV9	0.5850449800491333
Q6UXH1	0.6820592284202576
Q9H694	0.6213311553001404
Q9H7X3	0.6398859620094299
Q9NQ30	0.6594841480255127
Q8WXB4	0.6451624631881714
Q9GZV8	0.5916972756385803
Q9UHI8	0.7035173177719116
P25942	0.6485815048217773
P48742	0.5951626300811768
Q03936	0.601580798625946
Q13275	0.6375247836112976
Q14119	0.5144004821777344
Q15323	0.6061879992485046
Q15915	0.5822351574897766
Q8IZF7	0.506770133972168
Q9BYV2	0.5736817717552185
P01130	0.7195140719413757
P78536	0.6950151920318604
Q13105	0.6920198202133179
Q14586	0.6457505822181702
Q2M3W8	0.6378362774848938
Q9BR84	0.644653856754303
Q9H4Q4	0.6149048209190369
O43278	0.618632972240448
P21709	0.6080438494682312
Q6ECI4	0.6782716512680054
Q6ZN19	0.7135064601898193
Q8IWU5	0.5353590846061707
Q92908	0.5204887390136719
Q9BUZ4	0.6424980163574219
A6NM28	0.6607167720794678
O43361	0.6231658458709717
P60852	0.6330989003181458
Q9HCZ1	0.6520220041275024
Q9NX38	0.5269549489021301
Q9UII5	0.6403164863586426
O94892	0.6256109476089478
P10643	0.5528175234794617
Q05516	0.5254482626914978
Q3MIS6	0.6794074773788452
Q6P9A3	0.5889360904693604
Q6UXZ4	0.5820555090904236
Q8NC26	0.530993640422821
Q9H1U4	0.6655449271202087
Q9HB63	0.7132889628410339
Q9UGR2	0.5134102702140808
P78325	0.5081191062927246
Q16842	0.6204968094825745
Q17R60	0.5108714699745178
Q5JVG8	0.5735659599304199
Q8TAP6	0.5963979363441467
Q9P0T4	0.5457567572593689
B2RXF5	0.5881734490394592
P0DTL6	0.5483372211456299
Q02487	0.6483425498008728
Q8IYR6	0.7028545141220093
Q8N782	0.6302806735038757
Q9UJW7	0.5310183763504028
Q8IUX8	0.6937367916107178
Q8IVN8	0.6214253902435303
Q8TE58	0.6814841628074646
Q9BS31	0.6520940065383911
P30260	0.6806526184082031
P52743	0.5760080218315125
Q14872	0.5715816617012024
Q8WWL2	0.5155890583992004
Q9C0K0	0.5535767078399658
A1L4K1	0.5745909810066223
O43854	0.6701873540878296
Q07352	0.5910792946815491
Q6PJF5	0.6088552474975586
Q6PJT7	0.6447623372077942
Q8IZC7	0.6110960841178894
Q8N9K5	0.6614844799041748
Q8WUP2	0.617500901222229
Q9H2X0	0.5000112056732178
Q9NVW2	0.5442991256713867
P02749	0.6290651559829712
Q8NDL9	0.6818435192108154
Q9Y5A6	0.6716170310974121
Q68DY9	0.6646499633789062
Q76KX8	0.6943397521972656
Q8TAT5	0.6009847521781921
Q96CK0	0.5260558128356934
Q96SR6	0.6460587978363037
O43623	0.6321508288383484
O95081	0.5244513750076294
O95600	0.5390689373016357
P05106	0.660719096660614
P17026	0.6172041296958923
Q3ZCX4	0.656766951084137
Q7Z3S9	0.71571946144104
Q9GZM7	0.611372172832489
O14618	0.5881080627441406
O75829	0.5383501648902893
O95409	0.5224484205245972
P07911	0.6725061535835266
P29317	0.5802878737449646
Q02535	0.5058294534683228
Q13485	0.5964929461479187
Q99965	0.674976646900177
Q9UM82	0.5604250431060791
P0DKX0	0.5483725666999817
P14679	0.5079753398895264
P47974	0.6057693362236023
Q03938	0.6802123188972473
Q53H47	0.5771515965461731
Q92664	0.5025337934494019
Q9NS37	0.5763404369354248
O43868	0.6112837791442871
O95639	0.5126479268074036
P13671	0.6414780020713806
P26012	0.6637197732925415
Q14192	0.6877794861793518
Q2TAL6	0.5861246585845947
Q8IW52	0.5268082618713379
Q9UKY1	0.5547264218330383
P49746	0.6927466988563538
Q49A33	0.6177612543106079
Q8TAU3	0.6887791156768799
Q92784	0.594645619392395
Q9BXB4	0.5147925615310669
Q9HB58	0.5579084157943726
Q9UK12	0.6595276594161987
O75290	0.5942057371139526
P17010	0.6583057641983032
P23142	0.716660737991333
Q96C10	0.6233879923820496
Q9H2S9	0.6487055420875549
Q9UC06	0.6568008065223694
Q9UFB7	0.5781389474868774
A0AAG2UUX9	0.5748637318611145
O14798	0.528307318687439
Q8TAQ5	0.6569375395774841
Q8TF32	0.5914247035980225
Q9H0M5	0.6430699825286865
O60481	0.5742316842079163
P20333	0.5536202192306519
Q09013	0.5404209494590759
Q13444	0.668803334236145
Q8ND82	0.5752333402633667
Q96ND8	0.6215131282806396
O95389	0.6036849021911621
P48740	0.5185788869857788
Q5CZA5	0.6600267887115479
Q8IZ69	0.5855550169944763
Q96BR6	0.6713045835494995
Q9HAV5	0.579197883605957
Q8TBZ8	0.6617256999015808
Q9UKF2	0.7783611416816711
Q9Y6Q6	0.645354688167572
A0A1W2PQL4	0.6497282385826111
A8K8V0	0.5851825475692749
P22888	0.5863580703735352
Q5HYK9	0.5816428065299988
Q5QP82	0.644805908203125
Q7Z2W4	0.5780321955680847
Q9UBE8	0.5411326289176941
Q6MZW2	0.6243993043899536
Q96EP1	0.6274608969688416
O75123	0.6318022012710571
P17022	0.6367287039756775
P83110	0.5681990385055542
Q6ZNB6	0.5662545561790466
Q9NUD5	0.6602412462234497
O15232	0.7130405306816101
P18564	0.6251547932624817
P98155	0.6522282361984253
Q8TF68	0.630132257938385
Q96MX3	0.6349686980247498
Q9C0B0	0.5906668305397034
Q9HCG1	0.6994301676750183
Q9UJN7	0.6667186617851257
Q9UKA1	0.6394486427307129
O43294	0.6583640575408936
P0CG37	0.5720677375793457
P17481	0.5643491744995117
Q12946	0.5911893248558044
Q8N567	0.628163754940033
Q96NZ8	0.6352562308311462
Q99985	0.6109687685966492
Q9H000	0.6194636821746826
Q9H963	0.6134263277053833
A6NK75	0.666041910648346
O95185	0.5462504625320435
Q8IYB9	0.6781560182571411
Q9BSW7	0.531599760055542
Q9H1R3	0.5449433922767639
Q9UIS9	0.5956500768661499
Q9Y2X9	0.560453474521637
P43004	0.5033053755760193
Q5SVQ8	0.6016379594802856
Q5VZF2	0.5690664649009705
Q6ZMS7	0.5213717222213745
Q86W11	0.6763424873352051
Q8TA94	0.6579931378364563
Q9NQC1	0.6011040210723877
Q9P2J8	0.6293064951896667
O15204	0.6143469214439392
O95365	0.5801807045936584
P17041	0.6593160629272461
P40938	0.5058445930480957
Q14114	0.6172041296958923
Q6PJ61	0.5429825186729431
Q6ZN57	0.6818119883537292
Q8IVT5	0.5795592069625854
Q96N95	0.5717409253120422
Q96RL6	0.5299464464187622
P24386	0.5166020393371582
Q13191	0.5965248346328735
Q13342	0.653005838394165
Q68BL8	0.5925666689872742
Q8NCF0	0.6820773482322693
Q9H930	0.6442117094993591
O75610	0.5076101422309875
Q15940	0.5566685795783997
Q16342	0.545184314250946
Q8IYN0	0.6374404430389404
Q8TF20	0.6537567973136902
Q9H165	0.5391327738761902
Q6IV72	0.6376193761825562
Q86YD5	0.6519117951393127
Q8NFT8	0.7346127033233643
Q8WZA1	0.5553793907165527
Q9NU63	0.6938446164131165
Q9Y4X5	0.5069559812545776
A1L020	0.5278192758560181
P17024	0.6620737910270691
Q6ZSA7	0.5246522426605225
Q86YE8	0.6238126754760742
Q8TEU8	0.6518637537956238
Q9UHX3	0.6137902140617371
Q9UIF7	0.6070296764373779
Q09FC8	0.6964499950408936
Q3KNW1	0.5832974910736084
Q8TAW3	0.6161031126976013
Q96PQ6	0.6423653364181519
Q9BRR0	0.5709407925605774
Q9Y6R6	0.6408533453941345
O43167	0.6862173080444336
O95125	0.5851715803146362
P00736	0.7026368975639343
P0DP72	0.635491132736206
P98169	0.6506283283233643
Q12841	0.6654151082038879
Q14162	0.5986121892929077
Q5T619	0.6098070740699768
Q8IYH5	0.5482553839683533
Q8NFH8	0.5105799436569214
Q96SK3	0.6468077898025513
A8MUV8	0.6596748232841492
O15327	0.5782719850540161
O75679	0.6025024652481079
P0CG00	0.6158419251441956
P19883	0.6610406041145325
Q6ZSS3	0.5086644291877747
Q86VV4	0.5187123417854309
Q9ULB5	0.5362833142280579
P07988	0.6050348877906799
P0DPK4	0.6988515257835388
Q6P9G9	0.6197859048843384
Q96GC6	0.6324039697647095
Q9BWE0	0.6287788152694702
A2RU30	0.5593386292457581
P01042	0.5497150421142578
P16581	0.7000970244407654
P17038	0.6620813608169556
P52741	0.6424571871757507
P62633	0.6927714347839355
Q02556	0.5238524079322815
Q8N423	0.5211284160614014
Q8NDQ6	0.5417032241821289
Q96JB8	0.5141489505767822
P19438	0.6632179617881775
Q04756	0.7191559076309204
Q07617	0.5075759887695312
Q6IE81	0.5155624747276306
Q86TH1	0.6057011485099792
Q8IU80	0.6430143713951111
Q9HBW9	0.6474473476409912
A0A087WUV0	0.6122463941574097
Q32M78	0.6295657157897949
Q86UY6	0.5428000688552856
Q8N3Z6	0.6320595145225525
Q8N9F8	0.6089594960212708
Q8NB78	0.549293577671051
Q8NFU1	0.5164477229118347
Q9NR56	0.547868013381958
Q9NRH2	0.5299651622772217
Q9NXR5	0.5325973629951477
Q9UGT4	0.6018149852752686
Q6P1R4	0.5383089780807495
Q6ZW61	0.5598569512367249
Q8N2I2	0.6461260318756104
Q08554	0.7527430057525635
Q13438	0.5577971935272217
Q8TCF1	0.5926393866539001
A0PJY2	0.5971852540969849
O15209	0.5039052963256836
O94989	0.5074769258499146
Q03924	0.6059602499008179
Q5T0N5	0.561355471611023
Q8N8E2	0.6620249152183533
Q9NTW7	0.6348012089729309
A5PLN7	0.5840204954147339
B4DXR9	0.6281542778015137
P00742	0.5455560684204102
Q02446	0.5563535690307617
Q8NEP7	0.623562753200531
Q96CW9	0.6700782775878906
Q96NG8	0.6569174528121948
Q99592	0.6343193054199219
Q9GZX5	0.6786155700683594
O60269	0.5942100286483765
O75677	0.5957660675048828
P17021	0.704631507396698
Q13049	0.5525511503219604
Q68EA5	0.5947760343551636
Q6PKC3	0.5306816101074219
Q7Z340	0.6616836786270142
Q8N6M9	0.60188227891922
Q9H175	0.563494086265564
P06127	0.5622525215148926
Q14592	0.6273931264877319
Q2M3X9	0.6240292191505432
Q53GI3	0.5921950340270996
Q6ZN06	0.6442883610725403
Q6ZN17	0.5566428303718567
P83105	0.5357487201690674
Q6PCT2	0.6535312533378601
Q86XN6	0.6493013501167297
Q8WW36	0.6486390233039856
A6NI03	0.520932137966156
P17020	0.6795295476913452
Q8IYI8	0.607709527015686
Q9H3T2	0.5842298865318298
Q9NS84	0.5003207325935364
P54760	0.5813817381858826
P58317	0.522936224937439
Q6P280	0.6107922196388245
Q6V9R5	0.6219926476478577
Q8TAT6	0.5705939531326294
Q9BQA5	0.6044591665267944
Q9NQ36	0.6977158188819885
P17643	0.6064795255661011
P52429	0.6560942530632019
Q9H6R7	0.5805510878562927
Q9NSD4	0.6130133271217346
P04118	0.582422137260437
P37023	0.5550674200057983
Q3MJ62	0.6402877569198608
Q53RD9	0.6427593231201172
Q9NP64	0.5286166667938232
O14771	0.5404346585273743
O95407	0.563461422920227
P27037	0.6004222631454468
Q6AW86	0.6965859532356262
Q7Z398	0.5085408687591553
Q8IYP9	0.6464014649391174
Q8N3S3	0.5236408114433289
Q8N412	0.6078492999076843
Q96K58	0.621574878692627
O15041	0.6832299828529358
P05164	0.5650891661643982
P49639	0.6679351329803467
Q16670	0.605292797088623
Q16820	0.5472100377082825
Q658N2	0.5042526721954346
Q8NG06	0.5916997194290161
Q9H707	0.5895869731903076
O00311	0.5418525338172913
O14672	0.6620640754699707
P35443	0.6852329969406128
Q14593	0.6083313822746277
Q6AZW8	0.6601276397705078
Q6NX45	0.6594533324241638
Q9H5J0	0.5872141718864441
Q9UKN5	0.5275607705116272
Q9Y3M9	0.6415764093399048
Q9Y6Q3	0.6813390254974365
O14628	0.6250158548355103
O75077	0.7337557673454285
O76076	0.6230608224868774
Q05BQ5	0.562157392501831
Q93038	0.6750829219818115
Q96B86	0.5049291849136353
Q9H2S6	0.6019867062568665
A6NHJ4	0.6536199450492859
O95201	0.6233582496643066
P30203	0.6343109607696533
P36406	0.6063267588615417
Q3KP31	0.6254295110702515
Q5TH74	0.5980949997901917
Q6NX49	0.5785995125770569
Q6PJ21	0.5553641319274902
Q6WN34	0.596571147441864
B2RUY7	0.613882303237915
O60304	0.5440596342086792
Q7L945	0.6504713892936707
Q8NF99	0.6875611543655396
Q8WVD3	0.5843374133110046
A6NJL1	0.6172166466712952
P17097	0.5200099349021912
Q9NV58	0.5468275547027588
A6NCI8	0.5718832015991211
Q8WVD5	0.5665081143379211
Q96JM7	0.5005407333374023
Q96MF2	0.5651239156723022
Q9HCB6	0.5747158527374268
B6SEH8	0.5622391700744629
O00339	0.7720163464546204
Q13360	0.6179729104042053
Q96C28	0.6373242139816284
P09758	0.5810684561729431
P51814	0.5137065649032593
Q08AN1	0.676977813243866
Q5T4F7	0.5223276615142822
Q86YJ6	0.5420144200325012
Q96N58	0.6558427214622498
Q96PE6	0.6595481038093567
Q9NX65	0.6459909081459045
Q9P272	0.5096567273139954
Q9UKT4	0.5743775367736816
Q9Y2D9	0.5541455745697021
A5D8T8	0.6807733774185181
P27918	0.5490161776542664
P28908	0.6375829577445984
P48307	0.6786954402923584
P51864	0.5845488905906677
Q03591	0.5733808279037476
Q8N2G6	0.5383893251419067
Q96KM6	0.5205469131469727
Q96NI8	0.6316162943840027
Q9H7S9	0.5344904661178589
Q9UIK5	0.7074353694915771
P22830	0.5771771669387817
P31273	0.504237949848175
P54826	0.5751407742500305
Q86SQ3	0.6434631943702698
Q8NEM1	0.6156426072120667
B6SEH9	0.5812119841575623
O75437	0.5568597316741943
O94880	0.5729275941848755
O94985	0.7170474529266357
P29279	0.6520472168922424
Q2M218	0.6044565439224243
Q5UCC4	0.5242210030555725
Q9H5H4	0.6497423648834229
O75467	0.685768723487854
P0CG31	0.6738588809967041
Q0D2J5	0.6070632934570312
Q12805	0.5433516502380371
Q14590	0.6936810612678528
Q6ZMU5	0.6082332134246826
Q8NI51	0.6590256094932556
Q96IT1	0.5136550664901733
Q9Y2L8	0.6189944744110107
Q9HBT8	0.6717363595962524
A0A1W2PPK0	0.5070919990539551
Q14587	0.684340238571167
Q6UWL6	0.5197796821594238
Q6UXI9	0.7166628837585449
Q8IX30	0.7346386909484863
Q9H8G1	0.6272956132888794
P17030	0.6133331060409546
P26927	0.617040753364563
Q6PG37	0.6494836807250977
Q7L2R6	0.6596919298171997
Q92731	0.5209141969680786
Q96C55	0.5898649096488953
Q96S15	0.5914467573165894
Q9Y462	0.5894586443901062
A0A1B0GTW7	0.5905871987342834
O75815	0.5425159931182861
P17017	0.6683065891265869
P22891	0.7097997069358826
Q6PF15	0.5933230519294739
Q6UVJ0	0.5220045447349548
Q6UWM5	0.5214912295341492
Q96EQ8	0.6024988889694214
Q96F45	0.5802529454231262
Q9NR61	0.7227140665054321
Q9ULD5	0.5246096253395081
Q9Y603	0.624273419380188
A6NNF4	0.6504188179969788
Q6UXF7	0.6736941933631897
Q92496	0.6321008205413818
Q96BR9	0.5674687623977661
Q9C026	0.5336227416992188
Q9HAH1	0.6795219779014587
O00635	0.5771540403366089
O75143	0.6331760883331299
P07357	0.6403199434280396
Q8NE65	0.5941900610923767
O75840	0.5118154287338257
P01589	0.513952910900116
P14222	0.6036134362220764
Q13443	0.7400870323181152
Q2Q1W2	0.5311009883880615
Q58A45	0.548825204372406
Q8TAF7	0.6672297716140747
Q96BV0	0.5854605436325073
Q96LX8	0.6482757329940796
Q9UBX5	0.5362008810043335
Q9UKF5	0.7471147179603577
A0ABJ7H351	0.5502667427062988
O15265	0.5693097710609436
O75173	0.7529261112213135
P17028	0.6252356767654419
Q5EBM4	0.5828443169593811
Q5T700	0.6554057598114014
Q6NUJ1	0.5362383127212524
Q6VAB6	0.573468804359436
Q8N8J6	0.6926865577697754
Q96E35	0.5234953761100769
Q9NPC7	0.7133507132530212
Q9NXA8	0.5185399055480957
Q9P0J7	0.6387925148010254
A8MT65	0.6543501615524292
P05156	0.6401172876358032
P59817	0.5197350382804871
Q6MZQ0	0.526959240436554
Q8NA19	0.5098991394042969
Q8TF45	0.638854444026947
Q96JC4	0.6638021469116211
Q9P0N8	0.5171058177947998
Q9Y561	0.6839775443077087
O75346	0.6605133414268494
O75398	0.5202891826629639
P09919	0.5405786037445068
Q13470	0.5238873958587646
Q6ZMS4	0.654241144657135
Q9UNA0	0.6260687112808228
Q9UNE0	0.6509979963302612
P0CG24	0.6681917905807495
P29122	0.6910467147827148
Q6N043	0.5681095719337463
Q8IWZ5	0.5903694033622742
Q8N7M2	0.6156749129295349
Q96GP6	0.6146084070205688
Q96JL9	0.6422703266143799
Q96T25	0.5686190128326416
Q99062	0.724921703338623
Q9BWX1	0.5970765948295593
Q9NPY3	0.5192846059799194
Q9NQX6	0.6583817005157471
B4DX44	0.6716076135635376
O75626	0.5094756484031677
Q14246	0.6666502952575684
Q15072	0.6543680429458618
Q8WTR7	0.537297785282135
Q92563	0.5750842094421387
Q6P3V2	0.6295897960662842
Q8N7Q3	0.6296622157096863
Q9NQV7	0.6795557737350464
O14638	0.669241726398468
P07225	0.6489839553833008
P08047	0.5453062653541565
P15621	0.6648191809654236
Q9P1U0	0.5039076209068298
Q9Y2P7	0.6474689245223999
A0A096LNW5	0.7007057666778564
P10072	0.6807265877723694
P49910	0.6095596551895142
Q15109	0.511407732963562
Q6UY18	0.6118637919425964
Q9H9D4	0.5754121541976929
O95025	0.6122486591339111
P08235	0.7065839171409607
P26651	0.5809323191642761
P78539	0.6988194584846497
Q6ZN54	0.6226460337638855
Q86UE3	0.6111277341842651
Q8ND24	0.6257175803184509
Q96P26	0.5313069820404053
O95196	0.5553483963012695
P10075	0.6749757528305054
P52824	0.6950579285621643
Q6A162	0.5488966703414917
Q8NEK5	0.6212972402572632
Q8TBJ5	0.5374261140823364
Q99944	0.6940144300460815
Q9BX82	0.6056756377220154
Q9UKC9	0.5035141706466675
A0AAQ5BIG5	0.5489479899406433
O00300	0.6921080946922302
O43298	0.5105336904525757
P48960	0.5912663340568542
Q13501	0.6458607316017151
Q86Y38	0.5318962335586548
Q969W8	0.6265464425086975
Q9H160	0.5915153622627258
Q9H7R0	0.6709360480308533
Q9NR11	0.6258779764175415
Q9Y508	0.5792710185050964
P14373	0.5791464447975159
Q02297	0.5986590385437012
Q8TB52	0.5909347534179688
Q96NE9	0.6931310892105103
Q9HBJ0	0.5168977379798889
O43300	0.6157479286193848
Q15937	0.6739539504051208
Q9HBT7	0.6651713252067566
Q9ULM2	0.5257891416549683
P18146	0.6028793454170227
P29590	0.5688605904579163
Q6UWU4	0.5092303156852722
Q6UY11	0.6814749836921692
Q96N38	0.5771114826202393
Q9H3U7	0.6125895977020264
Q9UIH9	0.5483065843582153
Q9Y458	0.500872015953064
Q6UWV2	0.5695717334747314
Q86XU0	0.6210576891899109
Q8NDZ0	0.6632933020591736
Q96DN2	0.6597336530685425
Q9NUG4	0.7042984962463379
Q9UNL4	0.5728828310966492
Q9Y4I5	0.5078198313713074
P29558	0.5015208125114441
P52744	0.6305869221687317
Q8N8C0	0.5833929777145386
Q969J2	0.5625413656234741
Q9HBE1	0.6686352491378784
E7ETH6	0.5023744702339172
O75106	0.6018459796905518
Q14588	0.6972405314445496
Q7Z5U6	0.6421217322349548
Q8WWZ8	0.7207464575767517
Q86W42	0.569618284702301
Q96NG5	0.6810567378997803
