Accession_number	Start	End	Predicted_score
O75678	77	160	0.6337117552757263
Q14585	76	487	0.696746826171875
Q53EZ4	440	463	0.5816090106964111
Q7Z7K2	148	321	0.5963684916496277
Q7Z7K2	349	392	0.5318067669868469
Q9BRZ2	1	232	0.5797904133796692
Q9UL59	212	603	0.676284670829773
O43915	107	343	0.5931585431098938
Q8N823	228	703	0.6844231486320496
Q96QE4	515	554	0.5064165592193604
Q9NZV7	325	412	0.5632328987121582
Q9NZV7	442	526	0.6086068153381348
Q9UK11	143	481	0.6133306622505188
O00451	145	359	0.7191298007965088
O14545	0	142	0.5272963643074036
P0DH78	15	87	0.5445250272750854
P24278	327	414	0.5012704133987427
P25445	40	191	0.5643232464790344
Q13114	137	266	0.5670424103736877
Q2TV78	42	250	0.6050627827644348
Q2TV78	289	318	0.5644618272781372
Q7Z4F1	312	430	0.7436827421188354
Q8TC92	59	143	0.5797552466392517
Q96NJ3	222	587	0.6279065012931824
Q9BY79	419	474	0.5895706415176392
O75078	140	212	0.6622289419174194
O75078	420	592	0.698228120803833
O75078	656	715	0.7340311408042908
P55285	577	603	0.5270853042602539
Q03426	318	395	0.6140120029449463
Q86YH2	290	485	0.615116536617279
Q9BV97	173	285	0.5942678451538086
Q9Y2H8	397	682	0.6562173962593079
Q9Y5Y6	449	624	0.6693137288093567
A6NCL7	318	343	0.5080424547195435
P36269	36	54	0.5010685324668884
Q6PK81	183	440	0.6814871430397034
Q6ZVN8	21	48	0.5690712928771973
Q6ZVN8	143	169	0.6221609711647034
Q7RTV3	157	253	0.5538928508758545
Q9H5I1	375	409	0.5709292888641357
O43155	621	652	0.5902158617973328
Q06730	212	778	0.6593241691589355
Q06732	205	777	0.6714428663253784
Q0VG06	338	455	0.6074094772338867
Q0VGE8	191	650	0.6782030463218689
Q2QGD7	176	449	0.6481258869171143
Q6S9Z5	83	128	0.5379008650779724
Q6S9Z5	210	257	0.5477798581123352
Q8IVF1	61	152	0.5379681587219238
Q8NHL6	146	183	0.5748099684715271
Q9H6E5	538	585	0.524448812007904
Q9UBS8	391	470	0.5706343054771423
Q7Z6R9	178	222	0.7823188900947571
Q9NQ32	233	304	0.5893212556838989
O00548	182	527	0.7253383994102478
O15537	26	86	0.5117195844650269
P01871	0	28	0.5053706169128418
Q14584	80	547	0.6795010566711426
Q15910	491	614	0.6765828132629395
Q2KHN1	6	168	0.5908668041229248
Q68CJ9	134	235	0.5116982460021973
Q96GW7	642	711	0.574776828289032
Q9BUA6	42	96	0.5070586800575256
Q15813	129	158	0.5285958051681519
Q96T88	285	382	0.6065165400505066
Q9ULH4	0	21	0.5065807700157166
O75326	479	537	0.6853446364402771
P07204	171	477	0.71014803647995
P0CH99	122	299	0.6514022946357727
Q13822	46	162	0.704835832118988
Q6ZN32	203	245	0.5007928609848022
Q9UL17	328	357	0.592149019241333
Q03923	90	589	0.6663193106651306
Q13888	267	394	0.6705331802368164
Q60I27	566	656	0.5785551071166992
Q8N8U9	527	684	0.5527461171150208
Q8WYQ5	143	164	0.6266970634460449
Q9BZR9	0	191	0.5577096343040466
Q9HCL3	163	532	0.5844131708145142
O43187	458	509	0.5177052617073059
O75820	135	625	0.6668434739112854
Q63HN1	70	117	0.5153025984764099
Q8NB50	136	347	0.7118440866470337
Q8NB50	358	876	0.6964830756187439
Q9BXK1	128	207	0.5339773893356323
Q9BY15	17	109	0.6334561705589294
P05160	114	182	0.5718085765838623
P14210	109	453	0.6532328724861145
P43694	203	310	0.578612208366394
Q3SXZ3	89	476	0.6485444903373718
O94889	224	277	0.5508472323417664
P35789	106	618	0.6672093868255615
Q6ZS27	197	425	0.6571035981178284
Q96HD1	128	352	0.7175289392471313
Q9BU40	27	192	0.5928113460540771
Q9BV87	255	364	0.5361959338188171
Q9HC78	233	258	0.504713773727417
A2RUB1	254	339	0.517045795917511
P54764	233	339	0.6614905595779419
Q15928	101	473	0.6171408295631409
Q96K80	37	170	0.5373280048370361
Q9NS68	19	160	0.6065409183502197
Q9NS68	209	269	0.61568683385849
O95436	618	649	0.5753688216209412
P0CI00	119	299	0.6431386470794678
Q30KQ8	33	102	0.5713971853256226
Q5VUG0	625	671	0.5161964297294617
Q86UZ6	420	500	0.56021648645401
Q86VK4	266	357	0.6495848298072815
Q9BU19	320	465	0.543648898601532
Q9HCX3	112	641	0.7163405418395996
Q9UJW2	47	152	0.6572368144989014
O14901	208	257	0.6076155304908752
O14901	351	481	0.6143010258674622
Q68DI1	175	517	0.6476730704307556
Q8NEB7	360	407	0.5215064287185669
Q96JB3	504	614	0.5580292344093323
O14639	44	109	0.5763858556747437
O14639	179	342	0.693243145942688
O15541	191	318	0.6013857126235962
Q75N03	128	193	0.6159318685531616
Q8TC27	329	541	0.689310610294342
Q8TC27	590	662	0.6262762546539307
Q8WYP3	227	283	0.5460115075111389
Q9H013	335	681	0.7462011575698853
Q9NQX0	484	582	0.6172654628753662
P26010	469	680	0.6745953559875488
P98168	285	584	0.6513335108757019
Q147U1	169	297	0.6498391628265381
Q147U1	380	532	0.6479840278625488
Q5T7W0	148	222	0.5269197821617126
Q9BWF3	140	195	0.5609478950500488
Q9H9P5	27	160	0.6516453623771667
Q9H9P5	184	324	0.5279116034507751
Q9NYJ7	170	255	0.531035840511322
Q9NYJ7	265	468	0.7075262665748596
Q9UBN6	88	175	0.6070210933685303
Q9UHC7	52	113	0.58833909034729
Q9UHC7	205	343	0.560883104801178
Q9UKT9	97	272	0.5514434576034546
O15156	341	465	0.5705729722976685
Q01954	899	975	0.5398016571998596
Q13772	320	435	0.5456353425979614
Q5JVG2	167	811	0.691126823425293
Q6ZN11	112	399	0.6127967238426208
Q8NHY6	377	832	0.6450339555740356
Q8TB24	205	246	0.5061919689178467
Q92800	284	364	0.5624626874923706
Q92800	495	612	0.651772677898407
Q9C040	28	167	0.5254228711128235
Q9H1B5	161	223	0.5070529580116272
Q86V20	57	93	0.5068622827529907
Q86V20	122	235	0.5746760964393616
Q8IXZ2	650	800	0.6391821503639221
Q8NEG5	136	280	0.5186078548431396
Q8TC21	180	500	0.6741167306900024
Q96QE2	421	488	0.6137226223945618
Q9UM63	0	172	0.530758798122406
P50747	101	131	0.5079589486122131
Q5FWF6	159	423	0.589500367641449
Q6ZNH5	100	493	0.668921947479248
Q6ZWE6	507	539	0.5610905885696411
Q8N988	85	422	0.6570026874542236
Q96HQ0	193	507	0.6512957811355591
Q9BWW7	202	327	0.5847761034965515
O00622	18	172	0.667649507522583
O00622	184	375	0.6071229577064514
P04003	323	455	0.6690396666526794
P04003	467	581	0.5753138065338135
Q15650	148	251	0.5518386960029602
Q6ZMY9	171	338	0.6775517463684082
Q6ZMY9	366	478	0.6197200417518616
Q86TJ5	228	537	0.6328345537185669
A6NEQ0	418	460	0.5177874565124512
P17031	150	322	0.6680320501327515
P17031	353	532	0.6367108821868896
Q5RL73	161	217	0.5228127241134644
Q8N8Z8	64	692	0.6496716141700745
Q96EG3	261	523	0.586381733417511
Q96JF6	114	735	0.6389043927192688
A8MUZ8	117	299	0.6432469487190247
O94769	60	172	0.6010290384292603
O95631	251	489	0.6126689910888672
P17032	169	553	0.6415209770202637
Q6ZNE9	509	570	0.5621921420097351
Q7Z3V5	72	317	0.581108570098877
Q7Z3V5	468	608	0.5668683052062988
Q8N554	503	577	0.5024557113647461
Q8TCV5	34	138	0.624473512172699
Q96JP5	491	541	0.5663983225822449
Q9NS98	521	587	0.5733882784843445
P21128	9	154	0.5574461817741394
B7Z6K7	199	854	0.6854006052017212
O75529	314	335	0.5091622471809387
P40126	10	129	0.5905309915542603
Q13608	648	671	0.5244917869567871
A0A7P0TAN4	199	640	0.6714650988578796
O00337	614	648	0.5758987069129944
O60260	314	464	0.583418071269989
P21754	292	335	0.5783118009567261
P28799	12	182	0.6804010272026062
P28799	203	340	0.636397123336792
P28799	437	584	0.6078504920005798
Q06587	8	109	0.5096141695976257
Q495A1	214	243	0.541475236415863
Q6GPH4	0	187	0.5914657711982727
Q6ZMV8	110	383	0.6371788382530212
Q6ZMV8	397	502	0.5852177143096924
Q96H40	111	180	0.5584952235221863
Q96H40	199	462	0.6458383798599243
Q9Y473	237	457	0.6314270496368408
A0A1W2PPM1	262	323	0.567434549331665
C9JN71	102	530	0.6443476676940918
O14836	29	114	0.6605521440505981
O60296	634	688	0.6592587232589722
P0DPK3	19	269	0.7145305275917053
Q13398	198	563	0.6487458348274231
Q13474	635	667	0.5420665144920349
Q14393	47	285	0.6699813008308411
Q8N4W9	228	902	0.6923742890357971
Q96LW9	239	404	0.5519037842750549
O95376	233	348	0.6668714880943298
O95388	39	264	0.6539996266365051
P02765	128	155	0.5971333384513855
P13497	690	787	0.6697434186935425
Q6H8Q1	120	163	0.5899034738540649
Q6PDB4	184	575	0.6674458384513855
Q8NDW4	351	575	0.6320338249206543
Q8NFJ8	346	380	0.5119776725769043
Q9UP79	116	133	0.6710156798362732
Q9UP79	421	604	0.6810802817344666
Q9Y2Q1	103	561	0.6110235452651978
A0A8I5KTY6	33	268	0.5977193117141724
O14763	82	181	0.6309607028961182
Q17RS7	241	329	0.5501007437705994
Q6A163	6	84	0.539413332939148
Q8N587	230	485	0.6603130102157593
Q96MU6	128	728	0.6601654291152954
Q9BWX5	162	280	0.6172574758529663
Q9Y2I2	299	508	0.6977822184562683
O95886	309	344	0.7251784801483154
O95965	46	493	0.6886894106864929
P81408	278	361	0.582189679145813
Q6ZN55	58	103	0.5359814167022705
Q6ZN55	303	411	0.6596295237541199
Q6ZN55	463	680	0.5296050310134888
Q6ZN55	739	842	0.5364291667938232
Q86Y25	202	378	0.6408848762512207
Q86Y25	405	525	0.5919620394706726
Q9H609	108	169	0.514508843421936
P10074	289	584	0.6267256140708923
P17014	103	203	0.5410441756248474
P17014	257	445	0.6705516576766968
P17014	485	612	0.7066240906715393
Q08AE8	601	635	0.5210128426551819
Q7RTT9	495	529	0.5070685148239136
Q8NBP7	467	691	0.5875105261802673
O43309	263	606	0.6512553691864014
P00747	140	357	0.5583618879318237
P80370	17	287	0.6551753282546997
Q03403	25	128	0.6237019896507263
Q6UXH9	15	103	0.5658223032951355
Q8IWY8	641	848	0.6529334783554077
Q96N77	241	346	0.5984528064727783
Q9UHJ3	596	668	0.5246041417121887
Q9UHR6	0	68	0.5815909504890442
O43506	418	665	0.7531939744949341
P36941	40	180	0.6309946179389954
P09958	575	670	0.5966916084289551
Q13137	392	445	0.5094528198242188
Q8NAP8	339	436	0.5946864485740662
Q96NL3	247	587	0.6935686469078064
Q9P107	491	524	0.6138284206390381
Q9Y215	347	454	0.6751264333724976
Q9Y6Q2	218	269	0.5750202536582947
Q86Y33	144	207	0.5133633613586426
Q92832	259	809	0.7348519563674927
Q96GX5	212	253	0.6396399140357971
Q96GX5	331	484	0.5210629105567932
Q9HCU0	154	344	0.7139506340026855
P04070	84	193	0.7084069848060608
P48060	182	216	0.6201395392417908
Q6P3X8	556	591	0.5225569009780884
Q8WXD0	37	139	0.64759761095047
Q96I82	36	172	0.6596240997314453
Q9H4F8	30	149	0.6076558828353882
P78549	278	303	0.6026483774185181
Q5TA31	0	135	0.5178600549697876
Q5XUX1	424	443	0.5400773882865906
Q6NUN9	507	585	0.5657240152359009
Q6P1K8	267	394	0.6695737838745117
Q8IZE3	418	493	0.6187360286712646
Q8NAM6	303	421	0.536268413066864
Q8TC41	344	474	0.5339469909667969
Q8TE02	157	204	0.5850258469581604
Q8TF50	303	409	0.5367145538330078
Q8TF50	469	552	0.6108323335647583
Q8TF50	570	593	0.5132090449333191
Q86UQ0	198	363	0.5731308460235596
Q8IZ26	238	558	0.6821117997169495
Q8NEP9	90	627	0.6137580871582031
Q8TCN5	629	719	0.6043450832366943
Q8TCN5	748	829	0.6049606204032898
Q9H2S5	72	156	0.561448335647583
Q9H2S5	273	293	0.6596840620040894
Q9Y4K3	137	262	0.6158576011657715
Q86UD3	12	107	0.5293712615966797
Q8IXT1	523	649	0.5054869651794434
Q92785	265	390	0.6083035469055176
Q9UJU3	187	891	0.6487032771110535
Q14520	65	212	0.6546674966812134
Q5T0B9	219	410	0.6157578229904175
Q6ZTB9	0	186	0.6757502555847168
Q7Z3I7	119	518	0.6305810809135437
Q9BZ11	337	687	0.7035295963287354
A6NGJ6	4	138	0.5492125153541565
P18084	454	662	0.7330182790756226
Q16587	245	454	0.7094168066978455
Q16587	509	593	0.5129990577697754
Q494X3	210	551	0.648810863494873
Q5VWI1	123	157	0.6023543477058411
Q86V71	165	650	0.6642036437988281
Q8NB42	212	608	0.6432294845581055
Q969Z4	34	126	0.503278374671936
Q96LW1	202	326	0.6156461834907532
Q96LW1	343	611	0.6828436851501465
Q96QV1	578	694	0.5983075499534607
A6NF34	421	591	0.6143804788589478
P17027	153	637	0.6525823473930359
P23327	624	683	0.5503426194190979
Q6P2D0	174	406	0.5938776731491089
Q8IUB2	28	214	0.606115996837616
Q8WUU4	386	466	0.5238452553749084
Q96DZ1	194	225	0.544413149356842
Q96N20	139	290	0.5754157304763794
Q9H4I2	67	141	0.6838846802711487
Q9H4I2	461	560	0.520240068435669
Q9NSJ1	66	143	0.508366048336029
Q9NSJ1	195	427	0.5652616024017334
Q13434	81	149	0.5518094897270203
Q13434	240	366	0.5161683559417725
Q15389	29	56	0.5055798888206482
Q8N883	171	353	0.5450160503387451
Q8N883	366	572	0.5769555568695068
P17036	196	426	0.6816797256469727
Q9BX73	70	140	0.7050036191940308
Q9Y2Y9	165	250	0.520307719707489
P08253	327	352	0.5749960541725159
P17029	372	562	0.6352004408836365
Q6P9F5	5	114	0.6218692064285278
Q96PM5	16	153	0.5364786386489868
Q96SQ5	213	571	0.6900274753570557
A6NLI5	6	136	0.526621401309967
O43900	22	62	0.5099979639053345
Q15942	368	571	0.7056378126144409
Q8NA31	552	615	0.5613643527030945
Q96KR4	127	173	0.6243582367897034
Q9UL58	264	515	0.514428973197937
Q8IYX0	73	410	0.6391006708145142
Q8NA42	168	474	0.6792373061180115
Q96BT7	327	365	0.5752921104431152
Q9NR80	187	207	0.6201574206352234
Q9UHF1	28	176	0.5814636945724487
A0A5F9ZHS7	178	226	0.5509013533592224
O00110	70	187	0.5948206186294556
P0DJD3	418	459	0.5218408703804016
Q16576	89	108	0.5672842860221863
Q6ZMY6	410	448	0.5371867418289185
Q9NPF0	52	162	0.567793071269989
P10073	259	490	0.6235961318016052
Q12901	156	537	0.6589439511299133
Q15365	176	200	0.5350872874259949
Q15365	210	245	0.5481041073799133
Q15365	262	289	0.6844574809074402
Q4G112	440	472	0.6996484994888306
Q8IZP6	186	309	0.605289101600647
Q92750	571	631	0.5806795358657837
Q9H706	344	399	0.5934129953384399
P13682	214	401	0.6604154706001282
P13682	442	526	0.5823071599006653
P25490	281	412	0.5473728179931641
P62684	482	600	0.5270358324050903
Q86WZ6	248	798	0.6601014137268066
Q8N0Y2	243	298	0.5060625076293945
Q8N143	296	467	0.5281863212585449
Q8N2R0	165	310	0.6549006700515747
Q9BXR6	365	568	0.5716649889945984
Q9UK13	107	597	0.6485958695411682
O95780	106	182	0.5588663816452026
O95780	218	497	0.6187864542007446
P08048	420	798	0.6566601395606995
Q8IZN3	292	315	0.5292669534683228
Q8N8Y5	57	197	0.5857560634613037
Q96EF0	532	670	0.7038378119468689
A6NDX5	137	524	0.6471858620643616
A6NDX5	544	712	0.6396086812019348
P37173	212	235	0.5770738124847412
P98153	227	368	0.6741330027580261
Q13886	142	231	0.5293835997581482
Q99684	229	421	0.6817975044250488
Q9HCI7	241	320	0.5305584073066711
Q9UKJ8	396	547	0.7405144572257996
Q9UKJ8	634	665	0.5215277671813965
Q13643	0	279	0.7273021340370178
Q8N3J9	107	260	0.6947987079620361
Q8N475	47	147	0.6303449273109436
Q9BYN7	318	377	0.5507516264915466
Q9BYN7	485	735	0.655737042427063
Q9UPW0	182	203	0.6618672609329224
O15060	553	662	0.574842631816864
P49747	56	290	0.6580711007118225
Q92956	24	200	0.5913028120994568
Q99676	218	750	0.6812086701393127
A6NK53	188	232	0.5324586629867554
A6NK53	291	667	0.6307504177093506
P03973	31	130	0.5280678272247314
P32942	326	353	0.5063318610191345
P52740	167	705	0.6922847032546997
Q14995	312	398	0.7628467679023743
Q6ZR52	40	81	0.54849773645401
Q6ZR52	101	644	0.6478109359741211
Q8IZ20	336	462	0.6111630797386169
Q96NJ6	112	501	0.6405481696128845
Q9ULD6	640	674	0.514191210269928
P00751	61	255	0.6330947279930115
P52742	195	655	0.6606886982917786
Q06203	482	516	0.5840889811515808
Q13574	130	207	0.5367112755775452
Q6ZSB9	389	607	0.6471694707870483
Q8N328	543	592	0.6074930429458618
Q92802	266	391	0.6358975172042847
Q96I27	56	290	0.6720870137214661
A2RRD8	134	507	0.6448295712471008
O14978	373	677	0.6597628593444824
O60765	209	604	0.6712214350700378
P17023	150	457	0.6598790287971497
Q16206	82	129	0.52638179063797
Q6ZN08	66	570	0.6563512682914734
Q8NDX6	142	191	0.5246396064758301
Q96SZ4	333	499	0.5958390831947327
Q96SZ4	520	706	0.5886791944503784
Q96SZ4	723	779	0.5574713349342346
Q9NWW7	211	252	0.5586298704147339
O95863	154	262	0.5755065083503723
P0CG23	487	618	0.6037800312042236
P17039	74	622	0.613986074924469
P51508	228	286	0.5597985982894897
P51508	343	660	0.687301754951477
Q6ZMW2	121	181	0.5562068223953247
Q6ZMW2	234	696	0.6143249869346619
Q8TD23	90	567	0.6591211557388306
Q9NQX1	167	628	0.5879179239273071
P07202	124	173	0.5910684466362
P07202	702	853	0.6265761256217957
P10646	138	285	0.6594102382659912
P29320	218	324	0.6542133688926697
Q96T92	254	314	0.5392110347747803
Q99469	103	209	0.664527952671051
Q4V348	153	818	0.6695507764816284
Q6ZNA1	129	569	0.6369785070419312
Q86T29	129	157	0.509885311126709
Q86T29	182	569	0.6460757851600647
Q86T29	579	640	0.5470902919769287
Q86VW2	0	34	0.5344161987304688
O95361	71	177	0.5747683644294739
O95460	210	384	0.7496005296707153
P13385	70	158	0.6280084252357483
Q68DY1	93	511	0.6781628727912903
Q7Z7L9	213	613	0.6356496214866638
Q86UD4	174	531	0.6405988335609436
Q8NHS0	128	158	0.7544700503349304
Q8WV37	195	342	0.6269384622573853
Q9UNY5	278	441	0.5901975631713867
P17098	249	491	0.620901346206665
Q02447	594	701	0.608260452747345
Q8NCP5	423	491	0.5819492340087891
Q9NV72	292	528	0.6747632026672363
Q9NVP4	186	404	0.6158462166786194
Q9NXR8	350	417	0.566702663898468
Q9P0V3	276	332	0.6149357557296753
Q9UJV9	567	608	0.5617985129356384
Q9UK23	304	425	0.6468449831008911
O43313	71	221	0.6090240478515625
P0C7P1	418	459	0.5218408703804016
P51523	207	735	0.6452446579933167
Q13422	108	269	0.6364611387252808
Q14525	0	74	0.5127276182174683
Q6ZNG1	158	720	0.698067307472229
Q8N393	373	762	0.6362926959991455
Q9BZE0	224	321	0.5821124911308289
Q9UIE0	156	473	0.6042726635932922
O60687	70	203	0.6467627286911011
P52737	136	539	0.6709496974945068
Q52M93	171	399	0.6043005585670471
Q52M93	427	767	0.6877478361129761
Q7L5Y9	294	395	0.5078521370887756
Q8IX06	394	425	0.6243968605995178
Q8IX06	441	479	0.6136286854743958
Q8N680	357	474	0.6351566314697266
Q8N865	339	383	0.5200123190879822
Q96MR9	197	245	0.5607547163963318
Q96MR9	312	430	0.5862910747528076
Q96MR9	508	787	0.6462991833686829
Q9BS34	88	113	0.5047183036804199
Q9BS34	124	388	0.632739245891571
Q9HBX8	29	65	0.5065019130706787
Q9UDV7	508	652	0.6377304792404175
Q9Y3Q7	375	605	0.6964700222015381
Q9Y3Q7	616	667	0.6019509434700012
O43790	0	48	0.6538386940956116
P56270	274	440	0.6533777117729187
Q8IV13	335	368	0.5736373662948608
Q9BQ04	140	218	0.6032518148422241
Q9UC07	115	564	0.6446335315704346
A8MWA4	108	299	0.6020185351371765
O95967	111	350	0.7093459367752075
Q5HYA8	41	198	0.7184273600578308
Q8WXI3	233	299	0.5494447946548462
A8MTY0	103	618	0.6631629467010498
P53667	0	32	0.5151834487915039
Q05215	470	562	0.615196704864502
Q15776	286	570	0.6200435757637024
Q4FZB7	272	353	0.5840499997138977
Q6IQ21	124	245	0.6246349215507507
Q6IQ21	284	334	0.54071044921875
Q6IQ21	394	534	0.6036450266838074
Q6IQ21	592	683	0.5321711897850037
Q8WYH8	174	239	0.5849974751472473
Q92974	36	99	0.6283238530158997
Q96CS4	146	481	0.6281144022941589
Q9BXB1	857	950	0.6345128417015076
Q9GZU1	526	562	0.52447110414505
Q15043	73	137	0.5577786564826965
Q5JNZ3	229	635	0.6871378421783447
Q6UXD5	331	369	0.6047797203063965
Q8NDP4	218	497	0.6298846006393433
Q9BRH9	178	655	0.6290780901908875
Q9P2F9	71	169	0.6086075305938721
Q9P2F9	201	567	0.5961156487464905
Q9UBP4	128	319	0.6840308904647827
Q9UMF0	330	385	0.5899128913879395
P16415	151	609	0.667982816696167
P21580	471	550	0.5875958800315857
P21580	588	688	0.5873619318008423
Q8WUB8	370	486	0.6527737975120544
Q96J02	125	192	0.5855425596237183
Q9Y2A4	99	670	0.6431717872619629
Q9Y2P0	106	498	0.6835119128227234
P55286	585	612	0.5521304607391357
Q15697	319	405	0.583863377571106
Q49AA0	224	525	0.6163551807403564
Q63HK3	750	944	0.6775920391082764
Q7Z403	301	333	0.5835326910018921
Q8N187	185	242	0.6135639548301697
Q8N4Q1	32	109	0.5179541707038879
Q9NUK0	0	95	0.510002613067627
Q9NUK0	169	250	0.617691159248352
Q9Y5R5	274	319	0.5051275491714478
Q9Y5R5	343	374	0.5463069081306458
O43296	195	322	0.6877737641334534
O43296	411	565	0.6434318423271179
P36508	141	375	0.6503371000289917
Q8TF47	201	634	0.5978021621704102
Q8WWF5	273	365	0.6020382642745972
Q9NYT6	169	519	0.6852035522460938
Q9NYT6	534	783	0.6513475775718689
Q9UKS7	103	232	0.6688181757926941
P55259	32	58	0.5271131992340088
P55259	175	232	0.6350451111793518
Q8N184	245	643	0.6875467896461487
Q8NHG8	145	241	0.5280008912086487
Q9ULT6	554	599	0.5607662796974182
O43829	257	410	0.5730839371681213
O76011	0	79	0.5147193074226379
P00749	18	91	0.623718798160553
P0CB33	59	411	0.6247808933258057
P16109	118	773	0.6897424459457397
Q15654	264	292	0.5195176005363464
Q8TAX0	166	264	0.5439677238464355
Q96IR2	207	562	0.678837776184082
Q96IR2	598	965	0.681584358215332
Q9BRN9	53	170	0.6264051795005798
Q8N972	93	640	0.6810572743415833
Q8TD17	331	586	0.5740171670913696
Q8TF39	383	743	0.6590119004249573
Q96AP4	0	64	0.5058509111404419
Q96EK2	316	418	0.5612260699272156
P51786	93	505	0.641263484954834
Q6ZN18	308	350	0.5090224742889404
Q8IVP9	77	401	0.6884880661964417
Q9BQ16	70	206	0.6551806926727295
Q9H0B8	205	244	0.5448110103607178
Q9NXT0	50	398	0.6424493193626404
A6NP11	66	494	0.6547757983207703
P35354	13	54	0.512441098690033
Q8IWY4	33	457	0.7250586748123169
Q8IWY4	548	816	0.6013808846473694
Q9HAS3	656	690	0.6189532279968262
Q9HDB9	530	599	0.5489479899406433
Q9UJY4	329	391	0.6824876070022583
O14960	27	60	0.5079875588417053
P98182	247	394	0.597399115562439
Q6ZT77	104	176	0.5947256684303284
Q86U44	253	344	0.5611593127250671
Q8WU68	133	184	0.6119970679283142
Q9BUG6	351	489	0.5363332629203796
Q9P0K1	386	595	0.6685173511505127
O95202	36	101	0.5405604243278503
O95985	690	740	0.6616423726081848
Q03405	62	307	0.6885143518447876
Q8IW36	131	383	0.6224618554115295
Q8IW36	454	514	0.5581737756729126
Q9BSG1	169	423	0.663025438785553
P14784	324	388	0.5230165719985962
P52747	195	445	0.6190752983093262
Q92782	257	386	0.6165290474891663
Q9C019	0	121	0.5703293085098267
Q9UKQ2	373	575	0.7275785803794861
Q9UKQ2	590	664	0.614091694355011
A0A140TA62	24	121	0.5369778871536255
P49711	265	577	0.6032117009162903
Q07011	16	149	0.616237461566925
Q08629	65	204	0.6016229391098022
Q49AM3	0	36	0.5179336071014404
Q96RE9	235	602	0.6749549508094788
Q9UEG4	140	541	0.6583799123764038
Q9UEG4	650	689	0.5571023225784302
Q9Y2K1	201	264	0.5417926907539368
Q9Y2K1	419	472	0.512730598449707
P51504	37	142	0.6788602471351624
P53041	456	479	0.6196045875549316
Q8NCK3	100	437	0.6597173810005188
Q96H86	165	354	0.615747332572937
Q9BWM5	128	574	0.7129700183868408
O14490	201	245	0.6126354932785034
O76009	0	79	0.5277701616287231
P15976	70	110	0.6061629056930542
P15976	192	294	0.5672868490219116
P26842	20	126	0.6101574897766113
P43489	12	148	0.520639181137085
P78396	47	88	0.5045381784439087
Q13106	129	436	0.6756424903869629
Q15375	225	336	0.594468891620636
Q6ZRF8	13	162	0.6229960918426514
Q8ND25	134	180	0.6643449068069458
Q9UK53	347	412	0.5751730799674988
Q9UPG8	58	211	0.565222978591919
Q9UPG8	246	279	0.6254224181175232
P00740	33	192	0.5090804100036621
Q15935	87	541	0.6373357772827148
Q8N6C8	156	183	0.5291579365730286
Q96A83	113	147	0.5192539095878601
Q9C0F3	131	469	0.6610313057899475
Q9NZU5	15	70	0.6378882527351379
P07358	54	165	0.7096284627914429
P07358	499	562	0.5921911001205444
P49767	215	418	0.6114121079444885
P51522	61	267	0.5285956263542175
P51522	422	511	0.6019967198371887
P56915	77	135	0.5326661467552185
Q2VY69	135	592	0.6381698250770569
Q6UWL2	27	55	0.5269466042518616
Q6UWL2	70	251	0.7394506931304932
Q6ZN79	147	299	0.6569750905036926
Q8N9Q2	0	41	0.5075198411941528
Q9H116	315	617	0.6635885834693909
Q14134	164	261	0.5989100933074951
Q8NCA9	196	272	0.5646953582763672
Q96A99	455	477	0.5710780024528503
Q14990	33	87	0.6364632844924927
Q14990	110	249	0.5727818012237549
Q4G1C9	203	236	0.5783026814460754
Q8N7K0	114	672	0.6774192452430725
Q8N9Z0	186	349	0.5647552609443665
Q8TBZ5	133	543	0.6206244230270386
Q9BR11	290	389	0.5085862874984741
Q9BSK1	74	384	0.6594516038894653
Q9UPT5	280	356	0.5384255051612854
Q3KNS6	140	431	0.6267207860946655
Q68BL7	25	110	0.5552716255187988
Q8TB69	117	539	0.6154924035072327
Q9H4T2	229	347	0.5875400900840759
P54762	246	326	0.592717170715332
Q06889	277	352	0.5942484736442566
Q3ZCT1	15	291	0.6419839262962341
Q3ZCT1	328	411	0.5530338287353516
Q5HY98	130	280	0.5012008547782898
Q6ZNG0	210	420	0.5937051773071289
Q9NW07	167	395	0.6444483995437622
Q9Y5W5	171	356	0.643090009689331
O15393	105	146	0.5872046947479248
P32926	674	720	0.6242515444755554
P32926	777	806	0.5661733746528625
P32926	821	912	0.6174823641777039
P49619	310	385	0.6866675019264221
Q08ER8	182	320	0.6064825057983398
Q08ER8	394	571	0.6616411209106445
Q499Z4	0	138	0.553384006023407
Q499Z4	189	424	0.6322125196456909
Q5TEC3	350	544	0.685454785823822
Q6PF04	193	554	0.6906740069389343
Q8N6Q3	112	391	0.6401700377464294
Q96CX3	18	270	0.6363051533699036
Q9BRB3	634	670	0.5866719484329224
Q9BUK6	388	521	0.6395875215530396
Q9NWN3	159	198	0.553665816783905
Q9NWN3	624	705	0.5821227431297302
Q9NWS9	385	443	0.5065614581108093
Q9NYW8	94	200	0.5743729472160339
Q9NYW8	224	709	0.672210693359375
Q9UJW8	346	691	0.6427443623542786
P17035	207	717	0.643670380115509
Q5SXM1	73	178	0.5348044633865356
Q5SXM1	195	524	0.6703981757164001
Q8IVC4	172	406	0.5802488923072815
Q8IXM7	36	136	0.5890049934387207
Q96N22	57	241	0.5300125479698181
Q96N22	253	626	0.6174625754356384
B7ZLF3	29	151	0.536175549030304
O95980	97	828	0.7245773673057556
P0CG36	75	158	0.5789370536804199
P0DPD5	106	510	0.6725218296051025
P14151	152	329	0.6664034128189087
P23508	510	543	0.5140020847320557
Q6DJT9	31	149	0.59749835729599
Q6DJT9	166	271	0.5087162852287292
Q8N9L1	194	287	0.540717601776123
Q96CC6	481	640	0.50564044713974
P48745	13	356	0.5775219202041626
P52738	154	456	0.5708368420600891
Q6NSI8	502	552	0.5560093522071838
A8MXY4	221	833	0.604991614818573
P22413	79	211	0.7009639739990234
P22413	589	649	0.5288622975349426
Q5T5D7	122	377	0.607140839099884
Q9BUY5	128	235	0.6592430472373962
Q9BUY5	308	553	0.6778151988983154
Q9H4Q3	465	513	0.5194340348243713
Q9H4Q3	568	651	0.5717039108276367
Q9H5U6	376	465	0.6180999875068665
P0DJD4	418	459	0.5218408703804016
P43250	409	575	0.5331411361694336
Q9NQ86	102	258	0.5243784785270691
O75074	155	283	0.5820851922035217
O75074	359	485	0.6572266221046448
P14138	125	185	0.5575502514839172
Q02985	101	222	0.605861485004425
Q02985	235	300	0.5803486704826355
Q16600	144	456	0.6595923900604248
Q6U7Q0	57	388	0.6173931956291199
Q8IUQ4	32	143	0.663328230381012
Q969P0	318	352	0.5540627241134644
Q9HCC9	556	592	0.519425094127655
O00220	132	229	0.5434438586235046
P05107	444	676	0.6796160340309143
P23769	287	393	0.6105519533157349
Q14526	502	611	0.6055197715759277
Q6P9A1	226	598	0.6401606798171997
Q6UXH8	38	235	0.6010155081748962
Q7LFX5	0	47	0.5552120804786682
Q8IWR0	842	935	0.5470575094223022
Q9NQ03	179	293	0.6032816767692566
Q9P0L1	378	748	0.6753511428833008
O43184	356	595	0.761559009552002
O43184	658	705	0.5323957204818726
P15622	186	559	0.6400495171546936
Q01101	433	509	0.5398994088172913
Q3SY52	117	486	0.613461971282959
Q5VIY5	203	521	0.6297496557235718
Q8N8K9	0	83	0.5223338007926941
Q96K75	139	396	0.6178435683250427
Q96RL1	557	595	0.5235000252723694
Q9UK10	120	705	0.6579136252403259
Q9Y314	193	241	0.5841462016105652
Q9Y330	265	288	0.5927485823631287
Q9Y330	364	442	0.6487748026847839
P06681	26	166	0.6106471419334412
Q5TD97	0	216	0.6988295316696167
Q8IYR2	213	252	0.5570920705795288
Q8IYR2	565	652	0.6910703182220459
Q8N720	201	471	0.5303264856338501
Q99612	198	282	0.5218194723129272
P08709	99	205	0.6890733242034912
P52736	199	628	0.69593745470047
Q08AG5	118	374	0.6208094358444214
Q5T601	97	148	0.5257433652877808
Q5VYX0	274	325	0.5230298638343811
Q7RTY8	463	611	0.7046846151351929
Q9Y2G7	108	384	0.5717927813529968
O75509	51	211	0.6565296053886414
P08138	26	193	0.6806132793426514
Q8N1W2	284	496	0.640622615814209
Q8N1W2	554	603	0.5553568005561829
Q96GE5	95	642	0.6608080267906189
Q99435	260	815	0.7303224205970764
Q9BY31	255	663	0.6690681576728821
Q9BY31	721	899	0.6191509962081909
Q9Y2Y4	368	445	0.5805386304855347
P78385	0	51	0.6350585222244263
Q12933	19	238	0.6505021452903748
Q14721	672	696	0.5405616760253906
Q15973	69	350	0.6790714859962463
Q9H3R2	317	423	0.66147381067276
O43257	94	153	0.5421918630599976
O75373	101	535	0.6536723971366882
P17019	101	562	0.649177074432373
Q13263	111	254	0.5494044423103333
Q15884	140	180	0.5755449533462524
Q5MCW4	134	359	0.5774081945419312
Q5MCW4	380	685	0.6566365361213684
Q8N859	173	441	0.6221946477890015
Q9UJ78	244	427	0.5749310255050659
O15535	243	393	0.6513833403587341
P0CJ79	213	717	0.6624200344085693
Q5VV52	111	306	0.6398559808731079
Q7L3S4	65	314	0.5428776144981384
Q9UBM4	116	147	0.6113030314445496
Q9UDY8	711	738	0.6547843217849731
O95633	25	238	0.6233828067779541
O96018	362	397	0.5428863167762756
P28698	356	458	0.6315871477127075
P28698	483	729	0.6289767622947693
P52739	307	393	0.5025122761726379
Q14563	502	587	0.6128974556922913
Q9NQZ8	122	488	0.6816376447677612
Q8IUA0	38	240	0.6958034038543701
Q8N141	152	374	0.5764240026473999
Q8N895	275	456	0.7107263207435608
Q8WYA1	268	314	0.5901809930801392
Q92743	35	152	0.5260603427886963
Q96SE7	240	441	0.6559253931045532
Q96SE7	456	838	0.6836257576942444
Q96SL8	20	125	0.6041958928108215
Q96SL8	330	379	0.6058279871940613
P00748	48	301	0.6268791556358337
P00750	27	244	0.6085022687911987
P17025	165	273	0.5866023898124695
P17025	314	622	0.5987061262130737
Q6Q0C0	118	169	0.6669233441352844
Q7Z736	670	720	0.5723816156387329
Q8N3F9	379	396	0.5737244486808777
P11161	344	419	0.6115170121192932
P41182	508	608	0.6194009780883789
Q02386	237	665	0.6615869402885437
Q5VTD9	122	326	0.7097983360290527
Q6DD87	65	183	0.5851491689682007
Q6DD87	274	292	0.5390853881835938
Q8N8L2	25	436	0.6327711939811707
Q9H8W5	82	240	0.5807982683181763
Q9HBF4	14	117	0.5452232956886292
Q9HBF4	408	473	0.6714839339256287
Q9NZL3	160	706	0.6689836382865906
Q9UJL9	284	371	0.5134629607200623
Q9UJL9	382	533	0.5594321489334106
Q14929	224	596	0.6842817664146423
Q6P1L6	238	598	0.67292720079422
Q86X76	28	64	0.5066887736320496
Q9NSB4	434	491	0.5154752135276794
Q9NZP8	182	251	0.5511482357978821
Q9UDR5	331	413	0.7472584247589111
A6NC86	65	203	0.7397782802581787
Q13506	86	126	0.5356221199035645
Q9H7L2	273	351	0.6064445376396179
Q9H7R5	148	677	0.6853834986686707
B4DU55	177	562	0.6938402056694031
O75382	10	176	0.5392416715621948
P23771	260	361	0.5249434113502502
Q14258	0	210	0.5706651210784912
Q96A37	25	218	0.5748742818832397
Q9P2Y4	270	324	0.5170496106147766
Q9P2Y4	494	548	0.5492302179336548
Q9UDV6	412	476	0.5127789974212646
O43255	71	173	0.6504518389701843
P00734	84	302	0.5862280130386353
P05556	455	694	0.6253166794776917
P0CF97	59	111	0.5337391495704651
P51815	352	501	0.6097120642662048
P60508	109	170	0.5420757532119751
Q6UW60	585	676	0.6104357242584229
Q6ZVD7	204	271	0.5870077013969421
Q9BX74	38	111	0.517837405204773
Q9H2U9	340	575	0.7350382208824158
Q9H2U9	613	664	0.5608946084976196
Q9P255	57	530	0.6837501525878906
B1AKI9	215	297	0.5426045656204224
P36980	100	215	0.5228786468505859
P55001	144	182	0.5143766403198242
Q3KQV3	120	180	0.508895218372345
Q3KQV3	206	592	0.6385775804519653
Q66K89	203	286	0.5798177719116211
Q66K89	451	624	0.5722684264183044
Q6NSZ9	338	534	0.5724219083786011
Q6NVV9	333	401	0.5850449800491333
Q6UXH1	117	326	0.6820592284202576
Q9H694	414	448	0.6213311553001404
Q9H694	464	480	0.5871362686157227
Q9H7X3	124	373	0.6398859620094299
Q9NQ30	16	160	0.6594841480255127
Q8WXB4	416	791	0.6451624631881714
Q9GZV8	387	570	0.5916972756385803
Q9UHI8	432	640	0.7035173177719116
P25942	9	182	0.6485815048217773
P48742	0	124	0.5951626300811768
Q03936	111	544	0.601580798625946
Q13275	540	584	0.6375247836112976
Q14119	63	104	0.5144004821777344
Q14119	168	335	0.653715193271637
Q15323	0	62	0.6061879992485046
Q15915	292	383	0.5822351574897766
Q8IZF7	28	159	0.506770133972168
Q9BYV2	0	15	0.5736817717552185
P01130	19	387	0.7195140719413757
P78536	404	647	0.6950151920318604
Q13105	297	592	0.6920198202133179
Q14586	244	742	0.6457505822181702
Q2M3W8	225	570	0.6378362774848938
Q9BR84	77	207	0.644653856754303
Q9BR84	311	537	0.6834980249404907
Q9H4Q4	233	316	0.6149048209190369
O43278	320	454	0.618632972240448
P21709	211	425	0.6080438494682312
Q6ECI4	218	716	0.6782716512680054
Q6ZN19	164	321	0.7135064601898193
Q6ZN19	332	406	0.583727240562439
Q6ZN19	473	792	0.6569297313690186
Q8IWU5	713	748	0.5353590846061707
Q92908	382	483	0.5204887390136719
Q9BUZ4	0	269	0.6424980163574219
A6NM28	148	369	0.6607167720794678
O43361	284	751	0.6231658458709717
P60852	206	273	0.6330989003181458
Q9HCZ1	199	679	0.6520220041275024
Q9NX38	74	99	0.5269549489021301
Q9UII5	24	560	0.6403164863586426
Q9UII5	601	782	0.6082894802093506
O94892	195	496	0.6256109476089478
O94892	534	646	0.5707534551620483
P10643	18	147	0.5528175234794617
P10643	449	520	0.5864424109458923
P10643	644	842	0.6179941296577454
Q05516	378	432	0.5254482626914978
Q05516	502	669	0.5931392312049866
Q3MIS6	172	627	0.6794074773788452
Q6P9A3	130	639	0.5889360904693604
Q6UXZ4	261	390	0.5820555090904236
Q8NC26	290	416	0.530993640422821
Q9H1U4	195	448	0.6655449271202087
Q9HB63	254	480	0.7132889628410339
Q9UGR2	681	723	0.5134102702140808
Q9UGR2	754	784	0.5310742259025574
Q9UGR2	871	919	0.5360210537910461
P78325	150	192	0.5081191062927246
P78325	301	650	0.7342079877853394
Q16842	46	89	0.6204968094825745
Q17R60	674	755	0.5108714699745178
Q5JVG8	102	443	0.5735659599304199
Q8TAP6	474	523	0.5963979363441467
Q9P0T4	79	190	0.5457567572593689
B2RXF5	287	419	0.5881734490394592
P0DTL6	126	242	0.5483372211456299
Q02487	765	828	0.6483425498008728
Q8IYR6	55	146	0.7028545141220093
Q8IYR6	261	319	0.5736774802207947
Q8N782	202	478	0.6302806735038757
Q9UJW7	192	265	0.5310183763504028
Q9UJW7	341	824	0.7078153491020203
Q8IUX8	27	288	0.6937367916107178
Q8IVN8	11	97	0.6214253902435303
Q8TE58	422	441	0.6814841628074646
Q8TE58	459	591	0.6674941778182983
Q9BS31	170	424	0.6520940065383911
P30260	130	190	0.6806526184082031
P52743	114	201	0.5760080218315125
Q14872	222	305	0.5715816617012024
Q8WWL2	558	698	0.5155890583992004
Q9C0K0	426	480	0.5535767078399658
A1L4K1	137	201	0.5745909810066223
O43854	22	174	0.6701873540878296
Q07352	114	190	0.5910792946815491
Q6PJF5	483	532	0.6088552474975586
Q6PJF5	547	629	0.5744894742965698
Q6PJT7	591	661	0.6447623372077942
Q6PJT7	674	729	0.5113334059715271
Q8IZC7	164	423	0.6110960841178894
Q8N9K5	155	529	0.6614844799041748
Q8WUP2	175	372	0.617500901222229
Q9H2X0	639	656	0.5000112056732178
Q9NVW2	526	623	0.5442991256713867
P02749	120	344	0.6290651559829712
Q8NDL9	418	456	0.6818435192108154
Q9Y5A6	271	470	0.6716170310974121
Q68DY9	159	488	0.6646499633789062
Q76KX8	219	673	0.6943397521972656
Q8TAT5	244	301	0.6009847521781921
Q8TAT5	314	375	0.6065334677696228
Q96CK0	523	606	0.5260558128356934
Q96SR6	216	549	0.6460587978363037
O43623	120	267	0.6321508288383484
O95081	26	52	0.5244513750076294
O95600	267	352	0.5390689373016357
P05106	449	704	0.660719096660614
P17026	40	193	0.6172041296958923
Q3ZCX4	143	641	0.656766951084137
Q7Z3S9	0	230	0.71571946144104
Q9GZM7	36	101	0.611372172832489
O14618	214	251	0.5881080627441406
O75829	271	333	0.5383501648902893
O95409	299	412	0.5224484205245972
P07911	21	221	0.6725061535835266
P07911	267	326	0.6225700378417969
P29317	208	392	0.5802878737449646
Q02535	0	28	0.5058294534683228
Q13485	308	327	0.5964929461479187
Q99965	364	547	0.674976646900177
Q99965	586	656	0.6725502014160156
Q9UM82	458	511	0.5604250431060791
P0DKX0	106	620	0.5483725666999817
P14679	20	61	0.5079753398895264
P47974	152	225	0.6057693362236023
Q03938	110	598	0.6802123188972473
Q53H47	272	341	0.5771515965461731
Q92664	52	302	0.5025337934494019
Q9NS37	324	353	0.5763404369354248
O43868	633	656	0.6112837791442871
O95639	109	170	0.5126479268074036
P13671	14	247	0.6414780020713806
P13671	511	600	0.5923722386360168
P13671	736	932	0.6942850947380066
P26012	458	681	0.6637197732925415
Q14192	0	278	0.6877794861793518
Q2TAL6	145	324	0.5861246585845947
Q8IW52	330	380	0.5268082618713379
Q9UKY1	370	410	0.5547264218330383
P49746	260	479	0.6927466988563538
Q49A33	36	201	0.6177612543106079
Q8TAU3	213	571	0.6887791156768799
Q92784	253	376	0.594645619392395
Q9BXB4	244	300	0.5147925615310669
Q9HB58	454	604	0.5579084157943726
Q9UK12	109	290	0.6595276594161987
Q9UK12	303	450	0.5561698079109192
O75290	127	345	0.5942057371139526
P17010	423	802	0.6583057641983032
P23142	25	590	0.716660737991333
Q96C10	194	227	0.6233879923820496
Q9H2S9	147	288	0.6487055420875549
Q9UC06	132	445	0.6568008065223694
Q9UFB7	542	688	0.5781389474868774
A0AAG2UUX9	675	744	0.5748637318611145
O14798	61	153	0.528307318687439
Q8TAQ5	107	687	0.6569375395774841
Q8TF32	139	569	0.5914247035980225
Q9H0M5	236	741	0.6430699825286865
O60481	318	409	0.5742316842079163
P20333	28	198	0.5536202192306519
Q09013	350	382	0.5404209494590759
Q13444	300	596	0.668803334236145
Q13444	635	692	0.5916717648506165
Q8ND82	338	492	0.5752333402633667
Q96ND8	200	548	0.6215131282806396
O95389	120	306	0.6036849021911621
P48740	134	211	0.5185788869857788
Q5CZA5	196	323	0.6600267887115479
Q5CZA5	410	562	0.6686016321182251
Q8IZ69	207	280	0.5855550169944763
Q96BR6	265	441	0.6713045835494995
Q9HAV5	0	129	0.579197883605957
Q8TBZ8	99	534	0.6617256999015808
Q9UKF2	355	578	0.7783611416816711
Q9UKF2	616	669	0.6576238870620728
Q9Y6Q6	29	187	0.645354688167572
Q9Y6Q6	272	334	0.6400036811828613
A0A1W2PQL4	77	383	0.6497282385826111
A8K8V0	133	291	0.5851825475692749
A8K8V0	303	375	0.5904170870780945
P22888	285	324	0.5863580703735352
Q5HYK9	143	602	0.5816428065299988
Q5QP82	401	458	0.644805908203125
Q7Z2W4	142	224	0.5780321955680847
Q9UBE8	433	465	0.5411326289176941
Q6MZW2	50	115	0.6243993043899536
Q96EP1	292	372	0.6274608969688416
O75123	80	441	0.6318022012710571
P17022	405	545	0.6367287039756775
P83110	22	131	0.5681990385055542
Q6ZNB6	204	603	0.5662545561790466
Q6ZNB6	626	834	0.5876414775848389
Q9NUD5	325	396	0.6602412462234497
O15232	262	463	0.7130405306816101
P18564	445	694	0.6251547932624817
P98155	28	441	0.6522282361984253
P98155	700	751	0.6420968174934387
Q8TF68	223	465	0.630132257938385
Q96MX3	270	383	0.6349686980247498
Q9C0B0	35	176	0.5906668305397034
Q9HCG1	242	816	0.6994301676750183
Q9UJN7	103	357	0.6667186617851257
Q9UKA1	551	575	0.6394486427307129
Q9UKA1	659	690	0.5955203771591187
O43294	217	330	0.6583640575408936
P0CG37	79	158	0.5720677375793457
P17481	73	110	0.5643491744995117
Q12946	136	155	0.5911893248558044
Q8N567	107	249	0.628163754940033
Q96NZ8	32	161	0.6352562308311462
Q96NZ8	252	425	0.6458430290222168
Q99985	511	574	0.6109687685966492
Q9H000	0	54	0.6194636821746826
Q9H000	157	221	0.5194995403289795
Q9H963	0	128	0.6134263277053833
A6NK75	115	571	0.666041910648346
O95185	268	372	0.5462504625320435
Q8IYB9	63	647	0.6781560182571411
Q9BSW7	0	49	0.531599760055542
Q9H1R3	234	312	0.5449433922767639
Q9UIS9	125	267	0.5956500768661499
Q9Y2X9	255	375	0.560453474521637
P43004	523	562	0.5033053755760193
Q5SVQ8	360	647	0.6016379594802856
Q5VZF2	0	94	0.5690664649009705
Q5VZF2	170	247	0.660714864730835
Q5VZF2	325	372	0.5427017211914062
Q6ZMS7	429	507	0.5213717222213745
Q86W11	293	490	0.6763424873352051
Q8TA94	151	475	0.6579931378364563
Q9NQC1	188	227	0.6011040210723877
Q9P2J8	270	864	0.6293064951896667
O15204	100	164	0.6143469214439392
O15204	367	469	0.5972513556480408
O95365	379	494	0.5801807045936584
P17041	65	272	0.6593160629272461
P40938	158	215	0.5058445930480957
Q14114	42	426	0.6172041296958923
Q14114	680	741	0.6094354391098022
Q6PJ61	519	584	0.5429825186729431
Q6ZN57	89	460	0.6818119883537292
Q8IVT5	341	405	0.5795592069625854
Q96N95	241	330	0.5717409253120422
Q96RL6	424	508	0.5299464464187622
P24386	561	608	0.5166020393371582
Q13191	368	458	0.5965248346328735
Q13342	668	760	0.653005838394165
Q68BL8	45	141	0.5925666689872742
Q8NCF0	203	301	0.6820773482322693
Q9H930	376	473	0.6442117094993591
O75610	231	262	0.5076101422309875
Q15940	6	192	0.5566685795783997
Q16342	92	211	0.545184314250946
Q8IYN0	135	537	0.6374404430389404
Q8TF20	4	558	0.6537567973136902
Q8TF20	620	910	0.6550021171569824
Q9H165	376	429	0.5391327738761902
Q9H165	738	819	0.5151732563972473
Q6IV72	177	738	0.6376193761825562
Q86YD5	17	143	0.6519117951393127
Q8NFT8	304	626	0.7346127033233643
Q8WZA1	222	294	0.5553793907165527
Q9NU63	80	199	0.6938446164131165
Q9NU63	289	392	0.6406946182250977
Q9Y4X5	295	392	0.5069559812545776
A1L020	298	340	0.5278192758560181
P17024	140	531	0.6620737910270691
Q6ZSA7	28	60	0.5246522426605225
Q86YE8	236	367	0.6238126754760742
Q86YE8	378	664	0.5913426280021667
Q8TEU8	38	184	0.6518637537956238
Q8TEU8	312	454	0.6718431115150452
Q9UHX3	21	277	0.6137902140617371
Q9UIF7	269	354	0.6070296764373779
Q09FC8	239	602	0.6964499950408936
Q3KNW1	143	288	0.5832974910736084
Q8TAW3	171	219	0.6161031126976013
Q8TAW3	269	530	0.6522769927978516
Q96PQ6	165	594	0.6423653364181519
Q9BRR0	309	536	0.5709407925605774
Q9Y6R6	132	311	0.6408533453941345
Q9Y6R6	351	712	0.6376992464065552
O43167	284	515	0.6862173080444336
O95125	381	455	0.5851715803146362
O95125	475	642	0.6558273434638977
P00736	145	223	0.7026368975639343
P0DP72	364	523	0.635491132736206
P98169	290	588	0.6506283283233643
Q12841	22	116	0.6654151082038879
Q14162	25	408	0.5986121892929077
Q5T619	270	556	0.6098070740699768
Q8IYH5	785	897	0.5482553839683533
Q8NFH8	25	48	0.5105799436569214
Q96SK3	70	695	0.6468077898025513
A8MUV8	106	348	0.6596748232841492
A8MUV8	361	474	0.5134448409080505
O15327	192	232	0.5782719850540161
O75679	9	97	0.6025024652481079
P0CG00	344	495	0.6158419251441956
P19883	17	308	0.6610406041145325
Q6ZSS3	163	339	0.5086644291877747
Q86VV4	161	214	0.5187123417854309
Q9ULB5	574	599	0.5362833142280579
P07988	277	380	0.6050348877906799
P0DPK4	22	287	0.6988515257835388
Q6P9G9	325	517	0.6197859048843384
Q96GC6	477	639	0.6324039697647095
Q9BWE0	370	561	0.6287788152694702
A2RU30	53	152	0.5593386292457581
P01042	82	153	0.5497150421142578
P16581	118	554	0.7000970244407654
P17038	84	808	0.6620813608169556
P52741	81	115	0.6424571871757507
P52741	162	426	0.6757434010505676
P62633	39	175	0.6927714347839355
Q02556	75	184	0.5238524079322815
Q8N423	150	185	0.5211284160614014
Q8NDQ6	175	307	0.5417032241821289
Q8NDQ6	516	659	0.5451679229736328
Q96JB8	355	414	0.5141489505767822
P19438	30	212	0.6632179617881775
Q04756	101	296	0.7191559076309204
Q07617	491	513	0.5075759887695312
Q6IE81	183	229	0.5155624747276306
Q86TH1	42	186	0.6057011485099792
Q86TH1	560	950	0.6322468519210815
Q8IU80	459	596	0.6430143713951111
Q9HBW9	8	116	0.6474473476409912
A0A087WUV0	270	509	0.6122463941574097
Q32M78	109	641	0.6295657157897949
Q86UY6	193	225	0.5428000688552856
Q8N3Z6	229	395	0.6320595145225525
Q8N9F8	176	521	0.6089594960212708
Q8NB78	49	87	0.549293577671051
Q8NFU1	407	447	0.5164477229118347
Q9NR56	0	90	0.547868013381958
Q9NR56	170	253	0.652513325214386
Q9NRH2	678	764	0.5299651622772217
Q9NXR5	164	220	0.5325973629951477
Q9UGT4	24	54	0.6018149852752686
Q6P1R4	391	443	0.5383089780807495
Q6ZW61	199	248	0.5598569512367249
Q8N2I2	156	490	0.6461260318756104
Q08554	757	779	0.7527430057525635
Q08554	824	893	0.6478636860847473
Q13438	170	260	0.5577971935272217
Q8TCF1	0	114	0.5926393866539001
A0PJY2	109	203	0.5971852540969849
A0PJY2	237	426	0.6257577538490295
O15209	475	566	0.5039052963256836
O94989	713	744	0.5074769258499146
Q03924	34	482	0.6059602499008179
Q5T0N5	348	373	0.561355471611023
Q8N8E2	353	493	0.6620249152183533
Q9NTW7	136	254	0.6348012089729309
Q9NTW7	287	440	0.6331494450569153
Q9NTW7	468	549	0.5585231781005859
A5PLN7	354	381	0.5840204954147339
B4DXR9	220	584	0.6281542778015137
P00742	44	176	0.5455560684204102
Q02446	618	725	0.5563535690307617
Q8NEP7	175	198	0.623562753200531
Q96CW9	290	494	0.6700782775878906
Q96NG8	188	461	0.6569174528121948
Q99592	347	480	0.6343193054199219
Q9GZX5	195	427	0.6786155700683594
O60269	224	305	0.5942100286483765
O75677	9	96	0.5957660675048828
P17021	176	340	0.704631507396698
P17021	454	661	0.6795377135276794
Q13049	102	147	0.5525511503219604
Q68EA5	66	554	0.5947760343551636
Q6PKC3	432	488	0.5306816101074219
Q6PKC3	524	582	0.526344895362854
Q7Z340	226	666	0.6616836786270142
Q8N6M9	0	142	0.60188227891922
Q9H175	376	427	0.563494086265564
P06127	152	214	0.5622525215148926
P06127	235	375	0.5608565211296082
Q14592	160	367	0.6273931264877319
Q2M3X9	210	578	0.6240292191505432
Q53GI3	314	551	0.5921950340270996
Q6ZN06	208	616	0.6442883610725403
Q6ZN17	120	168	0.5566428303718567
P83105	35	165	0.5357487201690674
Q6PCT2	640	686	0.6535312533378601
Q86XN6	207	745	0.6493013501167297
Q8WW36	33	149	0.6486390233039856
A6NI03	4	140	0.520932137966156
P17020	208	681	0.6795295476913452
Q8IYI8	97	556	0.607709527015686
Q9H3T2	519	546	0.5842298865318298
Q9NS84	201	236	0.5003207325935364
P54760	210	326	0.5813817381858826
P58317	55	236	0.522936224937439
P58317	249	389	0.527698814868927
Q6P280	262	562	0.6107922196388245
Q6V9R5	235	421	0.6219926476478577
Q8TAT6	553	607	0.5705939531326294
Q9BQA5	185	380	0.6044591665267944
Q9NQ36	40	392	0.6977158188819885
Q9NQ36	455	476	0.7248173952102661
Q9NQ36	626	842	0.6396161317825317
P17643	82	122	0.6064795255661011
P52429	132	180	0.6560942530632019
Q9H6R7	691	719	0.5805510878562927
Q9NSD4	174	418	0.6130133271217346
P04118	21	111	0.582422137260437
P37023	22	100	0.5550674200057983
Q3MJ62	233	388	0.6402877569198608
Q53RD9	80	339	0.6427593231201172
Q9NP64	118	160	0.5286166667938232
O14771	317	454	0.5404346585273743
O95407	35	216	0.563461422920227
P27037	75	120	0.6004222631454468
Q6AW86	244	506	0.6965859532356262
Q7Z398	169	239	0.5085408687591553
Q7Z398	255	421	0.5896111130714417
Q8IYP9	13	74	0.6464014649391174
Q8N3S3	402	450	0.5236408114433289
Q8N412	71	131	0.6078492999076843
Q96K58	102	410	0.621574878692627
O15041	512	590	0.6832299828529358
P05164	157	182	0.5650891661643982
P49639	24	64	0.6679351329803467
Q16670	232	476	0.605292797088623
Q16820	596	654	0.5472100377082825
Q658N2	176	328	0.5042526721954346
Q8NG06	0	151	0.5916997194290161
Q9H707	46	404	0.5895869731903076
O00311	333	387	0.5418525338172913
O14672	389	646	0.6620640754699707
P35443	283	490	0.6852329969406128
Q14593	137	298	0.6083313822746277
Q14593	337	543	0.6226109862327576
Q6AZW8	36	326	0.6601276397705078
Q6NX45	135	482	0.6594533324241638
Q9H5J0	459	529	0.5872141718864441
Q9UKN5	557	752	0.5275607705116272
Q9Y3M9	167	605	0.6415764093399048
Q9Y3M9	621	744	0.6355590224266052
Q9Y6Q3	284	627	0.6813390254974365
O14628	230	558	0.6250158548355103
O75077	440	651	0.7337557673454285
O76076	7	172	0.6230608224868774
Q05BQ5	37	111	0.562157392501831
Q93038	21	213	0.6750829219818115
Q93038	260	311	0.5510365962982178
Q96B86	139	173	0.5049291849136353
Q9H2S6	253	310	0.6019867062568665
A6NHJ4	216	433	0.6536199450492859
A6NHJ4	452	624	0.5761705636978149
O95201	306	527	0.6233582496643066
P30203	120	193	0.6343109607696533
P36406	107	237	0.6063267588615417
Q3KP31	88	420	0.6254295110702515
Q3KP31	431	575	0.6228163838386536
Q5TH74	86	192	0.5980949997901917
Q6NX49	201	250	0.5785995125770569
Q6NX49	260	709	0.6952235698699951
Q6PJ21	61	104	0.5553641319274902
Q6PJ21	248	295	0.6028627157211304
Q6WN34	26	180	0.596571147441864
B2RUY7	41	221	0.613882303237915
O60304	324	452	0.5440596342086792
Q7L945	139	451	0.6504713892936707
Q8NF99	247	533	0.6875611543655396
Q8WVD3	4	117	0.5843374133110046
A6NJL1	350	493	0.6172166466712952
P17097	146	163	0.5200099349021912
P17097	173	594	0.6412203907966614
Q9NV58	525	543	0.5468275547027588
A6NCI8	85	109	0.5718832015991211
Q8WVD5	136	229	0.5665081143379211
Q96JM7	85	153	0.5005407333374023
Q96MF2	92	192	0.5651239156723022
Q9HCB6	440	732	0.5747158527374268
B6SEH8	96	199	0.5622391700744629
O00339	249	646	0.7720163464546204
Q13360	114	219	0.6179729104042053
Q13360	259	480	0.6497899293899536
Q96C28	156	369	0.6373242139816284
P09758	26	144	0.5810684561729431
P51814	123	160	0.5137065649032593
P51814	294	815	0.6457594037055969
Q08AN1	141	773	0.676977813243866
Q5T4F7	170	192	0.5223276615142822
Q86YJ6	391	450	0.5420144200325012
Q96N58	221	589	0.6558427214622498
Q96PE6	158	470	0.6595481038093567
Q9NX65	483	688	0.6459909081459045
Q9P272	163	241	0.5096567273139954
Q9UKT4	38	114	0.5743775367736816
Q9Y2D9	350	498	0.5541455745697021
A5D8T8	203	301	0.6807733774185181
P27918	31	214	0.5490161776542664
P27918	235	458	0.5410751700401306
P28908	22	144	0.6375829577445984
P28908	236	313	0.5387941002845764
P48307	108	225	0.6786954402923584
P51864	68	174	0.5845488905906677
Q03591	100	274	0.5733808279037476
Q8N2G6	85	240	0.5383893251419067
Q96KM6	98	163	0.5205469131469727
Q96KM6	726	819	0.545102596282959
Q96NI8	200	526	0.6316162943840027
Q9H7S9	454	505	0.5344904661178589
Q9UIK5	43	135	0.7074353694915771
Q9UIK5	246	307	0.5630545020103455
P22830	392	422	0.5771771669387817
P31273	11	48	0.504237949848175
P54826	45	251	0.5751407742500305
Q86SQ3	0	79	0.6434631943702698
Q8NEM1	314	526	0.6156426072120667
B6SEH9	96	197	0.5812119841575623
O75437	117	386	0.5568597316741943
O75437	402	611	0.5941690802574158
O94880	309	396	0.5729275941848755
O94985	300	342	0.7170474529266357
P29279	20	341	0.6520472168922424
Q2M218	212	656	0.6044565439224243
Q5UCC4	104	135	0.5242210030555725
Q9H5H4	264	535	0.6497423648834229
O75467	244	506	0.685768723487854
P0CG31	234	521	0.6738588809967041
Q0D2J5	95	393	0.6070632934570312
Q12805	20	83	0.5433516502380371
Q12805	151	385	0.7209105491638184
Q14590	307	737	0.6936810612678528
Q6ZMU5	1	145	0.6082332134246826
Q8NI51	251	445	0.6590256094932556
Q8NI51	468	572	0.537880539894104
Q96IT1	515	575	0.5136550664901733
Q9Y2L8	340	463	0.6189944744110107
Q9Y2L8	542	664	0.6567014455795288
Q9Y2L8	710	831	0.5960447192192078
Q9HBT8	233	520	0.6717363595962524
A0A1W2PPK0	83	166	0.5070919990539551
Q14587	218	453	0.684340238571167
Q14587	494	789	0.6533543467521667
Q14587	828	946	0.5926299095153809
Q6UWL6	286	309	0.5197796821594238
Q6UXI9	29	190	0.7166628837585449
Q8IX30	16	338	0.7346386909484863
Q8IX30	353	441	0.6114051342010498
Q8IX30	625	819	0.674095630645752
Q9H8G1	246	379	0.6272956132888794
Q9H8G1	400	567	0.5147008895874023
P17030	106	449	0.6133331060409546
P26927	46	481	0.617040753364563
Q6PG37	183	612	0.6494836807250977
Q7L2R6	205	522	0.6596919298171997
Q92731	88	256	0.5209141969680786
Q96C55	111	218	0.5898649096488953
Q96S15	708	745	0.5914467573165894
Q9Y462	301	758	0.5894586443901062
A0A1B0GTW7	122	154	0.5905871987342834
O75815	420	457	0.5425159931182861
P17017	93	641	0.6683065891265869
P22891	81	187	0.7097997069358826
Q6PF15	550	582	0.5933230519294739
Q6UVJ0	539	557	0.5220045447349548
Q6UWM5	180	221	0.5214912295341492
Q96EQ8	27	193	0.6024988889694214
Q96F45	424	448	0.5802529454231262
Q96F45	508	566	0.674967348575592
Q9NR61	176	529	0.7227140665054321
Q9NR61	655	684	0.5271787047386169
Q9ULD5	547	605	0.5246096253395081
Q9ULD5	640	830	0.601564347743988
Q9Y603	177	216	0.624273419380188
A6NNF4	104	351	0.6504188179969788
A6NNF4	370	615	0.664539635181427
Q6UXF7	203	301	0.6736941933631897
Q92496	114	232	0.6321008205413818
Q96BR9	275	385	0.5674687623977661
Q9C026	118	206	0.5336227416992188
Q9HAH1	129	332	0.6795219779014587
O00635	3	136	0.5771540403366089
O75143	235	251	0.6331760883331299
P07357	24	173	0.6403199434280396
P07357	492	562	0.5793768763542175
Q8NE65	246	331	0.5941900610923767
O75840	211	301	0.5118154287338257
P01589	154	190	0.513952910900116
P14222	372	412	0.6036134362220764
P14222	528	554	0.5393475890159607
Q13443	350	677	0.7400870323181152
Q2Q1W2	197	242	0.5311009883880615
Q58A45	31	75	0.548825204372406
Q8TAF7	198	548	0.6672297716140747
Q96BV0	99	220	0.5854605436325073
Q96BV0	269	379	0.5232715606689453
Q96LX8	170	269	0.6482757329940796
Q96LX8	324	423	0.5632008910179138
Q9UBX5	22	89	0.5362008810043335
Q9UBX5	99	341	0.730728268623352
Q9UKF5	384	561	0.7471147179603577
Q9UKF5	624	654	0.5822107195854187
A0ABJ7H351	81	149	0.5502667427062988
A0ABJ7H351	240	366	0.5161683559417725
O15265	105	141	0.5693097710609436
O75173	322	689	0.7529261112213135
P17028	219	367	0.6252356767654419
Q5EBM4	94	169	0.5828443169593811
Q5T700	59	204	0.6554057598114014
Q6NUJ1	24	100	0.5362383127212524
Q6VAB6	409	485	0.573468804359436
Q8N8J6	176	730	0.6926865577697754
Q96E35	149	220	0.5234953761100769
Q9NPC7	295	521	0.7133507132530212
Q9NXA8	246	309	0.5185399055480957
Q9P0J7	0	142	0.6387925148010254
A8MT65	203	543	0.6543501615524292
P05156	155	326	0.6401172876358032
P59817	286	362	0.5197350382804871
Q6MZQ0	264	315	0.526959240436554
Q8NA19	356	427	0.5098991394042969
Q8TF45	74	670	0.638854444026947
Q96JC4	85	523	0.6638021469116211
Q9P0N8	0	28	0.5171058177947998
Q9Y561	383	479	0.6839775443077087
O75346	102	487	0.6605133414268494
O75398	483	557	0.5202891826629639
P09919	7	25	0.5405786037445068
Q13470	372	414	0.5238873958587646
Q6ZMS4	149	495	0.654241144657135
Q9UNA0	542	646	0.6260687112808228
Q9UNE0	5	152	0.6509979963302612
P0CG24	0	378	0.6681917905807495
P29122	687	968	0.6910467147827148
Q6N043	344	508	0.5681095719337463
Q6N043	615	740	0.5733543038368225
Q8IWZ5	136	170	0.5903694033622742
Q8N7M2	186	328	0.6156749129295349
Q8N7M2	395	669	0.641593873500824
Q96GP6	49	446	0.6146084070205688
Q96JL9	295	644	0.6422703266143799
Q96T25	404	553	0.5686190128326416
Q99062	113	191	0.724921703338623
Q9BWX1	30	228	0.5970765948295593
Q9NPY3	25	49	0.5192846059799194
Q9NPY3	119	468	0.6845834851264954
Q9NQX6	121	462	0.6583817005157471
B4DX44	104	293	0.6716076135635376
O75626	563	695	0.5094756484031677
Q14246	22	343	0.6666502952575684
Q15072	5	192	0.6543680429458618
Q15072	211	291	0.5210937857627869
Q8WTR7	205	291	0.537297785282135
Q8WTR7	311	870	0.6379627585411072
Q92563	74	208	0.5750842094421387
Q6P3V2	167	399	0.6295897960662842
Q6P3V2	427	767	0.6826213598251343
Q8N7Q3	75	586	0.6296622157096863
Q9NQV7	577	890	0.6795557737350464
O14638	42	159	0.669241726398468
P07225	55	286	0.6489839553833008
P08047	601	705	0.5453062653541565
P15621	96	662	0.6648191809654236
Q9P1U0	0	125	0.5039076209068298
Q9Y2P7	127	626	0.6474689245223999
A0A096LNW5	21	269	0.7007057666778564
P10072	321	650	0.6807265877723694
P49910	267	484	0.6095596551895142
Q15109	186	276	0.511407732963562
Q15109	292	319	0.6073223352432251
Q6UY18	15	57	0.6118637919425964
Q9H9D4	347	629	0.5754121541976929
O95025	530	594	0.6122486591339111
P08235	434	451	0.7065839171409607
P08235	472	492	0.675428569316864
P26651	101	171	0.5809323191642761
P78539	70	194	0.6988194584846497
Q6ZN54	237	305	0.6226460337638855
Q86UE3	291	482	0.6111277341842651
Q86UE3	518	835	0.638785719871521
Q8ND24	632	702	0.6257175803184509
Q96P26	42	93	0.5313069820404053
O95196	356	428	0.5553483963012695
P10075	180	375	0.6749757528305054
P52824	93	268	0.6950579285621643
Q6A162	2	114	0.5488966703414917
Q6A162	393	430	0.5541175007820129
Q8NEK5	79	532	0.6212972402572632
Q8TBJ5	180	206	0.5374261140823364
Q8TBJ5	270	431	0.6036161184310913
Q99944	92	200	0.6940144300460815
Q9BX82	158	623	0.6056756377220154
Q9UKC9	395	422	0.5035141706466675
A0AAQ5BIG5	601	670	0.5489479899406433
O00300	24	199	0.6921080946922302
O43298	345	460	0.5105336904525757
P48960	15	274	0.5912663340568542
Q13501	102	180	0.6458607316017151
Q86Y38	912	944	0.5318962335586548
Q969W8	161	417	0.6265464425086975
Q9H160	205	266	0.5915153622627258
Q9H7R0	110	625	0.6709360480308533
Q9NR11	269	477	0.6258779764175415
Q9Y508	20	224	0.5792710185050964
P14373	0	142	0.5791464447975159
Q02297	172	240	0.5986590385437012
Q8TB52	334	353	0.5909347534179688
Q96NE9	559	621	0.6931310892105103
Q9HBJ0	107	175	0.5168977379798889
O43300	492	515	0.6157479286193848
Q15937	186	497	0.6739539504051208
Q9HBT7	331	758	0.6651713252067566
Q9ULM2	111	228	0.5257891416549683
Q9ULM2	267	424	0.6263303756713867
Q9ULM2	459	523	0.5900919437408447
P18146	338	420	0.6028793454170227
P29590	173	236	0.5688605904579163
Q6UWU4	131	165	0.5092303156852722
Q6UY11	0	259	0.6814749836921692
Q96N38	74	512	0.5771114826202393
Q9H3U7	25	150	0.6125895977020264
Q9UIH9	49	89	0.5483065843582153
Q9UIH9	303	402	0.5848731994628906
Q9Y458	456	487	0.500872015953064
Q6UWV2	207	234	0.5695717334747314
Q86XU0	200	573	0.6210576891899109
Q8NDZ0	283	300	0.6632933020591736
Q96DN2	43	270	0.6597336530685425
Q96DN2	381	753	0.6316669583320618
Q9NUG4	337	413	0.7042984962463379
Q9UNL4	183	248	0.5728828310966492
Q9Y4I5	140	270	0.5078198313713074
Q9Y4I5	291	425	0.5959777235984802
P29558	166	257	0.5015208125114441
P52744	25	261	0.6305869221687317
Q8N8C0	0	122	0.5833929777145386
Q969J2	137	218	0.5625413656234741
Q969J2	316	459	0.637138843536377
Q969J2	482	541	0.5240392088890076
Q9HBE1	347	530	0.6686352491378784
E7ETH6	47	172	0.5023744702339172
E7ETH6	198	401	0.6192155480384827
O75106	719	755	0.6018459796905518
Q14588	197	407	0.6972405314445496
Q14588	448	685	0.6529442071914673
Q7Z5U6	4	26	0.6421217322349548
Q8WWZ8	149	267	0.7207464575767517
Q86W42	305	333	0.569618284702301
Q96NG5	143	401	0.6810567378997803
