Common proteins	Only by Iupred2a	Only by Aiupred
A6NGW2	A0A0J9YXV3	A6NIY4
O75093	P49821	O43182
O75678	Q7RTU4	O43304
P04275	Q8N1N2	O43827
Q05329	Q9Y5H7	P01135
Q14585	A0A286YF77	P0C875
Q5T0L3	P51970	P58005
Q5VWG9	Q5TCM9	Q13018
Q6UWY2	Q8TF21	Q15818
Q6ZMT1	Q9H0E9	Q16394
Q7Z7K2	A0A1B0GVY7	Q53EZ4
Q8IWV7	O00321	Q53HC9
Q8IXZ3	O43283	Q8N4H0
Q8IZ63	P08588	Q96Q89
Q8IZJ1	P24723	Q9NV35
Q8NAF0	Q03828	Q9P203
Q8WWI1	Q5VTJ3	Q9Y662
Q9BRZ2	Q9Y6F6	A0A1W2PQ72
Q9BT23	O14727	O00411
Q9C0I4	P26371	O75069
Q9NRY6	P29274	O75179
Q9UL59	Q5SQ80	O94832
D6RCP7	Q64ET8	P49720
O43820	Q8N878	P61513
O43915	Q8TEX9	P78424
P06858	A0A286YEV6	Q07325
Q09MP3	A9YTQ3	Q15723
Q12802	Q496H8	Q30KP8
Q53GD3	P22528	Q5H9L4
Q5EBM0	Q96BW5	Q5I0X7
Q5TC79	O15021	Q5SWX8
Q6ZUB1	P0DPI3	Q8NCX0
Q8N823	Q400G9	Q8WTW3
Q92918	Q5T764	Q96LP6
Q92954	Q86VQ1	Q9H2C1
Q96C00	Q8N3Y3	Q9HCI6
Q96QE4	Q9NRQ2	Q9NQ11
Q9BYR6	P10600	A0AAQ5BHU3
Q9NZV7	Q6ZRV3	A6NI28
Q9UK11	Q86XT9	A8MVZ5
Q9Y297	Q96BR5	M0R2J8
A6NC57	Q9BZA0	O75969
O00451	A0AAG2UYG2	O95677
O14545	Q5FWF5	P24278
O95274	Q86WR7	Q15849
P0DH78	A0AAG2TV48	Q2WGJ6
P20701	O76096	Q5THR3
P25445	Q8IW03	Q6ZWI9
Q01955	Q8N5Z5	Q8N8G6
Q13114	Q96KS0	Q8NCW6
Q13118	Q9NQZ6	Q8TAS1
Q14957	A0A0J9YWL9	Q8TC92
Q15878	P03999	Q96L91
Q2TV78	P42681	Q9NSU2
Q2YD98	Q6P6B7	Q9NY46
Q5VVW2	Q9BYQ3	Q9NY74
Q659A1	P31276	Q9P2P1
Q6PEW0	A0A286YF46	Q9UKV8
Q7Z4F1	P0DV74	Q9Y6Q9
Q86UF1	P35372	A0FGR8
Q8NBB4	Q6DN03	A5YM72
Q8TDJ6	Q6ZNG2	P16615
Q8WXS8	Q6ZS02	P17081
Q96LS8	Q7Z434	P43268
Q96NJ3	Q9BYR2	P57764
Q9BY79	Q9C086	Q03426
Q9P2E3	Q9NQF3	Q8IX01
A0A1B0GUW6	Q1RN00	Q8N4C7
A8MWY0	Q495Z4	Q8TEB1
O00222	Q5TA81	Q8WWU5
O14512	Q96MH2	Q96A70
O43638	Q9BYQ8	Q9UJJ9
O43766	P45880	Q9UKV0
O60309	P50579	A6NCL7
O75078	Q53GT1	O60353
P10912	Q8N9F0	P26022
P55285	Q9GZZ6	P36269
P55773	A0A096LP55	Q14765
P98073	Q8NDY8	Q15366
P98164	Q92963	Q5VXU9
Q14865	Q9BYR5	Q8IV33
Q15031	Q9WJR5	Q8IZ73
Q5H8A4	P98077	Q8TBE9
Q6UXB8	Q9NVF9	Q8WUF8
Q86YH2	Q9UN74	Q8WUM9
Q99675	O43248	Q9C0I3
Q9BV97	O75564	Q9H9G7
Q9UHB6	P19013	Q9HA64
Q9Y2H8	Q96N19	Q9P2D3
Q9Y5Y6	Q9UGC6	Q9Y5H2
A2VDJ0	P81172	A0ABB0MV19
A6NCW7	Q96GL9	O14792
O95445	A8MUL3	O94911
P26436	O14513	O95487
P55055	O75113	P01036
P78386	Q3B8N5	P15391
Q07954	Q96JK2	P20774
Q13535	Q9BXR0	Q07890
Q3BBV2	Q9UJM3	Q12918
Q5VV67	Q9UN75	Q86X10
Q6P9F0	O94916	Q8IWN6
Q6PK81	P01100	Q8IXI1
Q6ZVN8	Q6ICB4	Q8NHL6
Q76I76	Q8N8Z3	Q96CM8
Q7RTV3	P54257	Q96SZ5
Q8N7R7	A2RUT3	Q9BRP4
Q8NEC7	A6NKF1	Q9NTG1
Q8NG08	P51460	Q9ULK0
Q9BYW3	Q17R55	A6NI73
Q9H5I1	Q3KNW5	O15528
Q9HCU4	Q9UBS9	O75528
Q9UH90	D6RGX4	P0C7U3
Q9UMW8	P52798	P25398
Q9Y252	Q5GLZ8	P25940
A8MQ14	Q96QU4	Q08357
O43155	O75473	Q7Z6R9
O43291	O95620	Q8N9Z9
O60242	P07333	Q8WUX1
P02748	P41143	Q96PG2
P20155	Q5W150	Q96QU8
Q06730	Q8N814	Q9BWU0
Q06732	Q8N9P0	Q9NQR9
Q0VG06	Q8NF67	Q9P2L0
Q0VGE8	A6NGY1	Q9UIB8
Q13115	Q15464	Q9UKG1
Q2QGD7	Q6ZSJ9	Q9UL18
Q5SVZ6	P63136	A0A096LP49
Q5VWM6	Q5T753	A0A5A2
Q5W0U4	Q6RVD6	A6NI61
Q6S9Z5	Q96QB1	P01871
Q6ZMQ8	Q12809	P13726
Q8IVF1	Q5VUB5	P49407
Q8N813	Q9BVS4	Q13117
Q8NER5	O94900	Q86UE6
Q8TDY4	Q6L8H1	Q8N684
Q8TER0	Q8N6U2	Q8NDC4
Q9H6E5	Q96NN9	Q8NDT2
Q9H9J4	E9PI22	Q96EX2
Q9HBE5	P22531	Q9BUA6
Q9NRE2	P55056	Q9Y2G3
Q9UBS8	Q6ZS81	A6NFC5
C9JVI0	Q86UU5	O75486
D6RBQ6	Q8WXX7	O75534
O15014	O00287	O95069
O15079	P07919	P22304
P07327	Q969T3	P40855
P56715	P46092	Q08999
Q5VW22	Q13516	Q09327
Q76L83	Q5JNZ5	Q15116
Q96CS7	Q86W56	Q5D0E6
Q9H8J5	Q8IWL2	Q5UE93
Q9NQ32	Q969W9	Q86YW7
Q9NRR2	Q9BXR3	Q8IVU3
Q9UMS6	P0DXC3	Q8NBT3
Q9Y5U5	Q8WXH6	Q92608
A0A1B0GTH6	Q9BYQ7	Q96BZ4
O00548	Q9HBB8	Q96SM3
O00755	P01732	Q9H8X2
O15537	P35368	Q9HC10
O43526	Q96N68	Q9NRX5
O43866	Q9BYQ9	Q9NZT2
O75095	A2RUB6	Q9P244
O94875	O43435	Q9ULH4
P57682	Q9BYQ4	A0A3B3IRS2
Q14584	A8MXZ3	A6NCL1
Q15139	E9PGG2	O15244
Q15910	G5E9R7	O75460
Q2KHN1	Q15517	O94956
Q68CJ9	Q5TA82	O95156
Q6ZMP0	Q9ULX3	P04216
Q6ZVT6	Q9UND3	P09543
Q6ZWJ8	O95571	P48067
Q86XK2	Q658T7	P51816
Q8IU81	Q8N8I6	P55196
Q96GW7	Q13461	Q01850
Q9BYD5	Q86YD7	Q12769
Q9P2D0	Q8N9V3	Q5K651
Q9UBX7	Q8NEA9	Q86WG5
A0A2U3TZM8	Q96EV8	Q86WS3
A0A3B3IT33	Q9ULJ1	Q8NFP7
A8MUK1	A8MXQ7	Q9UL17
Q01973	Q3ZCQ2	O00748
Q05707	Q49A92	O15050
Q14315	Q86UD7	P00519
Q15661	Q13459	P01733
Q15813	Q5VTL7	P16471
Q16671	Q9H2J1	P50151
Q38SD2	O15488	Q00532
Q4G163	Q0P670	Q13888
Q4KMG0	Q12888	Q16790
Q5W111	Q96PQ7	Q8TEA1
Q7RTY5	Q9BYQ2	Q8WVN8
Q96T88	Q9Y4B5	Q8WYQ5
Q9BTC0	A6NJQ4	Q96FL9
O75326	Q8WW24	Q96N67
P07204	Q9BQI7	Q99784
P0CH99	P46063	Q9BZQ8
P15289	P62854	Q9NSD7
P51888	P78346	Q9UHA3
Q13822	Q7Z6I6	Q9UI42
Q14314	Q9H228	Q9UJX5
Q16515	A8MWA6	O43307
Q6ZN32	P0DMB2	O43572
Q7Z407	P0DV73	O95800
Q7Z4I7	P22460	P01034
Q8TBP0	Q9NRC8	P0C7V9
Q9BR61	P23942	P11926
Q9HBH9	Q8NE31	P30511
Q9UPT8	Q9H7P9	Q14953
Q03923	P42081	Q53RY4
Q15283	Q5T036	Q5TIA1
Q3YBR2	Q5VUR7	Q63HN1
Q60I27	Q6L8H2	Q7RTS6
Q6IPT4	Q7Z5Q5	Q8WWB7
Q8N8U9	Q86VX9	Q9H0W7
Q96LM9	Q96S42	Q9P0L9
Q96P44	Q9HCH0	Q9P2J9
Q9BZR9	Q96N53	Q9UNQ0
Q9HCL3	Q96QC0	Q9Y442
Q9Y5L4	O75688	P01699
A8MT70	P0DM63	P05023
C9JJH3	P12931	P08648
O43187	Q6PI78	P30566
O75094	Q9P242	P31267
O75820	Q5T751	P50851
O95868	Q8N377	Q15437
P01178	Q99550	Q3ZCV2
P09603	A0AAG2TTZ7	Q5SRN2
P51693	P13945	Q6NUS6
Q01538	P31275	Q8IVF6
Q13129	Q0VFX4	Q8NCT3
Q14573	Q6ZPA2	Q8WTQ7
Q5T1R4	Q86YF9	Q96EY4
Q6NSW7	Q8IZ41	A1L157
Q6ZP01	Q8N271	O15056
Q86Z20	Q9GZU3	O94889
Q8NB50	Q9Y468	P14618
Q8WWW0	Q92764	P35713
Q93052	Q9BQ90	P38567
Q93084	P0C864	P49207
Q96CX6	P78368	P51861
Q96F81	Q58WW2	Q304Z4
Q9BQ31	Q92804	Q5TEJ8
Q9BXK1	P16233	Q6IQ55
Q9BY15	Q5UAW9	Q6UYE1
Q9C0C7	A0A8V8TPW1	Q8NE63
Q9P055	H3BPF8	Q8TCX5
O14867	O15218	Q96D21
O43189	Q5T8P6	Q96F07
O95644	Q9UGL9	Q96LD1
P05160	P28358	Q9H1A4
P14210	Q5GH76	Q9NR21
P35030	Q8IVE3	Q9NSK0
P43694	Q9BTL4	Q9NYL9
P59020	O00198	Q9UI36
Q15057	O76081	A2RUB1
Q16760	Q5T5B0	A6NH00
Q3SXZ3	Q86W24	O15117
Q7Z2T5	Q9Y5I0	O15194
Q7Z5L0	A0A9L9PY65	O15305
Q86YR6	A6NEL2	P26599
Q8WTU2	P14780	P85299
Q96PT3	Q5JQS6	Q13214
Q9BX93	Q8TF61	Q5JR12
Q9ULV1	Q9BZE9	Q6P5X7
O43240	Q9ULD8	Q6ZQQ6
O76015	A0A9L9PY30	Q8N302
O76031	A6NNJ1	Q96HD9
P01730	P0C7W9	Q96LA6
P08571	P30518	Q9H7J1
P0C7I0	P43681	Q9NR99
P35789	Q05586	O95757
P56277	Q5MJ70	P04198
Q07864	Q5T089	P14415
Q6ZS27	Q68CR7	Q5TYX0
Q71F56	Q8IYX8	Q86Z14
Q96HD1	Q9Y6M4	Q8N5S9
Q9BU40	C9JVW0	Q8TBZ0
Q9BV87	P63133	Q8WWN9
Q9H582	Q9ULJ6	Q92484
Q9H9S0	Q13796	Q96B67
Q9HC78	Q7L3T8	Q96CM4
Q9UET6	Q93075	Q96LA5
A3QJZ6	Q96M43	Q96RT1
A6NKQ9	D6RF30	Q99963
O00161	Q6NXE6	Q9GZU7
O60381	Q86XR5	Q9HCM9
O75132	Q9BYE4	Q9Y698
P02787	Q9UJH8	P22897
P10589	P60411	P23759
P54764	Q86UX6	P37088
Q12791	Q9NZY2	Q15834
Q15928	Q9Y6R0	Q3B7T1
Q56VL3	A0A2R8Y2Y2	Q3LI59
Q5T2Q4	A0AAG2TUQ4	Q5JTJ3
Q7Z5K2	O60658	Q6UWB1
Q8IWU6	Q92667	Q8TE12
Q8NF50	Q9NSI5	Q969M2
Q96K80	P0C7W8	Q9UHB9
Q96NW7	P0C7X0	A0A075B6H9
Q9C0G0	P35321	O14544
Q9NS68	Q5T6S3	O94844
Q9UHF5	Q8IXW0	P0C7U9
Q9UK28	Q8IZQ8	P18858
Q9UNK4	Q96QU1	P82675
Q9Y210	Q96ST8	Q14289
A0A590UJ96	Q2WGN9	Q68D06
C9JH25	Q96IL0	Q86YS6
O95436	Q96SF7	Q8WTQ4
P0CI00	Q9C0B7	Q8WYP3
P28702	Q9H2U6	Q92529
Q07912	Q2M1V0	Q96LL4
Q13077	Q8TC90	Q9NWH9
Q2VIR3	Q92585	A4D2B8
Q30KQ8	Q9BRG2	P02790
Q5TB30	E9PIF3	P16871
Q5VUG0	P14652	P21453
Q6NZ36	Q02930	P51784
Q6S8J7	Q96PG8	P60484
Q6T4R5	A8MQ03	Q14168
Q6URK8	Q14973	Q587J7
Q6ZUB0	Q2T9J0	Q5VTE6
Q7Z4Q2	Q4VXU2	Q8N4L1
Q86UZ6	Q8N3V7	Q96AT9
Q86VK4	O60911	Q96NH3
Q8IUG5	Q9NST1	Q99424
Q8N1L9	Q9Y5J7	Q9BRQ3
Q96GX1	A6NNL0	Q9H0H0
Q96PZ7	P49019	Q9NZC4
Q9BU19	Q05209	A0A075B6N4
Q9HCX3	Q15034	O00507
Q9NY15	Q6KB66	O15287
Q9UJW2	Q99932	P05231
H3BUK9	A0A8V8TNH8	P18433
O14901	A8MXV6	P55103
O94929	P0C2L3	P68366
O95704	P15173	Q50LG9
P08F94	P63132	Q8IXQ8
P22459	Q14392	Q8N103
P35913	Q96Q04	Q8NAG6
P43652	Q9NWQ4	Q8TB24
P81274	Q9NYD6	Q9H1B5
Q10472	O15027	Q9HCH3
Q13615	Q6NUM6	Q9NYK6
Q14839	Q8IVE0	Q9P104
Q68DI1	Q96KV7	P19875
Q8N9V2	O95377	P20749
Q8NEB7	P59091	P48509
Q96CA5	Q8N4T4	Q5BN46
Q96HI0	Q9UKP6	Q7RTM1
Q96JB3	Q9UKZ9	Q86V20
Q99988	P23490	Q8TAG5
Q9BYV6	P59036	Q8WWP7
Q9GZR1	Q96T59	Q96QE2
Q9H158	Q9BXJ4	Q9BZL4
Q9H1M3	A8MWP4	Q9NPF2
Q9P241	Q13639	Q9NRF2
Q9Y6L7	Q6L8G9	Q9Y3T6
A0A1W2PP97	Q6NUJ2	Q9Y606
O14639	Q6ZS46	Q9Y6G9
O15541	Q8NA96	A0AUZ9
O43597	Q9Y253	P08311
O75445	A6NNH2	P09341
P04733	Q04741	P16870
P09093	Q8IVW8	P50747
P22692	Q8N4L8	P80075
Q5JXM2	Q9HC77	Q02241
Q6UXR6	O15270	Q16594
Q6X4U4	P58549	Q6ZTR5
Q75N03	Q92886	Q7LGA3
Q7Z7G8	B3KNS4	Q7Z745
Q8N806	P51685	Q8N5U0
Q8TC27	Q86UC2	Q96EH3
Q8WYQ9	P61225	Q9UMQ6
Q9H013	Q9BYE3	Q9Y4C8
Q9H093	P17735	A6NFH5
Q9HBT6	Q96SD1	A8MTL3
Q9NP50	P0DO92	O14522
Q9NQX0	Q16667	P20742
A6NKG5	P22792	P51811
B1AJZ9	Q86W28	P78314
P00325	Q8N912	Q11130
P26010	Q9Y228	Q14966
P51689	P49798	Q5T5C0
P78334	Q6MZT1	Q7Z3Y9
P98168	Q96NA8	Q86WR6
Q14674	Q9GZW5	Q86XA9
Q147U1	A0A1B0GVY2	Q8IVW1
Q17RN3	P82921	Q8IZC4
Q5T7W0	Q13126	Q8N3C7
Q5TYW1	Q96LK8	Q8N7H5
Q5VZB9	Q9HAJ7	Q8NAA5
Q86YV5	F8WFD2	Q8TC05
Q96EG1	Q71RC1	Q8TE76
Q9BRQ0	Q9BRX9	Q99502
Q9BWF3	E9PKD4	Q9H3R1
Q9H9P5	Q05996	O00444
Q9NRY4	Q7Z4H8	O75444
Q9NYJ7	Q8NI28	P13798
Q9UBN6	A0A1B0GU33	Q08AI8
Q9UHC7	A0AAG2TWJ7	Q09019
Q9UHV7	Q5TG53	Q155Q3
Q9UKT9	Q6YL49	Q6UXV1
Q9Y282	A6NHQ4	Q8NHS4
O15156	Q5T754	Q92870
O94806	Q5XKK7	Q96KR6
P10070	Q9BT49	Q96QH8
P29597	O75712	Q9HA77
P52746	B3EWF7	Q9NR50
Q01954	O75690	Q9NXF8
Q0P6D6	Q8N3A8	Q9UHK0
Q13772	Q96MR7	Q9Y233
Q15560	O95396	B0I1T2
Q5JVG2	P11229	O43261
Q6ZN11	Q96I34	O75128
Q7RTS3	Q96KQ4	Q1EHB4
Q8N1G1	Q9H3Z4	Q6ZS62
Q8N8U3	A2RU37	Q7L0Y3
Q8NHY6	O43692	Q86T24
Q8WV24	P0CZ25	Q9BQT9
Q8WXE1	Q8NGA4	Q9BT17
Q92800	A6NGG3	Q9UBU7
Q96DN6	O14829	Q9Y4E6
Q96JM3	Q6ZP65	A6NJR5
Q96NS1	Q8NHM4	O60262
Q9C040	Q8TD20	O60879
Q9H461	Q96MY7	P36575
Q9NRS4	A0A286YF60	P36952
Q9P1T7	F5H4A9	Q0ZGT2
A6NL88	O43364	Q13324
O94851	Q12849	Q14940
P47944	Q14254	Q16828
P51587	Q2KHR2	Q2M3G0
P51828	Q2TAK8	Q6ZSR6
P56705	Q92681	Q7Z418
Q01974	Q9BXJ1	Q8IYB8
Q13075	B2CW77	Q8N7R0
Q15466	P0C7P2	Q8TC76
Q8IXZ2	P10321	Q8WWR8
Q8N812	Q4KMZ1	Q92551
Q8NEG5	Q8IVU1	Q96BN2
Q8TC21	Q96G27	Q9BYG4
Q8TD26	A0ABJ7HAP4	Q9HBL6
Q8TE54	O75330	Q9UQ72
Q9BYW2	Q8NDZ2	Q9Y258
Q9UM63	Q9H7E9	Q9Y4B4
A0A2R8Y4M4	Q5D862	A0A578
A0AAG2UXK7	Q7Z6K1	O75529
O00253	P0DMB1	O75747
O15198	A7E2F4	P04075
O94913	P0C880	P23497
P09544	Q6ZRN7	P27216
P0DPF2	Q9H172	P31997
P0DTF9	Q9UM44	P42229
P34096	Q9H1L0	Q13490
P49862	A0A0U1RRI6	Q13608
Q01151	Q9Y278	Q2PZI1
Q02833	Q8TF42	Q3SYG4
Q15042	Q8WUA4	Q5T8I3
Q3V5L5	Q92838	Q6ZRK6
Q5FWF6	Q96IK5	Q8IXF0
Q6ZNH5	O00602	Q8N5Y8
Q6ZWE6	P49795	Q93015
Q8IWT3	Q6UXB2	Q96B97
Q8N988	Q8N7S2	Q96MR6
Q969H9	Q9Y336	Q9H2F5
Q96HQ0	A0A8V8TPE2	Q9NUP7
Q96LC7	A0AAG2TUC4	Q9Y5G0
Q96MC9	O95685	O00337
Q9BWW7	Q5T7P2	O15498
Q9NRU3	Q96BH1	P06865
Q9UPX8	Q96S21	P60201
O00622	A6NFQ7	Q5RHP9
O15165	P51582	Q5VYV0
O95785	Q08050	Q6B0I6
P04003	Q14695	Q7Z2W7
P0CW18	Q96HA7	Q8N816
P13224	A0A140TA64	Q92520
P17040	O15499	Q96AX2
P56373	P83881	Q96MC4
P61129	Q9Y3A3	Q96PD4
Q14766	Q3SY05	Q96RS6
Q14831	Q5BLP8	Q9HAV4
Q15650	Q5TA78	Q9NTN9
Q6ZMY9	Q9Y4H2	Q9Y2G0
Q6ZV89	O00585	O14559
Q7L0R7	O60393	O60296
Q86TJ5	Q147X3	O60826
Q8NF86	Q15032	P27708
Q96KX2	Q9BSI4	P33402
Q96QE3	O43781	Q01740
Q9BYJ0	Q9NP72	Q15784
Q9GZT5	Q9P0K7	Q53F39
Q9Y6U7	Q9P0K9	Q5T5J6
A6NEQ0	P49640	Q6UX06
A8MUP6	Q8IYU2	Q70J99
O14905	Q92537	Q8IZ83
O15230	Q9NQG7	Q8NAT2
O15547	O15162	Q8WXF3
O60243	Q8N8A2	Q96NL0
P17031	Q92633	Q96P09
P36551	Q9BXQ6	Q9H9L3
P62736	Q9BZM3	Q9HCC8
Q0WX57	O95359	Q9HCJ3
Q15468	P54368	Q9NPG8
Q5RL73	Q06416	Q9P2E5
Q5VU36	Q6P5X5	Q9UBJ2
Q6ZVC0	Q6Q759	O15146
Q70EL2	Q8N660	O75155
Q7Z478	Q8ND76	P0C672
Q7Z6M1	Q9H8H0	Q15166
Q8N8Z8	Q9NX47	Q5JRM2
Q96EG3	Q9Y5H6	Q5T3J3
Q96JF6	P32241	Q5U651
Q9H2E6	P60827	Q6Q8B3
Q9H4D5	Q5VZI3	Q6ZTR7
A8MUZ8	O14682	Q86VE9
O94769	O15529	Q8IVJ1
O95631	O43805	Q8NC67
P02679	Q5FYB0	Q9H4B4
P08833	Q9BXI9	Q9HC96
P17032	P24864	Q9UGC7
P58215	P58512	O15205
Q2L4Q9	Q6DRA6	O75689
Q496Y0	Q8WXE9	O95400
Q5T871	P0C0E4	O95841
Q5THK1	Q6L8G5	P31512
Q6UW56	Q8NEP3	P51793
Q6ZNE9	Q9BZA8	P58062
Q7Z3D6	Q9NYF5	Q02108
Q7Z3V5	Q9UBB9	Q05048
Q8N554	A4D2P6	Q495Y8
Q8NC60	P35637	Q7KZ85
Q8TCV5	Q14213	Q86X45
Q96JP5	Q7RTU3	Q8N967
Q9H8W4	P57729	Q9NQT4
Q9HCK1	P78524	Q9P2P5
Q9NS98	Q18PE1	Q9UKI3
Q9UGU0	Q2M3A8	Q9ULC8
Q9Y4G2	O43612	Q9Y2W3
A8MVM7	Q05923	A0A0B4J240
B5MCY1	Q5UIP0	O95232
P21128	Q68DE3	P42226
P21912	Q8IU68	P49848
Q6ZS92	P54274	P82673
Q7Z5A4	Q5U623	Q08752
Q8IV63	Q6UXB0	Q8ND23
Q8WV99	Q8N100	Q8NF37
Q9BYE2	Q96MT4	Q8TCZ2
Q9ULI3	Q14190	Q8TD10
B7Z6K7	Q5VTT5	Q96GZ6
O00217	Q6L8H4	Q9NNW5
O00327	Q96B54	Q9Y272
O75129	Q9NXJ5	O00341
O75925	Q9Y5Y2	O43824
P01225	A0A286YFG1	P01599
P02462	A0A8Q3WKH5	P36956
P40126	Q15061	P55822
Q6PEX3	Q5XKL5	P57076
Q8N635	A0A6Q8PHA8	Q08708
Q96AX9	A6NMD2	Q13315
Q9BXT8	P22735	Q52LD8
Q9C035	Q13009	Q7RTT9
Q9H772	Q8N7U9	Q8N6S4
Q9HCK0	Q96PD2	Q96LX7
Q9UKR8	A0A1B0GUT2	Q96Q27
Q9UL40	A0AAG2TUQ9	Q99941
Q9Y5X4	O14633	Q9H511
A0A1B0GTH9	Q5BKY6	Q9HCF6
A0A7P0TAN4	P0C5K7	Q9UGN4
O43567	P0C7V4	O75676
O60260	Q6UXU6	P00973
P17927	Q9BQ66	P27815
P21754	A0A183	P37108
P28799	Q6XCG6	P42892
P35414	P55291	P55809
P42677	Q16655	Q00872
Q06587	Q8N9R0	Q13111
Q495A1	Q969F8	Q2PPJ7
Q6GPH4	Q9BYR4	Q6P3R8
Q6ZMV8	Q9BZA5	Q86U86
Q6ZVZ8	A0A286YEY9	Q8NA58
Q8TDX9	P31260	Q8TCJ0
Q8TF17	Q8TEC5	Q96HU1
Q93074	Q96A22	Q9BQS2
Q96FT7	A6NI86	Q9H0R6
Q96H40	A8MX19	Q9NWS1
Q96NL8	Q2VPB7	A0A1B0GX31
Q9NXL9	Q6VB84	A6NHR8
Q9UFD9	Q8IZJ4	O43896
Q9UJF2	Q8N1H7	P16389
Q9Y473	Q8TBY8	P28068
A0A1W2PPM1	Q8WYL5	P39877
A2VEC9	O14830	P41222
A6NI47	P22532	P49591
C9JN71	Q13480	P53675
O14836	Q3SYB3	Q13562
O60711	Q8IY42	Q5JPI3
P0DPK3	Q9HD26	Q5TF58
P29474	Q5BJF6	Q8NHW4
Q13398	Q6ZP68	Q8WXI9
Q13474	Q86UY8	Q96DY7
Q14393	P29074	Q9BZP6
Q6ZMV5	Q6KF10	Q9H063
Q6ZU64	Q6UX68	Q9H4K7
Q8N4W9	Q9BYT3	Q9H9E1
Q92629	Q9Y4R7	Q9UKK3
Q96LW9	Q6PIS1	O00291
Q9BX63	Q71RC9	O14920
Q9H0D6	Q8WUU8	P0C7M3
Q9H2A7	Q969Q0	P0C7P4
Q9NRA1	Q9BYR0	P13639
Q9UBF6	Q9H8X3	P16452
Q9UKP5	A6NMD0	P55072
Q9Y2J0	P31271	Q15018
Q9Y2X0	P41440	Q52MB2
Q9Y5R6	P55211	Q5K130
A0A0A6YYL3	Q3KP44	Q6R327
O95376	Q5T7P3	Q6UWF7
O95388	A6NGG8	Q6ZRR7
P00995	O60548	Q8N1G4
P02765	Q13569	Q8N456
P13497	Q8TEF2	Q8N4C6
P54753	Q8WWX0	Q8TAM2
Q02643	Q96AB6	Q969N4
Q5JTZ5	Q96E09	Q96A47
Q6H8Q1	Q9H8M5	Q96AC1
Q6PDB4	Q9NRP2	Q96FV3
Q6X784	Q9Y4X0	Q9Y4R8
Q7RTY7	A6NKC0	Q9Y6M9
Q8NCS7	A8MVA2	A0A1B0GX78
Q8NDW4	Q96B33	A6NN90
Q8NFJ8	A2RTX5	O43583
Q96HF1	P61568	Q12800
Q9H334	Q8IUE0	Q6UXY8
Q9UGI8	Q9UF47	Q7Z402
Q9UP79	Q5TA77	Q7Z6M3
Q9UPM6	Q8NB15	Q86XS8
Q9Y2Q1	Q9NZM4	Q8IUB3
A0A8I5KTY6	Q9Y2V2	Q8IUZ5
A6NNM3	Q9Y5X2	Q8N7C7
O00213	A0A0U1RR11	Q8N8A8
O14763	P05771	Q8N9Y4
O15355	Q01860	Q8NB91
P04628	Q13685	Q9BTX7
Q13133	Q3LI62	Q9BZH6
Q13402	Q9HCP0	Q9C0B1
Q17RS7	Q9NUQ3	Q9H479
Q6A163	P60412	Q9NXW2
Q6FI81	Q9BYQ6	Q9NZQ9
Q6NSI1	A0A286YF01	Q9UKD1
Q7LDG7	O95672	Q9Y2N7
Q8N587	Q6UWK7	O14786
Q8NAJ2	Q8IW50	O95715
Q8NDA2	Q8NCN4	P19320
Q8TF40	A6NCC3	P20591
Q8WY36	O00408	P50895
Q96MU6	O60303	Q15428
Q9BWX5	P0DX53	Q5T7N3
Q9NR71	Q5U4P2	Q8IWD4
Q9NYQ7	P0DSO1	Q8TDQ1
Q9NZL4	P30291	Q96L08
Q9UBT6	Q5TYW2	Q96N03
Q9Y2I2	Q9NS67	Q96ST3
A6NM66	A0A455ZAR2	Q9NZU0
O60941	A8MQB3	Q9P126
O95886	Q8IV38	Q9Y5G4
O95965	Q8N7X1	A0A1W2PQJ5
P10275	Q99593	O43670
P81408	Q9NP90	O43707
P81534	Q9Y5I2	O60688
Q01201	F8WBI6	P11387
Q13939	H3BQW9	P47224
Q15785	Q07157	P55036
Q5H913	Q71H61	P80098
Q68CP9	Q96JK9	Q13367
Q6B9Z1	Q9UPS8	Q15797
Q6UWE0	A0A0M3HER8	Q5XUX1
Q6ZMZ0	I6L899	Q6IN85
Q6ZN55	O00443	Q6P1K8
Q7Z6E9	O95998	Q7Z7F0
Q86U70	P10323	Q8IZE3
Q86Y25	Q6L8G4	Q8N6C7
Q8IWB4	Q8NDB6	Q8NB16
Q8N7Y1	P60329	Q969Q5
Q99661	Q0D2H9	Q96CW5
Q9BZR6	Q5TGY1	Q96L15
Q9H609	Q70EK8	Q96SJ8
Q9UHD1	Q8N8V8	Q9H4A4
O14649	A5PL33	Q9H981
O43609	Q9NS40	Q9UI47
O75603	Q05066	Q9Y232
P01024	Q14554	A0A0K0K1C0
P07288	Q5SXM2	A0A1B0GTS1
P10074	Q6ZR03	A0A804HLA8
P17014	Q86X29	A8MPP1
Q08AE8	E9PJI5	A8MZ36
Q5KSL6	Q15270	O95084
Q5VWQ8	Q969E1	O95299
Q6P988	Q96LC9	P07478
Q86W47	Q9UHQ1	P35625
Q8N535	Q9Y5H5	P43627
Q8NBP7	P31249	Q14117
Q8TBC5	Q02080	Q14184
Q9H0A6	Q9BZK8	Q5HYJ1
Q9H2Y9	O15225	Q5MNZ6
Q9NS73	P62273	Q5ST30
Q9Y5F7	Q96GX2	Q7Z3Z2
A0AAG2TU59	A0A286YEX9	Q8IVL5
A6NDE4	Q99707	Q8N2G8
K9M1U5	A0A8I5QKY2	Q8TCP9
O43309	Q6P9B9	Q96KE9
P00747	Q96B70	Q9BTD8
P22079	A0A0B4J1W7	Q9BX26
P32239	P09564	Q9H3U1
P80370	Q6ZN03	Q9NP71
Q03403	Q9H4S2	O00139
Q17RY6	A0AAG2TU99	O15020
Q6UXH9	Q5H9M0	O60469
Q6ZVN7	Q15005	P61812
Q7Z3F1	A0AAQ5BGE0	Q14451
Q7Z6I5	I3L1E1	Q5M9Q1
Q7Z6J4	Q6NSI3	Q7Z6J6
Q8IWY8	Q8IYT8	Q7Z7L1
Q8N2W9	Q9H9P8	Q86UW6
Q8WWZ7	Q9UJ96	Q8N5L8
Q96N77	Q9UNY4	Q8WVS4
Q9NZR2	A0A6Q8PHS2	Q96PV0
Q9UDY6	P0DPF6	Q99259
Q9UHJ3	Q96HN2	Q9HA90
Q9UHR6	Q99972	Q9NXN4
A6NKU9	Q9UBC9	Q9UPU9
O43506	H3BV12	Q9Y615
O43610	P35325	P06734
O75317	Q8WU20	P0DJG4
P01133	Q9BYP9	P21980
P0CG32	Q9NRJ3	P45844
P22681	A0A2R8YD15	Q15345
P34130	P0DV76	Q6P2D8
P36941	P17483	Q7L8L6
P54278	Q6ULP2	Q7Z4S6
P54687	Q71F78	Q8N6T0
Q02156	Q9NQX5	Q8N9W5
Q14517	Q9P1A6	Q8NE62
Q5T890	A5PKW4	Q8NFZ3
Q6NUI2	O15054	Q8TCC7
Q6S8J3	P04553	Q8WXH2
Q7Z3T8	Q8TAI1	Q9BXC9
Q7Z6J8	Q96MZ4	Q9NZM3
Q86YW9	Q96NI6	Q9UHH9
Q8NI29	Q9BVS5	D3W0D1
Q92900	Q9BX10	P13500
Q9BXU1	O94827	P19525
Q9P1Z9	Q13394	P22102
Q9UKP3	Q8NEZ5	Q5VWI1
Q9UKR0	Q9BYP8	Q6X4W1
Q9Y4D8	Q9Y576	Q8NB37
Q9Y5Y9	H0YKK7	Q8WZ79
A6NN14	P0C7V0	Q96AE4
D6RJB6	P21917	Q9BYZ8
O60229	Q5TCX8	Q9H1P6
O60383	Q8WWW8	Q9NP73
O60494	A6NNA2	Q9NWS6
P09958	Q14135	Q9NYN1
P0DN87	Q96QS3	Q9UHP7
P55197	E5RHQ5	A6NJ88
Q13137	Q96JN2	O75061
Q1X8D7	Q9P209	O75596
Q5SW24	P18089	P06731
Q7Z6J0	Q7Z309	P10620
Q86UU1	Q8TAU0	P13501
Q8IUG1	Q9UHI6	P19075
Q8IZY2	Q9Y5H8	P57052
Q8N1L1	A0A1B0GUV1	P78330
Q8NAP8	A0ABB0MV52	Q14249
Q8WYQ3	Q5TA76	Q15334
Q96MH7	Q9Y6K9	Q16878
Q96NL3	C9JFL3	Q6PL18
Q9BR26	P27694	Q8NA54
Q9BTN0	Q5T5F5	Q8NCE2
Q9P107	Q6UWB4	Q96DZ1
Q9Y215	Q9NPA2	Q96EN8
Q9Y6Q2	A8MXZ1	Q96T49
A0AAG2UXS2	Q7RTX9	Q9H4I2
O75362	Q86Y91	Q9NXG2
P15514	Q9H7T3	Q9P2B2
Q07021	Q9P2H0	Q9UQR0
Q562E7	Q9UKN7	Q9Y5F8
Q86Y33	Q9Y5Q6	O14640
Q8TB22	Q5W0Q7	O15266
Q8WY41	Q641Q3	O43290
Q8WZ73	Q8IV53	P0C025
Q92832	Q8N715	Q14449
Q92876	Q9UN73	Q14807
Q96GX5	A6NIJ5	Q15389
Q9BUN1	Q00722	Q3C1V0
Q9HCU0	Q14571	Q86WK6
Q9UIF8	Q5VSD8	Q96D09
O00292	Q6UXQ8	Q96FS4
O15303	Q6ZRM9	Q96L94
O60477	Q8N0V1	Q9P0J6
O95263	Q1HG43	Q9UKJ5
P04070	Q52M75	A0A075B6J6
P22736	Q5QGZ9	A0A5F9Z9Y6
P48060	Q7Z5B4	A0A8I5KXM2
P56703	Q8NGU9	A6NDD5
Q14574	Q96A59	O76083
Q16549	Q9BUA3	O95760
Q495D7	A6NFR6	P01111
Q5TGY3	Q7Z3K6	P12018
Q6P3X8	Q86TD4	P62955
Q6ZMN7	Q8N5Q1	Q00341
Q8IZC6	Q8N888	Q15149
Q8NB12	Q9UER7	Q5JST6
Q8TDF5	Q5T5A8	Q6AI39
Q8WXD0	Q5JUK2	Q86YC3
Q96GX9	Q8IUR6	Q8ND61
Q96I82	Q8N7Q2	Q96BF6
Q9H4F8	Q8TBZ2	Q96E14
Q9NRG9	Q9BYQ5	Q96JZ2
Q9UBS5	Q9BZG8	Q96SB8
Q9UEW3	Q9GZP4	Q9BX73
Q9Y219	Q9H819	Q9BZC1
O43147	Q5T752	Q9H2U2
O95628	Q6DCA0	Q9UKI8
P49796	P35326	O43525
P78549	Q5VY09	P01718
Q14112	Q7Z7K6	P04792
Q15637	Q9P1Z0	P0DJJ0
Q15772	Q9Y2K9	Q13621
Q53RE8	P12109	Q3MIN7
Q5TA31	P78412	Q8TAM1
Q6DT37	Q7LC44	Q92614
Q6NUN9	Q8IWL1	Q9BQF6
Q6UWN5	Q8WUU5	Q9H2P9
Q6YHK3	Q9BYQ0	Q9UBI6
Q8NA97	H3BQL2	Q9UI33
Q8NAM6	O60733	Q9Y2I1
Q8NBI3	A0A140TA67	Q9Y371
Q8TC41	A0AAG2TVR5	Q9Y5E6
Q8TE02	B1AL46	O00294
Q8TF50	Q0VG99	O43395
Q92581	Q3KP66	O75607
Q92994	Q4UJ75	P51798
Q9C0B6	P48448	Q12797
Q9Y6X2	Q96JP2	Q13395
A0A286YFB4	Q9NRI5	Q14CB8
O60294	Q9ULI0	Q16553
P46934	A6NN73	Q5JTZ9
P49765	Q15052	Q6NTF7
P62745	Q9NP84	Q6WRX3
Q04912	O95177	Q86T65
Q13873	Q6L8G8	Q8N2A8
Q5VU97	Q8TAF5	Q8NA72
Q5VYP0	Q8TE04	Q96PZ2
Q86UQ0	Q92913	Q9GZM8
Q8IXS0	Q9UNW8	Q9HB21
Q8IYD8	A8MTY7	Q9NY59
Q8IZ26	B2RXH2	A8MW99
Q8NEP9	P0CJ92	O43663
Q8TCN5	Q5T442	O60462
Q8TF66	Q8NCU1	O95819
Q9BXJ7	Q6PML9	P02750
Q9H2S5	Q9BYR3	P05062
Q9H714	A6NDY2	P26045
Q9HBQ8	O15084	P29459
Q9UIF9	P60369	P48506
Q9UL36	Q96PI1	P78563
Q9Y4K3	Q9UBL0	Q12756
A6NFA0	Q6P531	Q12955
A6NK02	Q96LU7	Q16586
A8K010	A0A1W2PNU3	Q5EG05
O60281	A6NKH3	Q5TCQ9
O76095	P0DSO2	Q6P158
P41235	P61927	Q6ZN28
P51610	Q49A17	Q86Y79
Q6UXU4	Q92499	Q8IXQ6
Q7Z699	Q96RM1	Q8N4M1
Q86UA6	Q9BXT6	Q8TF44
Q86UD3	A8MXJ8	Q96EV2
Q86YN6	P0DX52	Q9HBJ7
Q8IXT1	Q05823	Q9NR80
Q8N4S0	Q15436	Q9NZU1
Q8TD94	Q5JSZ5	Q9UNX4
Q8TEP8	Q7Z3H0	A0A5F9ZHS7
Q8WY21	Q9BZA7	O14497
Q92785	A0A1B0GTR4	P05165
Q96FE7	P08218	P10147
Q96MI9	Q64LD2	P11150
Q96P64	O15255	P23378
Q9BTT6	Q7L0Q8	Q14679
Q9C0A6	O60729	Q15361
Q9H0F5	P51649	Q16576
Q9UJU3	Q13427	Q8N3X1
Q9Y4K0	Q9C098	Q8WTZ4
Q9Y4X4	Q9H8G2	Q8WXQ8
A2A3K4	Q9UK33	Q96RN5
P21291	O43603	Q9BRT2
P30307	P0DV75	Q9BUM1
P35555	P17900	Q9C0K1
P55000	Q12950	Q9H0Q0
Q14520	Q8TC71	Q9HCM7
Q58G82	O14843	O60437
Q5T0B9	P30281	P01715
Q5T749	Q5S007	P20674
Q6ZTB9	Q9Y324	P26368
Q7Z3I7	P13489	P35318
Q86T75	P35663	P36896
Q86UN3	Q9C0D6	P68543
Q8IZH2	Q9Y6S9	Q7Z3Y7
Q8N474	A8MQT2	Q8N139
Q8NCL9	O60927	Q8N365
Q8WX77	P17509	Q8N9T8
Q96H79	P35908	Q8WXF8
Q9BZ11	Q92833	Q92625
Q9NXW9	Q9H161	Q92750
Q9Y678	Q9ULW8	Q9BYU1
Q9Y6V0	Q92686	Q9H5V9
A6NGJ6	Q96NJ1	Q9NRR6
O14511		Q9P2G4
O60566		Q9P2Y5
O75312		Q9Y240
P00738		A8MYP8
P18084		O60861
Q15911		P09960
Q16587		P41134
Q494X3		Q01082
Q5IJ48		Q13423
Q6IE37		Q2KHT3
Q6UWN0		Q4VC12
Q6ZN44		Q5T5U3
Q86UK7		Q5TIE3
Q86V71		Q5W5W9
Q8IUW3		Q8NCQ5
Q8NB42		Q8NEM7
Q969Z4		Q8TEM1
Q96LW1		Q92817
Q96QV1		Q96Q05
Q9BUH8		Q96S38
Q9GZT9		Q9C0C9
Q9H270		A6NKX4
Q9NQB0		O60266
Q9P2N5		O95170
A6NF34		P50549
O15016		P54296
O75153		Q13424
O94991		Q16563
P07814		Q6NUQ4
P11047		Q8NHK3
P17027		Q8WWQ0
P23327		Q96EF0
P25391		Q96GI7
P51124		Q9P0W8
P78504		A0A1W2PRS3
P98088		O75970
Q5SYE7		O95838
Q5W186		P00441
Q6P2D0		P05026
Q7Z3S7		P06748
Q8IUB2		P13196
Q8NCL4		P43405
Q8WUU4		P54136
Q96JK4		Q14296
Q96N20		Q504Y3
Q9NSJ1		Q5H9F3
Q9ULH1		Q5M775
A4IF30		Q5VST6
A6NDI0		Q7Z6W7
O00744		Q9BTE0
O43151		Q9HA65
O95544		Q9NS64
P19174		Q9UMD9
P40205		Q9Y5E1
P56706		Q9Y6X9
P59025		P09936
Q13434		P13688
Q66K41		P17213
Q6PI77		P60893
Q7L0X0		Q12789
Q86VZ6		Q13433
Q8IXL7		Q5EE01
Q8IY33		Q5KU26
Q8N883		Q5SZK8
Q8NEN9		Q5VYS4
Q96NL1		Q6A1A2
Q96NU0		Q6P1M9
Q9H2X3		Q6P3W2
Q9H8N7		Q8IWG1
Q9ULL0		Q8IXK2
Q9ULL4		Q96EW2
Q9UQP3		Q99616
C9J2P7		Q9H3J6
O00187		Q9NX77
O94941		Q9NYP3
P00326		Q9UPW0
P13349		Q9Y225
P13942		Q9Y2W6
P17036		A2AJT9
P49454		A2RUH7
Q13308		A4FU01
Q13464		P01717
Q14416		P07585
Q16363		P52954
Q6DN72		Q2M3G4
Q6PH81		Q6J4K2
Q6UX71		Q6P9F7
Q7Z353		Q7L190
Q86SQ6		Q969F9
Q8IYX7		Q9BYX2
Q8NEA6		Q9UMX2
Q92729		O94782
Q92966		P05452
Q9BR77		P23435
Q9H4W6		P32942
Q9NWH7		P51788
Q9NY47		P53794
Q9UBT2		P59044
Q9UBZ4		Q08AD1
Q9UL68		Q29RF7
Q9ULX5		Q2NL67
Q9Y2Y9		Q3LI58
O14709		Q7RTY1
O95428		Q86XW9
P08253		Q8IUM7
P17029		Q8NHP6
P22674		Q8TBB6
Q14541		Q8WV83
Q5TH69		Q8WWZ4
Q6P9F5		Q96NJ5
Q86TJ2		Q96RE7
Q86XP1		Q9H159
Q8IZF5		Q9ULD6
Q8N2H3		O60333
Q96PM5		O75962
Q96SQ5		O94776
Q9BRR9		P58004
Q9BUB5		Q06203
Q9BXP8		Q5T447
Q9H1C7		Q709F0
Q9H1J5		Q7Z6V5
Q9H9K5		Q86UN2
Q9NSN8		Q8N7P1
Q9UHC6		Q8NBR9
Q9ULG6		Q92502
Q9Y6I4		Q96KN1
A2CJ06		Q96NY8
A6NLI5		Q9GZS1
A6NLJ0		Q9NUS5
O43900		Q9Y2L9
O95153		A4D263
O95294		A6NIU2
P0C8F1		O15040
P35052		O43683
P49901		O75914
Q01804		P08962
Q08431		P51808
Q10469		Q02809
Q15942		Q12951
Q16134		Q14442
Q16629		Q16206
Q5EBL2		Q49AG3
Q6P1J6		Q8N0V3
Q8IYL2		Q8TBY9
Q8IZP9		Q9Y448
Q8N1G0		A0A087WWS6
Q8NA31		O60716
Q8NES8		P28223
Q96KR4		P60507
Q96PT4		P62079
Q9NYY3		Q05469
Q9P1Y6		Q14954
Q9UL58		Q15022
Q9UL62		Q68EM7
Q9UM73		Q6ZSZ6
Q9Y5K2		Q76KP1
A0AAG2TUV1		Q8NA03
A6NMZ7		Q8NF91
O43149		Q8NFP4
P53804		Q8TAG9
Q3SY46		Q96I13
Q8IWV1		Q9BS91
Q8IYX0		Q9BUE6
Q8NA42		Q9NRA0
Q8NFT6		Q9UNE7
Q96BT7		Q9Y4D1
Q96C24		A0A1B0GVB3
Q96P11		A0A1B0GXF2
Q9H8U3		O60683
Q9UHF1		P0DTE7
A6NMN3		P13637
A8MYU2		P20645
O00110		P61587
P0CJ78		Q70YC5
P0DJD3		Q8TER5
P38935		Q96FN4
Q01081		Q9BQI3
Q14512		Q9GZS9
Q3SXY7		Q9H756
Q6PJI9		Q9UHF4
Q6ZMY6		Q9UN71
Q86TC9		A0A075B6J9
Q8IV45		A0AV02
Q8IYW4		B2RPK0
Q8N1Y9		O75325
Q8NG31		O95398
Q92698		P01588
Q9HAW0		Q13261
Q9NPF0		Q15029
A7XYQ1		Q15477
O75051		Q16620
P10073		Q6P4R8
P28290		Q8ND83
P52594		Q8TE73
P54198		Q92904
P78312		Q96I15
Q12901		Q9HAI6
Q13064		Q9HBM6
Q15365		Q9NPG1
Q4G112		Q9NZ56
Q5DT21		O43586
Q5SWA1		O94759
Q6N063		P12645
Q6ZVL8		P59022
Q8IZP6		P81133
Q8N2N9		Q06495
Q8NA69		Q8N9N5
Q9H0F6		Q8NHS0
Q9H2D6		Q92826
Q9H3C7		Q92985
Q9H706		Q96KW9
Q9NYB5		Q9C0B2
Q9UKA4		Q9H6Y5
Q9UNX9		Q9NP77
Q9Y2E4		Q9UKZ1
A0A0G2JLW4		A4GXA9
A2VCK2		A6NNW6
O94983		O60678
P13682		O75140
P25490		P35247
P60409		P82650
P62684		Q10471
Q04721		Q13148
Q13751		Q4KMQ2
Q3T906		Q5SRE5
Q5VTR2		Q68D85
Q6ZN04		Q6ZV60
Q86WZ6		Q8N7Z5
Q8IUL8		Q8TBM8
Q8N0Y2		Q9H7Y0
Q8N143		Q9NRD8
Q8N2R0		Q9P0V3
Q8N446		Q9UJV9
Q92547		Q9Y3D5
Q96FZ2		A0A0B4J1U7
Q96JY6		O15123
Q9BXR6		P13236
Q9BXX0		P19823
Q9C0D5		P20823
Q9NRM6		P25205
Q9UK13		Q16849
O15072		Q5BJE1
O75150		Q6ZN16
O95780		Q96JH8
P08048		Q96SN8
P08069		Q9BTZ2
P0C6A0		Q9HCM4
P49327		Q9NVU0
Q03112		Q9UJ41
Q6ZN30		Q9Y6P5
Q7Z713		O00442
Q8IZN3		P01889
Q8N8Y5		P42166
Q8NHX4		P46019
Q969S2		P98170
Q9NYF0		Q5JPE7
Q9NYJ8		Q7RTP6
Q9Y490		Q7Z794
A6NDX5		Q8IZP2
O43422		Q8N370
O94953		Q8WXD5
P04731		Q8WXI8
P21246		Q96SA4
P22105		Q9C0K7
P27701		Q9NXB0
P37173		Q9P0L0
P61968		Q9ULL1
P98153		A0A0J9YX75
Q13886		A3KMH1
Q15415		P12755
Q16651		P60022
Q5SRH9		Q5TAQ9
Q6ZMY3		Q68CZ1
Q70EL1		Q8IV13
Q7Z3K3		Q96CX2
Q86YJ5		Q96P20
Q8IZA0		Q96PN6
Q8WTV1		Q9NRM0
Q99684		Q9NVN8
Q9HCI7		Q9P2F6
Q9NY28		Q9P2S6
Q9UKJ8		Q9ULL5
Q9Y337		Q9Y3B2
A8TX70		Q9Y5E7
O15391		Q9Y6F8
O60308		O43716
O75081		P37287
P19544		P48065
P35523		P49788
P78364		Q2TB90
Q0VAF6		Q5GH77
Q13643		Q5JYT7
Q15796		Q5VW32
Q86VP1		Q7L591
Q8N3J9		Q7L8C5
Q8N475		Q7Z2Z1
Q8TCU4		Q86X95
Q8TF46		Q8N468
Q969G2		Q96EY5
Q9BUL5		Q96PX1
Q9BYN7		Q96QI5
Q9H3T3		Q9BWH6
Q9NZF1		O60346
Q9UJW0		O75665
A5YKK6		P12259
O15060		P23945
O94855		P55895
O94886		Q05932
O95391		Q5JRV8
P01877		Q5VXH4
P20151		Q8N5W8
P49747		Q8NHH9
P57727		Q969W1
P98161		Q96PB8
Q14D33		Q96QA6
Q15746		Q96T60
Q5JSP0		Q9GZU1
Q68DV7		Q9NTG7
Q6ZU52		Q9NW82
Q7L622		Q9UBV2
Q8N3T1		Q9Y4E8
Q8NEZ3		A5PLL7
Q8TDM5		O15484
Q92956		P01106
Q99676		P0CE67
Q9BRP7		P12955
Q9BWV1		P35499
Q9H0B3		P53805
Q9P278		Q04844
Q9UID6		Q15043
Q9UPR6		Q17R31
Q9Y466		Q5JWR5
A0PJX4		Q6UX46
A6NK53		Q765I0
O14525		Q7Z7M1
O60337		Q8N129
O60635		Q8N3K9
O95521		Q8NG66
O95630		Q8TD55
P01876		Q96B23
P03973		Q99518
P23458		Q9UPN6
P35348		A6NGE4
P52740		A6NHP3
P62877		A6NI56
Q0VDD8		P0DY26
Q14995		P12107
Q2M2W7		P20648
Q5VUE5		P43235
Q6ZNE5		Q01118
Q6ZR52		Q5JSJ4
Q86XN8		Q5T7B8
Q8IZ20		Q8N5H3
Q8TCT1		Q8TBK6
Q96NJ6		Q96EL1
Q9NZK7		Q96IV0
Q9P021		Q96M83
Q9UPT6		Q99704
A8K0R7		Q9BRI3
O95567		Q9H2G9
P00751		Q9NUL7
P52742		Q9NV88
Q0IIN9		H3BV60
Q13574		P01033
Q6ZSB9		P55286
Q6ZV77		P57737
Q7Z3B3		Q13634
Q8N328		Q14667
Q92802		Q7Z403
Q96FV2		Q8N187
Q96HA4		Q8TAY7
Q96I27		Q8TEA7
Q96K83		Q96J92
Q9NRX4		Q9HCE0
A2RRD8		Q9NP56
A6QL64		Q9NYI0
O14978		Q9UID3
O15399		Q9UL03
O60765		Q9Y223
O95158		Q9Y6F1
P06213		Q9Y6K8
P0DV60		A0A5F9ZH88
P17023		O75182
P48200		P54284
P54107		P85037
Q13370		P98194
Q149N8		Q13387
Q5T4S7		Q58DX5
Q6ZN08		Q8N653
Q8IWV8		Q8N6Y1
Q8NDX6		Q8NE00
Q8TE56		Q8TF76
Q8WVV4		Q96DU3
Q92622		Q96H22
Q96SZ4		Q9Y534
Q99558		Q9Y6K5
Q9BWT1		A0A0A6YYD4
Q9NWW7		A0A1W2PQ64
Q9ULW2		O43889
O43497		O60810
O95863		O94819
P0CG23		P40818
P17039		P57087
P21854		Q01780
P51508		Q4J6C6
P56199		Q5VWK5
P59046		Q6NVV7
Q13536		Q75V66
Q14956		Q7Z3E1
Q3MJ16		Q8WUN7
Q685J3		Q9BXF9
Q6ZMW2		Q9BXW7
Q8IV04		Q9P2D7
Q8N9P6		Q9Y2C4
Q8TD23		A6H8Y1
Q96AQ9		O60231
Q96Q91		P01824
Q9BXG8		Q08345
Q9C0E4		Q6PIY7
Q9NQX1		Q8IYD9
Q9UKQ9		Q8IZK6
Q9XRX5		Q96IQ7
A0JP26		Q9HCE6
O43909		Q9NQW6
P02452		Q9NRM7
P07202		Q9P2J5
P08842		Q9ULN7
P0DP57		Q9ULV0
P10646		A0AVK6
P26640		A8MT66
P29320		P02489
P41587		P04435
Q30KQ5		P21554
Q3LI83		P27544
Q6DHY5		P33121
Q6WCQ1		Q5THJ4
Q7L3V2		Q6UXV3
Q8N9X3		Q6ZTK2
Q8NA70		Q8N7X0
Q8ND94		Q8TEV9
Q8TDB6		Q8WWI5
Q8TDI0		Q8WWN8
Q8TE49		Q9NP61
Q96T92		Q9NZI5
Q99469		Q9Y4F5
Q9NPR2		A0A0B4J1U3
Q9NUL5		O00472
Q9UQ26		O75841
O43903		P14635
O95754		P28749
P25800		P35611
P51449		P50502
Q4V348		Q49AJ0
Q4VC44		Q4W5G0
Q5JZY3		Q86TA4
Q6QN14		Q86UK0
Q6ZNA1		Q8N2B8
Q86SU0		Q99645
Q86T29		Q9BUB4
Q86VW2		Q9BYJ1
Q96HE9		Q9H169
Q96T76		Q9NNX1
Q9BXU3		Q9NP80
Q9HBG6		A0A087WV62
Q9NQV6		O14879
Q9UBU2		O43172
Q9UPV7		O95255
A6QL63		P41594
O95361		P47872
O95460		Q14004
O95786		Q14938
P13385		Q15111
P32320		Q15424
Q2MV58		Q15485
Q5H9J9		Q7Z392
Q68DQ2		Q8NBU5
Q68DY1		Q96BY6
Q7Z7L9		Q9BV99
Q86UD4		Q9BZF3
Q8WV37		Q9H2I8
Q96ME7		Q9HAS3
Q96P53		Q9HBH1
Q9BY66		Q9UJY4
Q9H156		Q9ULM0
Q9UNY5		A6NFY4
A6NGD5		A6NIM6
P09486		P02778
P17098		P17540
P35442		P19235
P63128		P42858
Q02447		P57789
Q14159		Q09428
Q4G0T1		Q14C86
Q6GMV2		Q5VZ89
Q7Z5P9		Q63HQ0
Q8N690		Q6PID6
Q8NCP5		Q6PIV2
Q969Q1		Q6UB99
Q96BD5		Q86WV6
Q96JM4		Q8IVF7
Q96L96		Q8NDB2
Q99575		Q8NEX6
Q9BQB4		Q969R2
Q9NV72		Q96AZ6
Q9NVP4		Q96PB1
Q9NXR8		Q9H0E7
Q9UBG7		Q9H254
Q9UK23		Q9P1Y5
Q9ULE0		Q9P2F8
C9J798		Q9UHW5
C9JLR9		Q9UIJ5
O43313		P00739
O60503		P56524
P0C7P1		P59666
P43353		Q08499
P51523		Q8NHY0
P63215		Q96A46
Q13422		Q9BRQ6
Q14432		Q9H9Y6
Q14525		Q9NUQ8
Q3LHN2		Q9UBN4
Q5JT82		Q9UK96
Q6ZNC4		A0A087X1C5
Q6ZNG1		O15066
Q7Z333		O60293
Q86UT8		P01210
Q8N393		P10109
Q96SW2		P14784
Q9BZE0		P40692
Q9NW64		P49840
Q9NZ20		P78395
Q9UIE0		Q17R89
A0AAG2SUX2		Q6UXZ0
A6NM62		Q86WB0
A8MX34		Q8IUH5
O14492		Q96IW7
O15496		A8MTA8
O60687		P11362
P01031		P19387
P20393		P48382
P52737		Q13203
Q52M93		Q15185
Q5DID0		Q5VUJ6
Q6NUJ5		Q8N7U6
Q6ZRP0		Q96LI6
Q7L5Y9		Q96P48
Q8IX06		Q99460
Q8N680		Q99747
Q8N865		Q9BY77
Q96AY2		Q9BZQ6
Q96FA3		Q9HCI5
Q96MR9		Q9P2M4
Q9BS34		P46721
Q9HBX8		P48147
Q9UDV7		P53041
Q9Y3Q7		P55317
O14981		Q05397
O43150		Q09666
O43790		Q13686
P08118		Q14139
P27635		Q6ZWK6
P56270		Q86UL8
Q07627		Q86WU2
Q13698		Q8N2I9
Q2LD37		Q96AQ6
Q569H4		Q96BN6
Q6BEB4		Q96N23
Q6ZTR6		Q9BZ98
Q969S8		Q9H2C0
Q9BQ04		Q9H9A7
Q9GZP1		Q9HBU1
Q9UC07		Q9NTM9
Q9UHC1		P09619
Q9Y4C4		P26715
A6NHN0		P78396
A8MWA4		Q13469
O15392		Q15646
O95967		Q6ZWJ1
O95970		Q86UX7
P07315		Q8IV08
P15882		Q8ND25
P23409		Q8TE85
P29323		Q9BTE6
P49736		Q9BTF0
P59923		Q9BXL8
Q5HYA8		Q9H211
Q8N9H8		Q9NXV2
Q8TA86		A6NK89
Q8WXH5		O00625
Q8WXI3		P08887
Q96EK4		P29083
Q99075		P49913
Q99750		P55011
Q99814		Q08426
Q9NUC0		Q08ET2
Q9UPN9		Q12857
A8MTY0		Q4G0N8
P52943		Q5TAA0
P53667		Q8IVL6
Q05215		Q8N6C8
Q15776		Q8TF72
Q4FZB7		Q8WWH5
Q6IQ21		Q92730
Q8IZX4		Q9HBW1
Q8N6F7		Q9NZ32
Q8TF27		Q9UMS5
Q8WYH8		I3L3R5
Q92974		P46939
Q96CS4		P55157
Q96EZ4		Q0VDF9
Q9BXB1		Q6UN15
Q9NR81		Q86XN7
Q9P2R6		Q8N490
O75151		Q969J5
P10071		Q96I76
P11215		Q96M69
P11474		Q96NY9
P14410		Q99439
P36888		Q9HAP2
P48357		Q9NUP1
P55198		Q9UQQ2
Q5JNZ3		A0A0A0MS03
Q6P3W6		A6NGN4
Q6UXD5		O43520
Q86YT6		P01703
Q8IZF3		P23760
Q8NDH2		P42684
Q8NDP4		P49918
Q8WTP8		Q00975
Q9BRH9		Q7Z3Z4
Q9BZC7		Q8N6Y2
Q9P2F9		Q96A99
Q9UBP4		Q9H5Z1
Q9UMF0		Q9NQW5
Q9UPQ4		Q9UJ99
O00154		Q9UM22
O75541		Q9Y5F9
O94933		Q9Y5S8
P14543		Q9Y5X9
P16415		A0A0A0MRZ9
P21580		A0A1B0GWI6
P62068		A0AVG0
Q14012		O15297
Q16610		O75663
Q2KHT4		P07199
Q5T7W7		P23470
Q6P387		P48165
Q8IZM8		P54802
Q8NCW0		Q03188
Q8WUB8		Q16543
Q96J02		Q562F6
Q96L34		Q8N7B6
Q9BZZ2		Q9NQR7
Q9H336		Q9UKB5
Q9NYG5		Q9UPT5
Q9UBI9		A0A1B0GWH4
Q9UHL9		O94901
Q9UPQ0		P08319
Q9Y2A4		P52961
Q9Y2P0		P56880
A0A1B0GVS7		Q14188
A1L3X4		Q16877
A1Z1Q3		Q2M1P5
A8K979		Q32P44
A8MPS7		Q7Z3E2
B9A6J9		Q8NFW8
O15063		Q92696
O95718		Q9BSF8
P0C0L4		Q9NTU7
P36544		Q9Y426
P62072		Q9Y5F0
Q08397		Q9Y5W7
Q13224		A0A0A0MT36
Q15697		A8MUP2
Q49AA0		O60936
Q63HK3		P01569
Q7Z408		P30084
Q7Z5A7		P57773
Q8N4Q1		Q15825
Q9H1F0		Q68G75
Q9H7U1		Q6P4F7
Q9NUK0		Q86WV1
Q9P2R3		Q8IUC6
Q9Y5R5		Q8N3J2
I3L0S3		Q96IG2
O43296		Q9H8Y1
O95450		Q9NRJ4
P07996		Q9NWS0
P0C7H8		Q9NXV6
P15328		Q9Y6G3
P36508		O14745
P57071		O15360
P98095		O77932
Q06828		P02776
Q5T3F8		P33151
Q6ZRI0		P43121
Q86XJ1		Q07108
Q8NFG4		Q12872
Q8TDY8		Q8NE09
Q8TF47		Q8TDQ0
Q8WWF5		Q9BXR5
Q96MU5		Q9NYH9
Q9BVR0		I3L3L1
Q9BZV3		O15446
Q9NYT6		P18754
Q9UKS7		P20594
B7Z1M9		P20718
F5H094		P22059
O15354		P59282
O75152		P68133
P07949		Q15822
P10276		Q32MK0
P28340		Q96II8
P55010		Q96LM6
P55259		Q99250
P58397		Q9BZR8
Q03167		Q9HBE4
Q12830		Q9P2K9
Q4KWH8		Q9UMR7
Q5FYA8		Q9UPW6
Q68DN1		A6NNV3
Q6PJW8		I1YAP6
Q7Z442		P23443
Q8N184		P23508
Q8NHG8		P40879
Q9NQ79		P55017
Q9ULT6		P62070
A8K830		Q00403
O43439		Q3KNS1
O43829		Q5HYR2
O76011		Q69YN4
O95260		Q6ZMU1
P00749		Q6ZV50
P01859		Q7Z7B8
P09871		Q86UB2
P0CB33		Q86UD0
P13598		Q8N5W9
P16109		Q92902
P50461		Q96PL5
P78333		Q9BQI9
Q02223		Q9NQ31
Q14264		Q9Y6R1
Q15654		O60240
Q17RB8		P49841
Q6AHZ1		Q12923
Q6UWQ7		Q13239
Q7Z419		Q4LE39
Q8NBP0		Q6NSI8
Q8NDY6		Q6ZUT6
Q8TAX0		Q76G19
Q8TBN0		Q8IZF0
Q96IR2		Q8N573
Q9BRN9		Q8N8V4
Q9UPQ7		Q8TDP1
A4D1P6		Q96DX5
O15273		Q9BZS1
P01229		O60813
P51172		P04090
Q13591		P18887
Q14153		P41214
Q15013		P46199
Q3KNT9		P47756
Q3KNV8		Q00653
Q5EBN2		Q6UXS0
Q6ZRU5		Q6ZQY2
Q6ZVW7		Q86VF7
Q86SR1		Q8IY82
Q8N3F8		Q8IZ52
Q8N972		Q8N9N2
Q8TD17		Q8TDM0
Q8TF39		Q8WXA8
Q96AP4		Q96RN1
Q96EK2		Q9NRD9
Q96IZ6		Q9NV70
Q96JB6		Q9UQK1
Q96PN7		A0AVT1
Q96RV3		O14503
Q9BYH1		P59047
Q9H1K0		Q12816
Q9P2G1		Q5JRX3
Q9Y5S2		Q6PI26
O95714		Q8N3P4
P51786		Q96DL1
P60880		Q96PV4
Q02817		Q9H204
Q15527		Q9NZH6
Q5K4E3		A6NK58
Q5TBA9		O95835
Q6ZN18		P22223
Q7Z4N2		P43632
Q8IVP9		P48230
Q8N4L4		P52333
Q92576		P68106
Q9BQ16		P78337
Q9H0B8		Q05084
Q9H4E5		Q5R3K3
Q9NXT0		Q86VP3
Q9ULI1		Q86WB7
A6NP11		Q8N2R8
P04155		Q8WUH2
P35354		Q969P0
Q12829		Q96M42
Q14533		A0A494C086
Q14896		P12525
Q14CM0		P15814
Q5T848		Q0VAM2
Q63HQ2		Q5H9R4
Q6R6M4		Q5SQS8
Q8IWY4		Q6GYQ0
Q8WUH1		Q8IUA7
Q96GY0		Q8N149
Q96M89		Q8NCM8
Q9H3S3		Q93033
Q9HBD1		Q96SQ7
Q9HDB9		Q9NVN3
Q9NQ29		Q9NY37
Q9NTI5		Q9UJT2
Q9P267		A6NDY0
Q9UBW7		A6NED2
O00238		B2RXH4
O14960		O00519
P10153		P17480
P35070		Q15788
P98182		Q3SY69
Q14596		Q6Y2X3
Q14681		Q8N8R5
Q15406		Q9BXL7
Q53T94		Q9C0B5
Q6ZT77		Q9NRM2
Q86U44		Q9UL49
Q8N158		O15394
Q8N2C7		P02545
Q8NFA0		P0DP73
Q8TEW6		P51452
Q8WU68		P69849
Q96MF7		Q14008
Q96QS1		Q14186
Q9BUG6		Q14964
Q9H019		Q53GL0
Q9NTX7		Q86VM9
Q9P0K1		Q8IX03
D6R901		Q8NEX5
O00144		Q8WWV6
O15197		Q92540
O43164		Q96RI9
O75443		Q9H094
O95197		Q9H7E2
O95202		Q9UPZ3
O95985		Q9Y238
P0C874		O95897
P0CW20		P15927
P0DPA2		P16455
P10827		Q14624
P51948		Q4L235
Q02509		Q5U5R9
Q03405		Q6IQ16
Q15486		Q6NT04
Q499Z3		Q6UX98
Q5JPF3		Q702N8
Q5VWM3		Q71F23
Q68DK2		Q86VH2
Q86V35		Q8NC96
Q8IW36		Q96BS2
Q9BSG1		Q96CW6
Q9H3Y0		Q9H799
Q9HAZ1		Q9HCK8
Q9UKN8		Q9NXD2
Q9Y2A7		Q9NXR7
Q9Y2M0		Q9P016
Q9Y6H1		Q9P086
A0AAG2SVG9		Q9P215
O60522		Q9UBS4
P0C7X2		Q9Y2R2
P31391		Q9Y6J0
P52747		O15403
Q1MX18		O43823
Q92782		O95872
Q96A56		P30613
Q9BZL6		P35557
Q9C019		Q16795
Q9NVS9		Q5JVF3
Q9UKQ2		Q6BDS2
Q9UMN6		Q6ZQT0
Q9Y242		Q6ZRX8
A0A140TA62		Q9BU89
P02788		Q9H813
P21359		Q9NP60
P35590		A0A1B0GX51
P49711		O75554
P51805		O76042
P78348		P09455
Q07011		Q13637
Q08629		Q14721
Q14191		Q5H9R7
Q2VPK5		Q7RTX7
Q49AM3		Q86TL0
Q8TDD2		Q8IY37
Q93097		Q8NBR6
Q96RE9		Q8WXH0
Q9P243		Q96MM6
Q9UEG4		Q9UGI9
Q9Y2K1		Q9UPQ3
A1YPR0		Q9Y6B7
A5X5Y0		B3GLJ2
O95159		O00562
P09884		O15254
P51504		O15523
P53801		P09001
Q12836		P12318
Q13651		P20908
Q15262		P54105
Q16665		Q13769
Q63ZY6		Q14118
Q8NCK3		Q14181
Q96AG4		Q15884
Q96H86		Q495T6
Q96MC5		Q6IQ32
Q9BWM5		Q6U841
Q9NQ38		Q6UW15
O14490		Q7Z3Y8
O60671		Q96DD7
O76009		Q96MF6
P05067		Q9H5L6
P10826		A0A096LNP1
P15976		A6NDU8
P17787		A6NKW6
P26842		A7E2U8
P43489		C9JE40
P53803		O60896
P98175		O95292
Q12899		P04278
Q13029		P28347
Q13106		P28906
Q13201		Q5T6F2
Q15375		Q86SP6
Q53EL9		Q8N0U4
Q6NT52		Q92791
Q6P4A8		Q9UBM4
Q6UW32		Q9Y5I4
Q6UXV0		O00534
Q6ZRF8		O60500
Q7RTY9		O96018
Q86YI8		P10720
Q8IXT2		P19876
Q8WWZ3		Q08AF3
Q96GM1		Q14563
Q9BYS1		Q15669
Q9H0P7		Q2TAL8
Q9P2V4		Q6ZNI0
Q9UK53		Q8IZF6
Q9UPG8		Q9BQS6
A0A0G2JLG4		P05166
B4DH59		P0DP74
O00151		P43628
O15047		Q12767
O75581		Q1W4C9
P00740		Q504Y0
P16473		Q59H18
Q13145		Q6PI73
Q15935		Q6UXK5
Q52LR7		Q6ZQX7
Q7Z5Q1		Q7RTS7
Q8IZJ3		Q8N9S9
Q96A83		Q8WYA1
Q96Q42		Q96G61
Q99748		Q9BYP7
Q9C0F3		Q9H0M4
Q9H4G8		Q9H4E7
Q9NX70		Q9NZS9
Q9NZU5		Q9Y263
Q9UGM5		A6NF83
Q9UQC9		O14815
A4QN01		P0DUB6
O14594		P22570
O14921		P26232
O15151		P43320
O43353		P43629
O75594		P43631
P07358		P47895
P49767		Q13158
P51522		Q5TFG8
P56915		Q709C8
P58166		Q86SJ2
P78357		Q86VR7
Q15811		Q86XP0
Q16478		Q8N3F9
Q2VY69		Q93070
Q5T1V6		Q96G91
Q6S545		Q9UF02
Q6UWL2		Q9ULK6
Q6ZN79		Q9Y5Z0
Q7Z5L9		E9PQ53
Q8N9Q2		P05412
Q8TEW8		P10124
Q9H116		P20783
A6BM72		P21817
A8MXU0		P23467
O00237		P43378
O43593		P52732
O75339		P54252
P10398		Q6VUC0
P23352		Q7Z5V6
P28331		Q8N228
Q14134		Q8N441
Q2M3R5		Q8NFP0
Q5SXH7		Q8WWF6
Q5T0J7		Q92674
Q5VWK0		Q96AQ8
Q6UXN2		Q99758
Q86VF2		Q9BVH7
Q8NCA9		Q9H501
Q8TED9		Q9H8K7
Q96G46		Q9P0J1
Q96PC2		Q9P0K8
Q96QK8		A8MVW0
Q99835		O60359
Q9H898		O95857
Q9UKP4		P04196
Q9ULI4		P0DTU3
Q9UNE2		P16234
Q9Y6C2		P17813
A0AVI4		Q14203
O43451		Q2T9K0
P0DN86		Q6P179
Q14990		Q6P1R3
Q15075		Q6RFH5
Q1ZYL8		Q86VH4
Q4G1C9		Q8NCD3
Q56NI9		Q96EB6
Q86T03		Q96QE5
Q86YP4		Q9NZH5
Q8N4Y2		Q9NZP8
Q8N7K0		Q9UDR5
Q8N9Z0		Q9Y5L3
Q8NFW1		A0A1W2PQD8
Q8NHY2		O15353
Q8TBZ5		O60312
Q96MI6		O60524
Q96RD9		O95977
Q96S65		P01344
Q99650		P49223
Q9BR11		Q13183
Q9BSK1		Q13506
Q9NRG4		Q15155
Q9NY57		Q5T4I8
Q9P218		Q5VTA0
Q9Y2G9		Q8TCC3
Q9Y620		Q92871
O76014		Q969H4
P60331		Q96PS1
Q08380		Q9BVV6
Q15027		Q9BW19
Q3KNS6		Q9BZG1
Q495C1		Q9H7D7
Q5H9K5		Q9HC38
Q5T6C5		Q9UM07
Q68BL7		Q9UNS1
Q8NCE0		P01834
Q8TB69		P02818
Q96GF1		P46459
Q9BUK0		P54922
Q9BYV9		Q00888
Q9H4T2		Q07866
Q9NT22		Q4QY38
O60637		Q8NFV5
O75882		Q92854
P03952		Q96Q06
P54762		Q96QZ0
Q06889		Q99487
Q16288		Q9BX67
Q3ZCT1		Q9H3V2
Q5HY98		Q9NZV5
Q5VVP1		Q9P1U1
Q6WBX8		Q9UQD0
Q6ZNG0		Q9Y3I0
Q6ZVH7		A6NM43
Q7Z410		O00305
Q8N1D0		O60902
Q8N7R1		P0CF97
Q8NA57		P0DPE3
Q8NB46		P28300
Q9BVT8		P47883
Q9NW07		P60508
Q9Y5W5		Q01484
O00482		Q4G0W2
O15393		Q8IYB7
O43918		Q8NFR9
P04085		Q92574
P08476		Q92754
P20231		Q9BR10
P32926		Q9P2J2
P35670		A6NMB1
P49619		A6NMB9
P78332		A8MTJ6
Q00987		O60603
Q05655		P06732
Q08ER8		P08631
Q14644		P0DUQ1
Q16822		P28370
Q499Z4		P50336
Q5TEC3		P59665
Q6PF04		Q15434
Q8N2S1		Q8IWB6
Q8N6Q3		Q96JX3
Q8NI32		Q9BQ69
Q8WU90		Q9H694
Q96CX3		Q9NQ34
Q96PR1		Q9UN76
Q9BRB3		Q9Y487
Q9BUK6		Q9Y5E2
Q9NR12		O14967
Q9NWN3		P09429
Q9NWS9		P17612
Q9NYW8		P24001
Q9P265		P51606
Q9UJW8		Q14500
Q9UPY3		Q2VWP7
P17035		Q5SVJ3
P25054		Q8N1N0
P41732		Q8N3T6
P56645		Q96B36
P84550		Q96D70
Q5SXM1		Q96RP7
Q6P1W5		Q9ULP9
Q8IVC4		Q9Y4A8
Q8IXM7		Q9Y4G6
Q8WW33		O94811
Q8WWQ8		O95602
Q96AW1		P01308
Q96N22		P14866
Q99698		P40197
A0A0J9YY54		P50993
B7ZLF3		Q14469
O60870		Q2VWA4
O95980		Q5SNV9
P01854		Q6P7N7
P08217		Q8NAA4
P0CG36		Q92506
P0DPD5		Q96S66
P14151		Q9H2P0
P21860		Q9Y616
P22749		A0A0C4DH68
P54132		A8MZ59
P60368		O15228
Q07869		O75335
Q2TBC4		O94822
Q5VYS8		O94921
Q6DJT9		P06400
Q8N9L1		P32298
Q8TBB1		Q00887
Q96CC6		Q00G26
Q9NTI2		Q14094
Q9NZJ4		Q14982
Q9Y334		Q53H12
C9JLJ4		Q5JPH6
P0CW19		Q6SJ93
P31150		Q8N3E9
P48745		Q99640
P52738		Q9UKX7
Q13705		Q9Y2G8
Q14678		Q9Y5E9
Q5HYM0		O00115
Q5T4F4		O00400
Q68DA7		O75038
Q7RTU7		O95744
Q8TCU6		P14598
Q9C073		P16619
Q9H1K6		P49590
Q9NRL2		Q5TCS8
Q9NX58		Q5XXA6
Q9Y4F3		Q8IVQ6
A8MXY4		Q8NBS3
M0QZD8		Q8TD86
P00533		Q92889
P22413		Q9BV73
Q5T5D7		Q9BXM9
Q6MZP7		Q9HAU0
Q7Z5J4		Q9Y2L5
Q86WI3		Q9Y5F2
Q8TDZ2		Q9Y6H5
Q93008		A0A0K0K1E9
Q96FC9		O14523
Q96KQ7		P15088
Q96MD7		Q3B726
Q96PQ0		Q6ZN68
Q9BUY5		Q6ZNJ1
Q9BVI0		Q92878
Q9C000		Q9BQC3
Q9H4Q3		Q9H6B4
Q9H5U6		Q9HB07
Q9NYA4		Q9HD23
Q9UPP1		Q9NPC8
A1KZ92		Q9NX38
E7ERA6		Q9NX46
O60609		Q9UF12
O75954		Q9UKJ3
O94907		Q9Y5F3
O94986		P05155
P0DJD4		P0DMQ9
P10828		P11308
P13284		P29728
P22001		P55290
P43250		Q6NT76
Q14142		Q6UWV7
Q15047		Q6ZT07
Q504Q3		Q8IYV9
Q6ZMM2		Q8NFZ6
Q6ZNL6		Q8TDN2
Q8IW70		Q99717
Q8N2H9		Q9BVI4
Q92670		Q9BYC2
Q96JM2		Q9H4B6
Q9BSK4		Q9H611
Q9BUD6		Q9Y697
Q9C030		O60673
Q9C037		O75044
Q9C0A0		P10145
Q9NQ86		P63241
Q9UBR4		Q15572
A4QPH2		Q16842
A6NFK2		Q5MIZ7
O75074		Q8IXV7
P03971		Q8IYD2
P14138		Q8N594
Q02985		Q8N9U0
Q16600		Q8TAP6
Q5TA79		Q969U6
Q6PGQ7		Q96B18
Q6U7Q0		Q96RT7
Q76B58		Q9BVM4
Q86VB7		A8MVU1
Q8IUD6		O95551
Q8IUQ4		Q0D2K2
Q9HCC9		Q6ZMC9
Q9NQE9		Q6ZU65
Q9NR16		Q86UW8
O00220		Q8N108
P01112		Q96EK7
P05107		Q99679
P23769		Q9HCE7
P56730		Q9NSA0
Q04771		Q9NZR4
Q14526		Q9P270
Q15493		Q9UBB6
Q2I0M4		A0A0C4DH24
Q68DU8		B4DZS4
Q6P9A1		B7U540
Q6UXH8		O00186
Q7LFX5		O95248
Q86XT4		P19397
Q8IWR0		Q14185
Q8N1W1		Q16630
Q8N8N0		Q2QD12
Q96RP8		Q6ZU67
Q9HB15		Q96IP4
Q9NQ03		Q99733
Q9P0L1		Q9BY07
C9JSJ3		Q9H3F6
O43184		Q9NW08
O75694		Q9UNI6
P01861		O00712
P05981		O14603
P15622		P16519
P62508		P18206
Q01101		P40425
Q3SY52		P57057
Q3T8J9		Q14397
Q5VIY5		Q14692
Q68D86		Q4U2R8
Q7Z3E5		Q68DD2
Q8IZF2		Q8TBG4
Q8N8K9		Q8WWL2
Q8WTR8		Q8WWU7
Q96K75		Q8WZ59
Q96RL1		Q92844
Q9H1H1		Q9BQL6
Q9HCE3		Q9BXN1
Q9NZV1		Q9BXU7
Q9UK10		Q9BXW4
Q9Y314		Q9BYD2
Q9Y330		Q9HCL2
A0A0B4J1T7		Q9UJU5
O15055		Q9UK17
O60241		Q9UPM8
O60811		Q9Y283
O96028		Q9Y3R4
P06681		A0A1W2PQ73
P21741		A1L4K1
P35858		O95073
Q14993		O95503
Q5D1E8		P09497
Q5HYC2		P15336
Q5TD97		P30926
Q5TI25		Q16526
Q6NW40		Q16602
Q8IVH2		Q68DL7
Q8IYR2		Q6PCB5
Q8N720		Q6UX15
Q8NEQ6		Q6ZRS2
Q96SC8		Q8IWR1
Q99612		Q8N126
Q9H1D9		Q8NG48
Q9NXF7		Q96FI4
Q9Y4C0		Q96RU3
O75751		Q9BYG7
P08709		Q9Y5E4
P23921		O75616
P32927		P07205
P34059		P31994
P52736		P51810
P53420		P99999
P98174		Q15714
Q08AG5		Q2M243
Q13625		Q63ZY3
Q14508		Q6NW34
Q16819		Q6ZS10
Q5T1H1		Q86SQ4
Q5T601		Q86XL3
Q5VYX0		Q8IY85
Q6P5W5		Q8N9M5
Q6ZSG1		Q8WX93
Q70CQ3		Q9UPN3
Q70EK9		Q9Y485
Q7RTY8		A8MTZ7
Q86UV5		O15347
Q8WWY6		P0C7L1
Q8WY91		P63252
Q96K78		Q4KMX7
Q96P47		Q5J5C9
Q9BXA9		Q6UWZ7
Q9H6A9		Q86UK5
Q9H8X9		Q96ND0
Q9Y2G7		Q9P1Q0
Q9Y2K6		Q9UNW1
A8MUX0		A6NCM1
O75509		O14654
O75764		O60664
P08138		P24666
P08174		P63135
Q13835		Q499Y3
Q5FWF4		Q6ZQY7
Q5VZL5		Q6ZS49
Q8IV20		Q6ZVU0
Q8N1W2		Q8NBF4
Q8NB66		Q8NFY9
Q8TEU7		Q92630
Q96GE5		Q969D9
Q96MF0		Q96IR3
Q99435		Q9BXF6
Q9BY31		Q9UHN6
Q9BZ72		A0A0G2JMH3
Q9H5V7		A0A0G2JMM0
Q9P0M4		A1A5B4
Q9P2E8		A6NLU5
Q9UIC8		O14618
Q9Y2Y4		P43351
Q9Y483		P86452
Q9Y581		Q02535
O14773		Q13485
O14964		Q13519
O43482		Q6ZTN6
P02461		Q71RG4
P30530		Q8IVB4
P78385		Q8NFH5
Q12933		Q969P6
Q13241		Q96JQ5
Q15973		Q96M53
Q5T481		Q96SI1
Q7Z6W1		Q9HB96
Q8N5C8		A7MCY6
Q8NDX5		E9PJ23
Q96AP0		O94898
Q9BYV1		P00387
Q9H3R2		P13591
Q9ULD9		P29475
A0AAG2TVJ1		P31153
O43257		P32970
O75373		P35558
P01213		Q06190
P01860		Q15438
P02795		Q3L8U1
P17019		Q569K6
P33992		Q8IXI2
Q10588		Q96P63
Q13263		Q9H6B1
Q14005		Q9NS37
Q5MCW4		Q9Y639
Q5VST9		A0A087WXM9
Q8N104		B1AK53
Q8N5P1		O14495
Q8N859		O43868
Q8WV22		P31268
Q96J86		P47871
Q99523		Q16650
Q9NQT5		Q16658
Q9UJ78		Q7L985
Q9Y2M2		Q92599
Q9Y4B6		Q9GZY1
A6NJZ7		Q9UBL3
O15535		Q9UKY1
P0CJ79		Q9ULM3
P42701		O75417
P58294		O94830
P60328		P20020
Q04206		P36578
Q32MH5		P51531
Q49AR2		Q15131
Q5VV52		Q16720
Q6PRD1		Q30KP9
Q7L3S4		Q30KQ6
Q7Z7A3		Q5SSJ5
Q8TEY7		Q6V0L0
Q93098		Q8IWQ3
Q9BX84		Q8NDV3
Q9C0B9		Q96BJ8
Q9H1Z9		Q96EF9
Q9UDY8		Q99961
O15235		Q9BXB4
O15375		Q9H8M7
O95633		Q9HAU4
P14770		Q9NR90
P16112		Q9Y6N8
P28698		O14893
P34896		P21802
P52739		P22607
Q15413		Q15771
Q2M385		Q53TS8
Q2NKQ1		Q6NY19
Q6UXM1		Q86YG4
Q7L7V1		Q8IV61
Q8IZP7		Q9H0Y0
Q8N488		Q9NPB3
Q8NBF1		Q9UBL6
Q8TEQ6		Q9UMZ2
Q96NW4		Q9Y625
Q9HC57		Q13547
Q9NQZ8		Q32M84
Q9UFP1		Q562R1
Q9Y4A5		Q63HK5
P01127		Q6IN97
P40313		Q8IVH8
P41091		Q8IZU9
Q8IUA0		Q9BQQ3
Q8N141		Q9H4F1
Q8N895		Q9NUE0
Q8NA82		Q9NZS2
Q92743		O75900
Q96D46		P18507
Q96SE7		Q09013
Q96SL8		Q13586
Q9H195		Q1W6H9
Q9ULV3		Q3KQV9
Q9Y2I7		Q4VC39
Q9Y6H3		Q5T5Y3
A4D1E1		Q5W0Z9
O14686		Q6P1L5
O15344		Q7L5L3
O60636		Q86YJ7
P00748		Q8IX90
P00750		Q96PU8
P03372		Q99467
P17025		Q9H7V2
P21941		Q9H902
P32297		Q9NQ35
P49759		A0AAG2UXZ5
Q15695		A6NEL3
Q52M58		A6NJG2
Q6PJE2		A8MPX8
Q6Q0C0		O43592
Q711Q0		O60343
Q7RTU9		P09622
Q7Z3G6		P09848
Q7Z736		P0DV79
Q8NEZ4		P48507
Q8TDW5		P51991
Q96BY7		P98196
Q9BQS8		Q14324
Q9C0D4		Q14331
Q9P2S2		Q2M1Z3
Q9Y383		Q5TEZ5
A6NDA9		Q6ZUT3
P11161		Q8IZ69
P38936		Q8N5A5
P41182		Q8TAL6
P51884		Q92478
Q02386		Q9H1M4
Q13285		Q9NY25
Q16787		Q9UBU9
Q3MIR4		Q9Y496
Q5VTD9		Q9Y5G6
Q6DD87		O75054
Q8IWB7		P09228
Q8N8L2		P52888
Q8TDE3		P63151
Q9H8W5		Q01094
Q9HBF4		Q06432
Q9HC84		Q13972
Q9NZL3		Q16222
Q9UJL9		Q16623
Q9UKZ4		Q17RP2
Q9UM47		Q32P28
P0C7A2		Q3LI66
Q0D2K5		Q6IQ26
Q13253		Q7L266
Q14929		Q8N6K0
Q15303		Q8TDD5
Q16568		Q92637
Q5U5X8		Q9BXW6
Q6P1L6		Q9H7C9
Q6UWX4		Q9H892
Q70Z44		Q9NP87
Q86X76		Q9NSI8
Q8IZD2		Q9NYZ4
Q8WXI4		Q9NZ71
Q93099		Q9P0U3
Q96BD0		Q9ULZ9
Q96KR1		A0A2R8Y747
Q9GZU2		O00203
Q9H8Y5		P09110
Q9NP62		P20042
Q9NSB4		P29120
Q9NZV8		P43897
Q9UHD0		P61371
Q9UHF7		Q08493
Q9Y2D8		Q7Z695
A6NC86		Q8IVF2
A6PVC2		Q8IYI0
O95382		Q8N0Z6
O95996		Q8NCL8
P01591		Q8WUR7
P59991		Q96CJ1
Q13907		Q9UBE8
Q86VZ4		Q9UPS6
Q8N6G6		Q9Y6U3
Q8NFN8		A8MPY1
Q8TE60		O60443
Q9H7L2		O75019
Q9H7R5		O95865
Q9H977		P15086
Q9NSV4		P41586
Q9UPX6		P48167
B2RTY4		P55263
B4DU55		P59901
O15304		P98171
O75382		Q14494
P23771		Q16853
P60370		Q6IA17
P78552		Q6ZRQ5
Q05513		Q96RU2
Q14258		Q96S37
Q5T7M9		Q9BSL1
Q63HR2		Q9C0J9
Q6PII5		Q9HC29
Q6ZMJ4		Q9NR45
Q8N1V8		Q9UKS6
Q96A37		Q9Y597
Q96NS5		O00206
Q99697		P13725
Q9BUH6		P55060
Q9H4P4		Q17RY0
Q9P2Y4		Q5VYY1
Q9UDV6		Q7RTU5
Q9Y5B0		Q8N5C7
Q9Y6T7		Q8WV28
A0AAQ5BID4		Q8WXH4
O43255		Q96I24
P00734		Q96MT1
P05556		Q96QF7
P51815		Q99853
Q12873		Q9H6T0
Q5T1A1		Q9HCQ5
Q6UW60		Q9P232
Q6ZNA5		Q9Y6X4
Q6ZVD7		O14733
Q96F83		O15034
Q96RI1		O43424
Q9BX74		P19878
Q9H2U9		P30626
Q9H324		Q15319
Q9P255		Q5SZL2
Q9Y6L6		Q5T9S5
A8MTI9		Q6PID8
B1AKI9		Q6UW63
O00470		Q6UXK2
P02458		Q6ZQN7
P06239		Q6ZUU3
P20023		Q86VQ0
P21675		Q8TD46
P36980		Q92769
P55001		Q969R5
Q3B820		Q96E93
Q3KQV3		Q9BXP5
Q66K89		Q9H2H9
Q68DX3		Q9NQ90
Q6NSZ9		A0A087WSY4
Q6NVV9		A4D1T9
Q6UXH1		A6NHN6
Q7Z304		P12838
Q8IUN9		P17481
Q8ND04		Q12946
Q8WUT4		Q7Z460
Q92613		Q86X67
Q96JN8		Q902F9
Q9BV68		Q92953
Q9H7X3		Q99985
Q9NQ30		Q9NVC6
Q9NXI6		Q9Y397
O14753		A6NCI4
O15231		F8WCM5
O43345		O00192
O43374		P04114
P02768		P10586
P0DMR3		P22557
P15692		P23025
Q15916		P31645
Q5VYJ5		Q00839
Q6S5L8		Q06141
Q70CQ2		Q14154
Q7Z7B7		Q6ZRV2
Q8IWS0		Q8IWB9
Q8N819		Q8NDH6
Q8WXB4		Q8WWF3
Q9BYM8		Q92556
Q9GZV8		Q9BV44
Q9H1B7		Q9H8Q6
Q9NQV5		Q9NQT8
Q9UHI8		Q9UKV5
C9JL84		Q9Y446
H3BPM6		O95490
O14917		P0CI01
O75928		P0DTE8
P16562		P19961
P23229		P43004
P25942		P58304
P48742		Q04656
Q03936		Q14141
Q13275		Q5HYK7
Q14119		Q6UXX5
Q15257		Q6ZW31
Q15323		Q7Z6J2
Q15915		Q8IWC1
Q8IZF7		Q8IYT1
Q8WXQ3		Q8IYW2
Q93086		Q92481
Q96HC4		Q96JQ2
Q9BYV2		Q96LJ8
Q9H091		Q96NX9
Q9NTQ9		Q96PM9
Q9NVR0		Q96RP9
Q9UG22		Q9HCK4
Q9Y2T1		Q9NRR4
P01130		Q9Y5J1
P07942		Q9Y6C5
P28325		P16284
P48995		P35712
P78536		P40938
Q09328		P42285
Q13105		Q6ZVM7
Q14586		Q7Z7E8
Q2M3W8		Q8WV41
Q58EX7		Q8WYJ6
Q6NUI6		Q9H4H8
Q8N2G4		Q9H974
Q8N944		A0A0B4J2E0
Q8N966		A0A191URJ7
Q8TDF6		A6NH11
Q8WX94		G9CGD6
Q96DX8		O00244
Q96P50		O75380
Q99973		O95486
Q9BR84		P12830
Q9H2Y7		P78426
Q9H4Q4		Q13733
Q9NVM4		Q3LXA3
Q9Y4E5		Q5TKA1
O43278		Q6P2E9
O60942		Q6X9E4
P10909		Q8IWA5
P14555		Q96F46
P20800		Q9BX69
P21709		Q9BXF3
P29375		A0A0G2JN68
Q02505		O43504
Q13641		P0C854
Q13670		P0DUQ2
Q14207		P55283
Q6ECI4		Q14390
Q6Q6R5		Q15386
Q6ZN19		Q49AN0
Q8IWU5		Q66K14
Q8N339		Q7Z4H9
Q8TE57		Q8N612
Q92908		Q8TE96
Q9BQ83		Q9BPW5
Q9BTV6		A4D0V7
Q9BUZ4		H3BS89
Q9P1J3		P42679
Q9ULK2		P63218
A6NM28		Q0D2I5
A6NMS7		Q12765
O14775		Q5TDP6
O43361		Q69YN2
P0C7P0		Q6PEY0
P47989		Q8IUR5
P60852		Q8N386
Q14689		Q8WZA1
Q69YH5		Q9BVA0
Q6N021		Q9BZE2
Q96NX5		Q9GZU5
Q96T68		Q9P253
Q9BQI6		Q9UJ68
Q9HCZ1		Q9Y2W7
Q9UII5		A0A0G2JMD5
A0A1B0GUA7		O00142
A6NFC9		O00167
H7C350		O14543
O94892		O75427
P01185		P01037
P10643		Q02246
P12110		Q12929
P49763		Q2TAZ0
Q05481		Q6IEG0
Q05516		Q6ZS17
Q13351		Q7L4S7
Q30KQ9		Q8IVV2
Q3MIS6		Q8WWK9
Q5T4W7		Q96P31
Q6P9A3		Q99928
Q6UWJ8		Q9H492
Q6UXZ4		Q9NX24
Q6ZNM6		Q9UDW3
Q8NC26		A2A288
Q8TE82		P09874
Q92466		P47985
Q96T51		Q13107
Q9GZZ7		Q16661
Q9H1U4		Q4G0N4
Q9HB63		Q5VTT2
Q9UGR2		Q5VWQ0
Q9Y2X7		Q8NI08
A6NM11		Q9BVC3
O75147		Q9NQS1
O75369		Q9Y345
O75792		O60496
O94842		O95793
P08294		P11388
P24821		P80748
P42694		Q13323
P52735		Q4VNC0
P78325		Q6UX41
Q17R60		Q6ZV65
Q4KMG9		Q86SG3
Q4VX76		Q8IUH2
Q5JVG8		Q8IVL8
Q8IWN7		Q8N7C0
Q96QT4		Q96HA8
Q9BQG2		Q9BYL1
Q9BSG5		Q9GZN8
Q9H3R0		Q9Y6M7
Q9NY12		B7ZC32
Q9P0T4		O00170
Q9ULJ7		P08247
Q9Y3Y4		P40933
A6NCL2		P52948
A6NER0		Q14156
B2RXF5		Q14197
O15105		Q24JP5
O94964		Q7L0X2
P0DTL6		Q86SX3
P49116		Q86VV8
Q02487		Q8IWA6
Q14515		Q92485
Q3ZLR7		Q96FV9
Q5T1J5		Q9HC16
Q6EMK4		Q9UBC1
Q6NXP0		Q9UBL9
Q6ZNA4		Q9UF11
Q7Z698		Q9ULB5
Q86TM6		Q9UMZ3
Q8IYR6		Q9Y2B0
Q8N1F8		Q9Y2G4
Q8N782		O75022
Q8NDY4		O95876
Q92766		P51993
Q96RW7		Q6P9B6
Q9C029		Q86Y34
Q9UIG8		Q8IWU4
Q9UJW7		Q8IYF1
Q9ULV8		Q92901
Q9UPW8		Q99732
Q9Y2K7		Q9NYG2
Q9Y6N6		Q9UM54
Q9Y6R7		A3QJZ7
A2PYH4		O43281
O00555		P09326
P08861		P30408
P53355		P31995
P56975		Q13103
P60372		Q15596
Q15633		Q68CQ1
Q1L5Z9		Q7Z5Y6
Q5HYJ3		Q7Z6B7
Q5SYB0		Q8N423
Q5U5Q3		Q969F1
Q71RG6		Q96GR4
Q7Z4M0		Q96JS3
Q7Z7K0		Q9H6S3
Q86T13		Q9UKW6
Q8IUX8		O94812
Q8IVN8		P20827
Q8IZL8		P55289
Q8TE58		P80192
Q9BS31		Q01814
Q9BYT5		Q07889
Q9HB09		Q1W209
A0JNW5		Q504Y2
D6RIA3		Q5BKZ1
O15534		Q5HY92
O76050		Q8IWZ3
P15918		Q8IYB0
P30260		Q8IZN7
P49790		Q8N5I3
P49863		Q96AY4
P52743		Q96N76
P59990		Q9HAA7
Q14872		Q9NZ94
Q8NAC3		Q9Y694
Q99102		O43795
Q9C0K0		P01848
Q9H7Z3		P19022
Q9H871		P52823
Q9NRC6		P55265
Q9NSC2		Q15329
Q9NYP9		Q3MHD2
O43854		Q569K4
O60259		Q5R3I4
P31689		Q7Z6K5
Q07352		Q8IXJ9
Q6PJF5		Q8NBF2
Q6PJT7		Q96JQ0
Q6UX82		Q9BST9
Q6VVB1		Q9BUT1
Q86SG6		Q9UBQ7
Q8IW19		A0A1W2PQC6
Q8IZC7		O14561
Q8N9K5		P01706
Q8WUP2		P35228
Q96H15		P55899
Q96PX6		Q02779
Q9H2X0		Q12840
Q9HAZ2		Q14C87
Q9HCM2		Q6AI12
Q9NVW2		Q6L8Q7
Q9NX94		Q8IWA0
Q9UBC3		Q96CV9
Q9ULJ3		Q96GD3
Q9UPA5		Q9BYB0
Q9UQR1		Q9HB19
A0A087WXS9		Q9HD43
O43463		Q9NRP7
O95180		Q9UIL4
O95625		Q9UNA1
P02749		Q9Y613
P04004		P04217
P0C7U0		P31483
P41229		P36383
P48059		P40763
P49754		Q06187
Q13231		Q13438
Q14061		Q14160
Q16270		Q5T2R2
Q16609		Q5T8A7
Q2M3C7		Q6P2C0
Q30KQ4		Q6ZTI6
Q5JQC9		Q7Z2E3
Q86V15		Q8IY81
Q8NAX2		Q8NEL9
Q8NDL9		Q96CW1
Q92824		Q96K49
Q96JI7		Q9H089
Q9H6R6		Q9H7M6
Q9NT68		Q9HCE5
Q9NZC7		Q9NP86
Q9P0P0		Q9NYF3
Q9UGK8		Q9UGM1
Q9UIW2		O60763
Q9UK39		O75185
Q9Y5A6		O75821
Q9Y5B8		P10243
A6NFZ4		P30048
D6RGH6		P31943
O75478		P62699
O95813		Q14236
P04054		Q5T0N5
P04233		Q8IUC8
P13056		Q8IUK8
P24043		Q8N4T0
P24592		Q8N556
P36897		Q8N5S3
P40394		Q969V5
P56192		Q96FM1
Q13572		Q96KN3
Q13875		Q96MS0
Q2UY09		Q96RU7
Q3KNT7		Q9P0T7
Q68DY9		A0A0G2JN01
Q6XR72		A5PLN7
Q76KX8		O75448
Q8IXR5		O94760
Q8TAT5		P29460
Q96CK0		P50150
Q96G01		P50452
Q96MM3		P51826
Q96QF0		Q07343
Q96SR6		Q496M5
Q9BXL5		Q6P0N0
Q9P2Z0		Q8N0W4
A6NP61		Q8N201
O43623		Q8WUI4
O75949		Q92538
O76074		Q9H221
O95081		Q9NPB8
O95190		Q9NZL9
O95600		Q9UN66
P05106		X6R8R1
P05997		O60513
P15509		P36507
P17026		P57075
P41439		P60608
P42127		Q12959
P43354		Q13610
Q2I0M5		Q2NKX8
Q3C1V9		Q53R12
Q3ZCX4		Q6PJG9
Q6P4I2		Q6ZV70
Q7RTZ1		Q8IZJ6
Q7Z3S9		Q8WZ33
Q8TCH9		Q96N96
Q92619		Q9UI26
Q96C12		Q9Y2M5
Q9BZJ3		O00587
Q9GZM7		O60488
Q9NS23		O95425
Q9ULL8		P47710
A2RUU4		P53621
A8MTQ0		P60008
O43865		Q29980
O60320		Q5HY64
O75558		Q5T011
O75829		Q6DKI7
O95409		Q6ZSZ5
P07911		Q71RC2
P29317		Q8IX18
P48443		Q8N1E2
P54317		Q9H5F2
P60371		Q9HCK5
Q5SNT2		Q9P1W9
Q5VUJ5		Q9ULG1
Q5XPI4		A0A1B0GX95
Q6UWH4		A0A1W2PQF6
Q8NFU7		H3BQJ8
Q8WWA0		O14613
Q99965		O15530
Q9H2R5		P01880
Q9H422		P02689
Q9P2P6		P35410
Q9UM82		P83731
A6NFI3		Q14694
A6NKB5		Q16827
A7MBM2		Q5SQQ9
O60486		Q5XG99
O95256		Q6NSI4
O95271		Q86UG4
P0C7M6		Q8NCA5
P0DKX0		Q8NES3
P14679		Q96EQ0
P21506		Q96F86
P35125		Q96IC2
P47974		Q96QZ7
Q03181		Q9GZZ0
Q03938		Q9HD47
Q16589		Q9NQW1
Q53H47		Q9NZC2
Q5MJ68		Q9P2A4
Q5T4H9		Q9Y653
Q5VV63		O75052
Q86T96		O75146
Q86VH5		P0C091
Q86Y97		P35609
Q8TAA1		P43626
Q92664		P45974
Q96JH7		P53671
Q9BV36		P58417
Q9H0H5		Q15154
Q9HA38		Q15828
O75578		Q16585
O95639		Q6NXG1
P13671		Q6UXP9
P26012		Q6V1P9
P36894		Q6ZUL3
P43403		Q70EL4
Q14192		Q8IYM0
Q15195		Q8NFP9
Q2TAL6		Q96CN5
Q6FIF0		Q96LB8
Q8IW52		Q96LT4
Q8TEV8		Q96PJ5
Q92610		Q9BTC8
Q92830		Q9BXY0
Q99590		Q9H0E2
Q99795		Q9HCN3
A8K7I4		Q9NS84
B1AL88		Q9NZI6
P02751		O14647
P05111		O14734
P29400		O15350
P49746		P01023
Q49A33		P04746
Q6AZY7		P05060
Q6ZTA4		P12814
Q86X02		P58012
Q8IX07		Q12913
Q8N957		Q13217
Q8NHM5		Q14774
Q8TAU3		Q6PIF6
Q8WYN3		Q7Z4H7
Q92570		Q8IWT6
Q92784		Q8WW32
Q9HB58		Q99959
Q9NU22		Q9BXB5
Q9UK12		Q9HB20
Q9Y3L5		O43491
Q9Y5K3		O43511
J3KSC0		O75477
O43897		P40199
O75290		P41161
O75469		Q12904
P0C5Y4		Q15760
P17010		Q495X7
P23142		Q4AE62
P35556		Q5JX69
P59037		Q684P5
P78358		Q8N0W5
Q86Y13		Q8N2M8
Q8IUK5		Q8N4N3
Q8WV44		Q8NET5
Q96BQ3		Q8NGI1
Q96C10		Q96EY9
Q9H2S9		Q96GA3
Q9NWK9		Q9BY76
Q9UC06		Q9H6R7
Q9UFB7		Q9UKU9
Q9Y4W2		O15067
Q9Y6M5		O75943
A0AAG2UUX9		P02549
A1L188		P08514
O14798		P35573
O75030		P38435
O75618		P39905
O95867		Q008S8
P0C7V6		Q0P6D2
P0CG38		Q3SXZ7
Q06481		Q6UX73
Q7Z4K8		Q8WZ64
Q86UW9		Q9BVQ7
Q8TAQ5		Q9HDC5
Q8TF32		Q9NNX6
Q96C01		Q9NPD3
Q96DT7		Q9UN37
Q96MN9		Q9Y312
Q96PH6		Q9Y6D6
Q9H0M5		A0A075B6K4
Q9H6P5		A0A0G2JNF4
Q9NZV6		A8K554
Q9Y2I6		P31785
A8MXD5		P49815
O60481		P51530
P20333		Q14BN4
Q01113		Q4AC99
Q12968		Q86YA3
Q13219		Q8N412
Q13444		Q8NEV8
Q14767		Q96JA3
Q5JRC9		Q9UDT6
Q5SR53		Q9Y264
Q8IUC0		Q9Y5Q8
Q8N7C3		Q9Y624
Q8ND82		A2A3N6
Q8TAT2		A6NJ78
Q8TD43		A6NJW4
Q92935		O15041
Q96ND8		O43502
Q9UBN7		O75879
Q9Y2F5		P0CH98
C9JPN9		P0DMP2
O43916		P12277
O95389		Q17RW2
P48740		Q6UX07
P62979		Q8IUY3
Q2MKA7		Q8TDY2
Q5CZA5		Q9Y6F7
Q5T0T0		A8MYJ7
Q92793		O43653
Q96A84		P13674
Q96BR6		P54098
Q96MA1		P84022
Q9HAV5		Q00994
Q9UGI0		Q32NC0
Q9UP38		Q53GL7
P08572		Q5VVQ6
P08575		Q6RI45
P11678		Q7L576
P17544		Q7Z5M5
Q14527		Q8N5R6
Q6IA86		Q8TCG2
Q8NCR6		Q9H6S0
Q8TBZ8		Q9NZH4
Q8WTW4		O60809
Q8WXT5		O76075
Q96MP5		P10746
Q9HCL0		P18621
Q9NR97		P78356
Q9NZJ0		Q05BQ5
Q9UKF2		Q13635
Q9Y3S1		Q5XLA6
Q9Y6Q6		Q6NTF9
A0A1W2PQL4		Q7Z494
A8K8V0		Q8N614
O76071		Q8TBB0
P20851		Q969S3
P22888		Q96LR9
P26717		Q9BQG1
P39060		Q9P2K5
Q13023		O15091
Q30KQ7		O75976
Q4LDE5		P04808
Q5HYK9		P0CG21
Q5QP82		P31152
Q5VUA4		Q12772
Q7RTZ2		Q502W6
Q7Z2W4		Q5VT03
Q8N323		Q86U28
Q8N9V7		Q8IYF3
Q8NC06		Q8N1A0
Q92796		Q8N961
Q96DX7		Q9H3L0
Q96PE2		Q9NVS2
Q96S99		Q9NYV4
Q9BVG3		Q9Y2H0
Q9NPF7		Q9Y5G2
Q9UJJ7		A0A0B4J275
A5A3E0		Q01469
D6RBM5		Q5YKI7
G3V0H7		Q6EMB2
O75636		Q6UX04
P12724		Q7Z5H5
P41223		Q86V86
P52757		Q96AP7
P60321		Q9BYX7
P80294		Q9H9V4
P82663		Q9NZ09
Q03001		B9A064
Q03395		O15492
Q4ZG55		O95989
Q5VTB9		P0CG22
Q6MZW2		P55774
Q8N4A0		Q16513
Q96A61		Q30KQ1
Q96EP1		Q4G0P3
O14514		Q6UX52
O75123		Q7RTS5
O75197		Q8IUH8
P04141		Q8N4C9
P17022		Q8NG11
P26358		Q8NHP8
P83110		Q8NHY3
Q15751		Q8TF30
Q6ZNB6		Q8WUA8
Q86TG1		Q96BH3
Q8IUB5		Q96G42
Q8IUC1		Q9H0J4
Q8NA92		Q9HD90
Q8WZ42		A6NCI8
Q9H6Y7		O43246
Q9NQ75		O95622
Q9NS62		P32456
Q9NUD5		Q11201
Q9UF33		Q14DG7
Q9UKK9		Q5CZC0
A6NMK8		Q5NE16
A6NNY8		Q8N2A0
O14607		Q8N3J5
O15232		Q8NDM7
O75170		Q8WV15
P17936		Q96M20
P18564		Q99996
P33076		Q9BZB8
P35869		Q9NPI7
P98155		Q9NWV4
Q15582		Q9UHX1
Q52LG2		Q9UN67
Q5T1N1		Q9UPV9
Q5T9A4		A6PVI3
Q6PEZ8		O43314
Q86XD8		O95803
Q8N448		P21810
Q8TF68		Q5VZ46
Q96CB8		Q6ZS30
Q96MX3		Q75QN2
Q9C0B0		Q8N5V2
Q9HCG1		Q99501
Q9NSY2		Q9BXK5
Q9P2F5		Q9H6S1
Q9UJN7		Q9NUJ7
Q9UKA1		Q9UIX4
Q9Y4C1		A0A376A8Z9
A0A7I2V3R4		O95397
C9J6K1		P03986
O00634		P09172
O43294		P09496
O95561		P10523
P07602		P35453
P0CG37		P61565
P24593		Q00266
P31040		Q13489
Q02325		Q14714
Q07444		Q15058
Q1XH10		Q2NKJ3
Q5T5N4		Q3LHN0
Q86SQ7		Q5VWP2
Q8IYX3		Q66LE6
Q8N567		Q86YJ6
Q8NDX1		Q8HWS3
Q96KG7		Q8N5K1
Q96NZ8		Q9H0S4
Q96RY5		Q9Y2J2
Q9BRA0		P78562
Q9H000		Q06210
Q9H963		Q12952
A6NK75		Q13683
O43559		Q5TID7
O95185		Q8IYT3
P07998		Q8NEM2
P0CG40		Q96RT8
P19474		Q9UNI1
P28562		Q9Y5K6
P63145		B4DSL7
P98160		O14524
Q14532		O15018
Q3MIP1		P12314
Q5QGT7		P22830
Q6V0I7		P29466
Q7Z569		P31273
Q8IYB9		P33176
Q8N130		P55209
Q8WUY3		Q14683
Q9BSW7		Q5JSL3
Q9H1R3		Q8N157
Q9UHC9		Q8N1C3
Q9UIS9		Q96IY4
Q9UKN1		Q9NZ38
Q9ULD4		Q9P0M6
Q9Y2X9		O15061
O76061		O94985
P05129		P09234
P07320		P15036
P13611		P58753
Q07654		Q12906
Q14332		Q16552
Q15846		Q16832
Q5SVQ8		Q1RMZ1
Q5VZF2		Q30KR1
Q6XUX3		Q495W5
Q6ZMS7		Q5UCC4
Q7Z5A9		Q6UWQ5
Q86W11		Q8N0X4
Q8N3H0		Q8NB90
Q8TA94		Q8NFA2
Q8WWY7		Q8TCW7
Q96ME1		Q99436
Q9H305		Q9GZQ4
Q9HAK2		Q9H8M2
Q9NQC1		Q9HCC0
Q9NRH1		Q9NZA1
Q9NWF9		A6NK97
Q9P2J8		A8MQ11
A0A1B0GUV7		P16157
A1A519		P18615
A8MQ27		P20930
O15204		P26006
O95365		P48304
O96014		Q08211
P17041		Q86YR7
P56704		Q8N697
Q06278		Q8N8P6
Q14114		Q92736
Q6IPX1		Q9Y2T4
Q6PJ61		A6NJT0
Q6ZMJ2		B1ANY3
Q6ZN57		O00571
Q8IVT5		O14498
Q8IYY4		P0DY27
Q8NFZ0		P11498
Q8TBE0		P23468
Q8WW18		P49662
Q96AC6		Q13017
Q96N95		Q13332
Q96PE1		Q2TAA8
Q96RL6		Q5T200
Q99571		Q8IW93
Q9BXS4		Q8IZD9
Q9Y4F4		Q8N2Q7
A6NCW0		Q8N5U6
B7ZBB8		Q8NFK1
P07316		Q8TC94
P24386		Q92932
P50479		Q99706
Q13191		Q9BUR4
Q13342		Q9H0C1
Q14641		Q9UIA0
Q17RM4		Q9Y261
Q68BL8		A6NHR9
Q86Y26		A8MX76
Q8IY22		P29144
Q8N7E2		P48050
Q8NBK3		P57723
Q8NCF0		P59861
Q9H1J7		Q29983
Q9H930		Q5VWJ9
Q9NV96		Q5VZ72
Q9Y467		Q6P9A2
Q9Y4J8		Q7KYR7
Q9Y5W9		Q7RTN6
O75610		Q8IV42
O76080		Q8NEG0
P10253		Q96KD3
P13631		Q9BQK8
Q02086		Q9H598
Q15940		Q9H6R4
Q16342		Q9P121
Q6PEW1		A8MW95
Q6UXC1		P47712
Q8IYN0		P78527
Q8N398		Q13530
Q8N8B7		Q16637
Q8TF20		Q5HYW3
Q96EP0		Q6L9W6
Q9H165		Q6UWL6
Q9H9L4		Q6UXT8
Q9HBV2		Q86T82
Q9P2D6		Q86US8
A2RRH5		Q8IY21
O75200		Q8N5J2
P08912		A5PLL1
P53672		A8MZH6
Q13753		O95866
Q1L6U9		P05549
Q6IV72		P0DTL4
Q86YD5		P24903
Q8N565		P33991
Q8NFT8		P35613
Q8TDW7		P48061
Q92561		P80108
Q92794		Q5H8C1
Q96D59		Q6AWC2
Q96MM7		Q6P1X6
Q9BRP0		Q86XR8
Q9GZP0		Q8IXW5
Q9H633		Q8NCB2
Q9NQL9		Q8NCU7
Q9NU63		Q92519
Q9Y4X5		Q96CB9
A1L020		Q96MV8
A6NCK2		Q9H0H3
M0QZC1		O15389
O43715		P01008
P06870		P23946
P15924		P50453
P17024		P61916
P36954		Q13330
Q53GG5		Q14676
Q5VVJ2		Q14934
Q6PRD7		Q5SQN1
Q6ZMT4		Q5W5X9
Q6ZSA7		Q6PCB0
Q86UP0		Q6UVJ0
Q86W25		Q6UWM5
Q86YE8		Q8WZ71
Q8IWK6		Q96F45
Q8NE35		Q99489
Q8TAV5		Q9C0F0
Q8TEU8		Q9HBM0
Q8WZ74		Q9UKY0
Q9BQ24		Q9UQQ1
Q9GZX9		Q9Y217
Q9UHX3		Q9Y6X8
Q9UIF7		P46020
O75164		P61158
O95390		Q0D2K0
P04626		Q6DHV5
P0C7I6		Q6P2P2
P21333		Q86SJ6
Q09FC8		Q8IXH8
Q13829		Q96NK8
Q14847		Q9BVL4
Q3KNW1		Q9NRL3
Q86WI1		Q9NXL2
Q86YC2		Q9UKB1
Q8N428		Q9UKU0
Q8N907		Q9UQB3
Q8N9I9		O43295
Q8TAW3		O75143
Q96H55		P01893
Q96KN9		P15374
Q96PQ6		P53602
Q96RR4		Q13884
Q9BRR0		Q15399
Q9NRY7		Q58FF6
Q9Y6R6		Q86Z02
A1L4H1		Q8N6C5
D6R9N7		Q8WZ75
O43167		Q96GS6
O95125		Q96JJ6
P00736		Q96PB7
P0DP72		Q9NQZ3
P19957		A0A0J9YX94
P80297		O14646
P98169		P02671
Q12841		P0DP58
Q14162		P49005
Q14833		Q02846
Q17RG1		Q58A45
Q2M1K9		Q86UW1
Q5JRS4		Q8IYS2
Q5T619		Q8N4N8
Q6PCD5		Q8TC20
Q6UXG2		Q8WWX8
Q7RTX1		Q99614
Q8IWE5		Q9BVX2
Q8IWY9		Q9H3Q3
Q8IYH5		Q9UBY9
Q8N3G9		Q9UJQ1
Q8NFH8		O15111
Q92626		P34947
Q96L73		P35680
Q96PV7		P48553
Q96RU8		P58107
Q96SK3		Q05639
Q99952		Q5VWM4
Q9HBK9		Q6XE24
A8MUV8		Q8N196
C0HM98		Q8NB14
O15327		Q8ND71
O75679		Q9H6D7
O94823		Q9H7F0
O95925		Q9ULY5
P0CG00		A7E2V4
P17948		A8MSI8
P19883		C9J1S8
P35916		O14896
P41743		P09382
P43026		P54707
Q03164		Q14457
Q12986		Q6MZQ0
Q2TB18		Q6P2S7
Q3LI77		Q6PIU1
Q5R387		Q7Z3H4
Q6Q0C1		Q7Z7C7
Q6ZSS3		Q86YS3
Q70CQ4		Q86YV9
Q7RTX0		Q8IZT6
Q7Z5L2		Q8N7C4
Q86VV4		Q8N8J0
Q8WW22		Q8NET4
Q96GN5		Q96QK1
Q9H2X6		Q9BW30
O15118		Q9UK22
O95235		Q9Y2B4
P06401		A0A1W2PRP0
P07988		E9PB15
P0C7X1		O14746
P0DPK4		O43196
P10588		P09919
P10606		P25103
P17252		P36405
Q13507		P51671
Q2VPA4		P54646
Q52LW3		Q13470
Q5SZB4		Q2M3D2
Q6P9G9		Q6IN84
Q75N90		Q8IX05
Q8N9W4		Q8N6Q8
Q96GC6		Q96D03
Q99727		Q96M11
Q9BWE0		Q96PY6
Q9H3S1		Q9GZY6
Q9NR96		Q9NYU2
Q9UBV4		Q9P2K8
Q9Y4D7		Q9UJ71
Q9Y5F6		Q9Y6D5
A0A1W2PPD8		O14668
A2RU30		O95238
A6NNE9		P09913
O60840		P23219
P01042		P42574
P16581		Q14CZ7
P17038		Q52WX2
P52741		Q6ZUX3
P62633		Q8NCJ5
Q02556		Q8NHJ6
Q15113		Q8TC36
Q53H54		Q92546
Q8NDQ6		Q96A28
Q92673		Q9BPZ7
Q96JB8		Q9BT76
Q9H2K2		Q9H579
Q9UI38		Q9NZI8
Q9ULZ0		Q9UBF2
A8MU10		Q9UNN5
O43157		A0ZSE6
P01857		O75582
P19438		O95858
Q04756		P22362
Q07617		P27352
Q14524		P42345
Q1T7F1		P52179
Q6IE81		P98173
Q6ZVH6		Q10570
Q75VX8		Q15858
Q86TH1		Q5GAN3
Q8IU80		Q6ZRF7
Q96FX2		Q9BYT9
Q96M96		Q9NVM9
Q9H0D2		Q9NVR5
Q9H379		Q9UFW8
Q9H3D4		Q9UIF3
Q9HBW9		A0A0K0K1A3
Q9N2J8		O00159
Q9NQ69		O00716
Q9NV66		O14863
Q9Y6F9		P05362
A0A087WUV0		P38570
P14616		P78310
P37275		Q00978
Q00604		Q05C16
Q32M78		Q06546
Q494W8		Q5T8I9
Q5SWL7		Q6ZQN5
Q6UXB4		Q8N4P6
Q86UY6		Q8NGF1
Q86XX4		Q92616
Q8N0W7		Q9H0B6
Q8N3Z6		Q9HC62
Q8N9F8		Q9Y5F1
Q8NB78		Q9Y6X3
Q8NFU1		A8K0S8
Q8WW14		O60449
Q96FN5		O95157
Q9BY78		P52849
Q9BZM2		P57721
Q9C0A1		Q01524
Q9NR56		Q5VT06
Q9NRH2		Q658L1
Q9NXR5		Q674R7
Q9P283		Q6PIW4
Q9UGT4		Q8N5U1
Q9UPZ6		Q8NHU2
Q9Y2E6		Q8TAK6
A0A096LPI5		Q92997
B8ZZ34		Q9BX79
O15062		Q9GZX3
O43462		Q9NZ08
P04183		Q9UKG4
P11473		Q9Y5S1
P13612		O75161
P14314		O95164
P50876		O95475
Q12766		P14735
Q6F5E8		P48052
Q6NZY4		P68032
Q6P1R4		Q12967
Q6ZW61		Q15109
Q86WS4		Q5VT66
Q8N2I2		Q6P2H3
Q8N841		Q6W2J9
Q8TE59		Q6ZP82
Q9BYR9		Q86WS5
Q9H5Y7		Q8WXI7
Q9HCG7		Q92560
Q9Y2H6		Q96K31
A6NIE9		Q96PV6
O60315		O15482
O75718		O75771
P07477		O95025
P20933		P20929
P60323		P22455
Q08554		P46013
Q13797		P51841
Q14943		P55199
Q53TQ3		P62324
Q5T5M9		Q14566
Q5VWN6		Q5JU85
Q7Z5L7		Q687X5
Q86UR5		Q6UWE3
Q8N6D2		Q86UE8
Q8TCF1		Q8N1G2
Q8WTX9		Q8N3C0
Q9BW71		Q9BTP6
Q9H693		Q9BWP8
Q9HD89		Q9HBA0
Q9P281		Q9NR19
Q9UGP4		Q9P2G3
Q9Y6Y1		Q9UIR0
A0PJY2		Q9UKA8
O00468		Q9Y4P8
O15209		O43543
O60279		O94885
O94989		P08123
P55268		P61236
P60002		P62906
P60413		Q02880
Q03924		Q06330
Q5JY77		Q13449
Q6XXX2		Q6ZMT9
Q86UP6		Q7Z5J8
Q8IY92		Q86WA8
Q8N2E2		Q8WVZ1
Q8N8E2		Q96NC0
Q8NBA8		Q9NUX5
Q96FC7		Q9UKC9
Q96G75		A0A2R8YCY7
Q96IU2		O75023
Q96M86		O75569
Q99572		P23786
Q9NTW7		P26583
Q9P0G3		P48728
Q9Y5W3		P78413
A0A087WVF3		Q6UVK1
A6NIN4		Q6ZW97
B4DXR9		Q8NFM7
O94761		Q8NFW9
P00742		Q8TEY5
P02675		Q96GY3
P11717		Q96LB9
P15172		Q9GZL7
P15822		Q9HCR9
P29376		Q9UBT7
P49792		H0Y7S4
Q02446		O75593
Q32MQ0		P01705
Q3BBV0		P10144
Q5VY43		P10721
Q6UWN8		Q13349
Q8N114		Q5XX13
Q8NEP7		Q6UXL0
Q8TAD2		Q6XQN6
Q8TD19		Q92771
Q96CW9		Q96NU7
Q96NG8		Q96QD9
Q96PE3		Q99743
Q99592		Q9BSN7
Q9GZX5		Q9BTE7
Q9H7T0		Q9GZZ9
Q9UIG0		Q9P2D1
Q9UQ49		Q9Y5E8
Q9Y6N7		A0A0C4DH59
A0A087X179		O00584
A0A0U1RQI7		O94779
A0A286YF58		P28069
O14802		P28329
O60269		P31639
O75116		P43243
O75677		Q01546
P08582		Q3LHN1
P08603		Q5SQH8
P17021		Q6ZNX1
P41180		Q7Z4W2
P49023		Q7Z6M4
P51797		Q8N109
Q13049		Q9BTE3
Q68EA5		Q9BZQ2
Q6PKC3		Q9H2G4
Q6R2W3		Q9NQC7
Q7Z340		Q9UIU6
Q86TI0		Q9UL52
Q8N344		A0AAG2TTP8
Q8N6M9		O15143
Q8WXA3		O43614
Q92753		O75157
Q96NU1		P0CF51
Q96RG2		P18146
Q99741		P29803
Q9H175		Q14151
Q9UIM3		Q496A3
Q9ULB1		Q5VT97
A6ND01		Q8N0V4
P02771		Q8N568
P06127		Q8N688
P08581		Q8NG50
P08922		Q8TBF4
P36382		Q96Q35
P54289		Q9BXA6
Q14592		Q9BXI2
Q15569		Q9H2A2
Q2KHM9		Q9H7D0
Q2M3X9		Q9HAT1
Q3MJ13		Q9NXG0
Q49A88		Q9P260
Q53GI3		Q9Y458
Q6ZN06		Q9Y663
Q6ZN17		A4UGR9
Q701N2		O15213
Q7Z5A8		O15460
Q8NCG7		P00558
Q8TAL5		P11465
Q99466		P57081
Q9BYJ4		Q15048
Q9UBG0		Q17RQ9
O43396		Q6ICH7
O94955		Q6TFL3
O95613		Q7Z7J5
O95789		Q8NDZ0
P08519		Q96QU6
P12544		Q99497
P21757		Q9GZR2
P51168		Q9NZP6
P83105		Q9P2N6
Q02747		Q9Y6Q1
Q2MJR0		O00409
Q6PCT2		O75828
Q6PJ69		O94915
Q6UXB1		P08651
Q86XN6		P15529
Q8WW36		P28328
Q96QP1		P29558
Q99496		Q0VF96
Q9NS56		Q15390
Q9NSE4		Q53H76
Q9NUA8		Q6ZSM3
Q9UKW4		Q8IYS4
Q9Y2I8		Q8N687
A6NI03		Q8NI17
O75592		Q96AE7
P12757		Q9H7B7
P17020		Q9NT62
P28907		Q9Y2G2
P51843		O00204
P59510		O75106
Q03989		P07902
Q14435		P19113
Q15181		P35498
Q5TAG4		P50458
Q6PFW1		P53004
Q6WRI0		P55795
Q86T90		P61550
Q86UT5		Q5VT98
Q8IYI8		Q6K0P9
Q8NCT1		Q7Z5U6
Q8WYB5		Q8NER1
Q93083		Q8WU17
Q96PU4		Q96JC9
Q9BU70		Q9NS39
Q9H3T2		Q9NZI7
Q9NVH0		Q9NZL6
O43657		Q9P2J3
O95239		Q9UN36
P08151		A0A0J9YXQ4
P13987		O43166
P34931		P49916
P54760		P78316
P57059		Q16538
P58317		Q5VXH5
Q2TB10		Q6ZUG5
Q5SRR4		Q86W42
Q6P280		Q96M85
Q6V9R5		Q9BT09
Q8NG35		Q9BYZ6
Q8TAT6		Q9P227
Q96RK0		Q9ULT8
Q9BQA5		
Q9H2H0		
Q9NQ36		
Q9UFC0		
Q9UJT1		
Q9UPW5		
Q9Y3S2		
O94972		
P16422		
P17643		
P52429		
Q10571		
Q13467		
Q13936		
Q53SZ7		
Q5H9S7		
Q5VV16		
Q86Y78		
Q8NBV8		
Q8NCV1		
Q8TCT0		
Q96IF1		
Q96PX8		
Q99708		
Q9H4Z2		
Q9NSD4		
A6NIR3		
O95206		
P04118		
P37023		
P78509		
Q12947		
Q14126		
Q3MJ62		
Q53RD9		
Q6N022		
Q6ZQQ2		
Q8WU49		
Q96KP6		
Q9H6U6		
Q9NP64		
Q9NX31		
Q9UBR2		
Q9Y676		
A2RRP1		
A6NIX2		
O14771		
O15090		
O60220		
O75096		
O95407		
O95477		
P00746		
P27037		
Q12815		
Q13228		
Q13361		
Q2M2H8		
Q5JPB2		
Q5T197		
Q6AW86		
Q7RTV0		
Q7Z398		
Q7Z444		
Q86UQ4		
Q8IVF5		
Q8IY17		
Q8IYP9		
Q8N135		
Q8N3S3		
Q8NHV1		
Q92831		
Q96IQ9		
Q96K58		
Q96M02		
Q9C091		
A6NJB7		
B4DS77		
O95696		
P04637		
P05019		
P05164		
P27540		
P40238		
P49639		
P55160		
Q05086		
Q14643		
Q16670		
Q16820		
Q16821		
Q3LI76		
Q56UN5		
Q5T6X5		
Q658N2		
Q6PGQ1		
Q86UD1		
Q8NG06		
Q8TAP4		
Q96MU8		
Q9H707		
Q9ULD2		
Q9UQF0		
O00311		
O14672		
O43316		
P35443		
Q13887		
Q14593		
Q14CW9		
Q3ZCN5		
Q5GFL6		
Q63HN8		
Q6AZW8		
Q6NX45		
Q6UXB3		
Q86YS7		
Q96N21		
Q96PX9		
Q9BSJ5		
Q9H5J0		
Q9UGM3		
Q9UKN5		
Q9UPP2		
Q9Y3M9		
Q9Y4D2		
Q9Y6Q3		
O14628		
O43908		
O60384		
O75077		
O76076		
O96008		
P16144		
P41002		
Q3LI81		
Q6ZRC1		
Q6ZST2		
Q70CQ1		
Q76NI1		
Q86YB8		
Q8TB03		
Q8TE23		
Q93038		
Q96B86		
Q96NS8		
Q9H2S6		
Q9HCX4		
Q9Y5J9		
A0A1B0GTU1		
A6NHJ4		
A6NNM8		
O95201		
P01189		
P30203		
P36406		
P60014		
Q14031		
Q15696		
Q3KP31		
Q4G0G2		
Q5T5X7		
Q5TH74		
Q5VTM2		
Q66K79		
Q6NX49		
Q6PJ21		
Q6WN34		
Q7LFL8		
Q7Z2Z2		
Q86TG7		
Q8IYX4		
Q8IZ13		
Q8N144		
Q8N2Y8		
Q8N3X6		
Q8NG41		
Q9HAT8		
Q9HCJ2		
Q9NR48		
Q9NR83		
Q9P273		
B2RUY7		
O14827		
O60304		
P0C869		
P0CG39		
Q14147		
Q14161		
Q15003		
Q6FHJ7		
Q6GQQ9		
Q71UM5		
Q7L945		
Q86SE9		
Q8NAP3		
Q8NF99		
Q8WVD3		
Q8WWY8		
Q99567		
Q9BY12		
Q9P2E7		
Q9UJQ4		
Q9UPT9		
Q9Y2L1		
Q9Y577		
A6NJL1		
C0HMD7		
O14793		
O60284		
O75084		
P17097		
P51575		
P62987		
Q53FE4		
Q8NEM0		
Q8NFY4		
Q99871		
Q9BZ76		
Q9H992		
Q9HBX9		
Q9NQV8		
Q9NV58		
A6NC05		
A7KAX9		
H3BNL1		
O15409		
P41221		
Q01523		
Q01668		
Q5GH73		
Q5JXC2		
Q6UXX9		
Q86VD1		
Q8IWL3		
Q8WVD5		
Q96JM7		
Q96MF2		
Q99715		
Q9HCB6		
Q9NZB8		
Q9UH73		
A0A087X1G2		
B6SEH8		
O00339		
O60663		
P23276		
Q02388		
Q06455		
Q13360		
Q6IC83		
Q7LBC6		
Q7Z570		
Q8N884		
Q8WYK1		
Q96C28		
Q9HBZ2		
Q9P0U4		
Q9Y6K1		
A0AAG2UXD8		
O75037		
O75487		
P04732		
P07858		
P09758		
P15498		
P29322		
P51814		
Q01415		
Q08AN1		
Q5T4F7		
Q5W0B1		
Q6ZUJ4		
Q76LX8		
Q7Z6G8		
Q8IWI9		
Q96N58		
Q96PE6		
Q96T23		
Q9C0D7		
Q9H0X6		
Q9H9B1		
Q9NX65		
Q9P272		
Q9UKT4		
Q9Y2D9		
Q9Y493		
A5D8T8		
P04150		
P0C0L5		
P0C6S8		
P27918		
P28908		
P46100		
P48307		
P51864		
P79522		
Q03591		
Q14202		
Q5M7Z0		
Q5T750		
Q6H9L7		
Q6ZV73		
Q7L513		
Q86SH2		
Q8N2G6		
Q96FE5		
Q96KM6		
Q96NI8		
Q96T91		
Q9BQ08		
Q9BXL6		
Q9H7S9		
Q9H972		
Q9HCQ7		
Q9NVL1		
Q9NXC5		
Q9NY30		
Q9UIK5		
O60290		
O60858		
O75426		
O75446		
P0DPF3		
P14207		
P24468		
P42575		
P54826		
P54829		
Q2M3T9		
Q504T8		
Q6PEV8		
Q86SQ3		
Q86WK7		
Q8N145		
Q8NEM1		
Q92628		
Q9H293		
Q9H869		
Q9NSI6		
Q9NX45		
Q9P2H5		
A8MUU1		
B6SEH9		
F5H4B4		
O60232		
O75437		
O94880		
P07711		
P29279		
P49908		
Q2M218		
Q53EP0		
Q6ZVD8		
Q7Z4V0		
Q8N7W2		
Q8NET1		
Q9H5H4		
Q9P0X4		
Q9UHC3		
Q9UJV3		
Q9UKR3		
B7Z368		
P0CG20		
P13640		
P15586		
Q12770		
Q2KJY2		
Q6ZR62		
Q6ZSV7		
Q7Z401		
Q8NAQ8		
Q8WUJ1		
Q9BQQ7		
Q9BVN2		
Q9H9Z2		
Q9HCJ5		
Q9UKL3		
O14795		
O75467		
P0CG31		
P0DKV0		
P53582		
Q0D2J5		
Q12805		
Q14590		
Q16659		
Q5SZI1		
Q6NSJ2		
Q6ZMU5		
Q8IV35		
Q8NI51		
Q92618		
Q92896		
Q96IT1		
Q96K21		
Q9BWT7		
Q9BZ95		
Q9H665		
Q9NVV9		
Q9Y2L8		
Q9Y4K1		
A0A494C071		
A6NDS4		
A6NH21		
B1APH4		
P60410		
Q07092		
Q14149		
Q14832		
Q5QGS0		
Q86XS5		
Q8TCQ1		
Q96M29		
Q99687		
Q9BXT5		
Q9HBT8		
Q9Y2Y8		
A0A1W2PPK0		
A6NE52		
A6NNA5		
O60884		
P01266		
P21728		
P53384		
Q04759		
Q13127		
Q14210		
Q14587		
Q56P03		
Q5BKU9		
Q5TZJ5		
Q68D51		
Q6UXI9		
Q8IX30		
Q8NBL1		
Q8TED4		
Q96DX4		
Q9BXY4		
Q9C004		
Q9H0J9		
Q9H8G1		
A4D161		
O94966		
O95071		
P0DM35		
P17030		
P26927		
Q6PG37		
Q7L2R6		
Q7Z6Z7		
Q86UR1		
Q8N8Q3		
Q8N8R7		
Q8WW38		
Q8WYR1		
Q92731		
Q96C55		
Q96S15		
Q9NPD5		
Q9UHN1		
Q9Y462		
A0A1B0GTW7		
O60318		
O75815		
P07438		
P17017		
P22891		
P30622		
P53992		
P54108		
Q15649		
Q5TC82		
Q6NTE8		
Q6PF15		
Q8IUH4		
Q8NB59		
Q96EQ8		
Q96JA1		
Q9BSJ1		
Q9BZ81		
Q9HBG7		
Q9NR61		
Q9P212		
Q9UF56		
Q9UGL1		
Q9ULD5		
Q9Y603		
A6NNF4		
O75112		
P26374		
P41271		
P57730		
Q5T870		
Q5VT25		
Q5VUD6		
Q6S5H5		
Q6UXF7		
Q70Z35		
Q86UP3		
Q8TEJ3		
Q92496		
Q96BR9		
Q96LD4		
Q9BRP1		
Q9BYC8		
Q9BZF2		
Q9C026		
Q9HAH1		
A0A087WUL8		
O00635		
O14770		
O76013		
P07357		
P09565		
P17405		
Q12882		
Q13472		
Q494R0		
Q8IYW5		
Q8NE65		
Q8WU39		
Q96A25		
Q96MT3		
Q96Q40		
Q9H1E1		
Q9H8L6		
Q9UL41		
Q9UPU3		
Q9Y385		
C9J302		
O00463		
O15164		
O60565		
O75840		
P01215		
P01589		
P10114		
P14222		
P20160		
P51654		
P58658		
P63267		
P82279		
Q02413		
Q13443		
Q149M9		
Q2Q1W2		
Q5SWL8		
Q5SY85		
Q5TAX3		
Q6GV28		
Q8IZQ1		
Q8NCN2		
Q8TAF7		
Q92765		
Q96BV0		
Q96LX8		
Q99728		
Q9BYR8		
Q9HAR2		
Q9NSA2		
Q9UBX5		
Q9UKF5		
Q9Y3D2		
A0ABJ7H351		
O15265		
O75173		
O75604		
O95243		
P17028		
P23743		
P46531		
P49757		
P55201		
P56159		
Q17R98		
Q5EBM4		
Q5T700		
Q6NUJ1		
Q6VAB6		
Q701N4		
Q7Z7M0		
Q86TB3		
Q8N8J6		
Q8WTQ1		
Q96E35		
Q96S59		
Q9BQE6		
Q9BYK8		
Q9NPC7		
Q9NXA8		
Q9NYQ6		
Q9P0J7		
Q9Y614		
A6NCS6		
A8MT65		
A8MZG2		
O60291		
P05156		
P24928		
P59817		
Q2TBF2		
Q5JWF8		
Q6P3S6		
Q8NA19		
Q8TF45		
Q96JC4		
Q9BY14		
Q9BYU5		
Q9NR09		
Q9P0N8		
Q9UJK0		
Q9Y561		
O43541		
O75346		
O75398		
O75800		
O94772		
P25713		
P55789		
Q15652		
Q6ZMS4		
Q8N2C3		
Q8N7B1		
Q8WXK3		
Q99969		
Q9UNA0		
Q9UNE0		
A6NCQ9		
F2Z333		
O60575		
P0CG24		
P29122		
P40967		
Q12891		
Q5VYV7		
Q6N043		
Q8IV16		
Q8IWZ5		
Q8IY57		
Q8N7M2		
Q8TAB3		
Q8TAV0		
Q8WY64		
Q92752		
Q969K3		
Q96F44		
Q96GP6		
Q96JG9		
Q96JL9		
Q96T25		
Q99062		
Q9BWX1		
Q9NPC3		
Q9NPY3		
Q9NQX6		
B4DX44		
O43474		
O75626		
O75717		
O94762		
O95231		
P04629		
P0DPA3		
P31629		
P54793		
Q13702		
Q14246		
Q15072		
Q5XUX0		
Q6ZSG2		
Q86WW8		
Q8IYA8		
Q8N6M6		
Q8WTR7		
Q92563		
Q9BS86		
Q9BSE2		
Q9GZY0		
Q9H7B4		
Q9Y6W6		
O15015		
P50238		
Q14145		
Q5GAN6		
Q5T953		
Q6P3V2		
Q6ZU69		
Q86Y01		
Q8N7Q3		
Q8NAE3		
Q8WXA2		
Q92959		
Q9BZY9		
Q9NQV7		
Q9UBT3		
Q9Y4P1		
O14638		
O75110		
P02774		
P07225		
P08047		
P12111		
P15621		
P82987		
Q13368		
Q6AZZ1		
Q6ZT12		
Q8NAN2		
Q9H832		
Q9P1U0		
Q9Y2P7		
A0A096LNW5		
A0A0A0MS06		
D6RA61		
O60516		
O75912		
O94910		
P07306		
P10072		
P11226		
P30876		
P49910		
Q02040		
Q13233		
Q15326		
Q16099		
Q5T440		
Q6P4F2		
Q6PJP8		
Q6UWI4		
Q6UY18		
Q8N1N4		
Q96EY1		
Q9H9D4		
Q9HAU8		
A2RRL7		
B4E2M5		
O15544		
O15553		
P08235		
P15248		
P26651		
P78539		
P86434		
Q5JV73		
Q6ZN54		
Q86UE3		
Q86YV0		
Q8IZP1		
Q8ND24		
Q96P26		
Q9UK80		
Q9Y2T5		
B1ANS9		
O14578		
O95196		
O95405		
P10075		
P24394		
P35398		
P47928		
P52824		
Q16663		
Q6A162		
Q6PIJ6		
Q86XF7		
Q8N4L2		
Q8NEK5		
Q8NG27		
Q8TBJ5		
Q93091		
Q969P5		
Q96DM1		
Q96L21		
Q99944		
Q9BX82		
Q9BXT4		
Q9ULU4		
Q9Y2G1		
Q9Y5J6		
Q9Y6Z4		
A0AAQ5BIG5		
B4DYI2		
O00300		
O14924		
O43298		
O75064		
O95171		
P19793		
P48960		
Q13501		
Q6ZUT9		
Q86Y38		
Q8IXK0		
Q8IYM9		
Q8WXI2		
Q969W8		
Q9BQW3		
Q9H160		
Q9H1R2		
Q9H741		
Q9H7R0		
Q9NR11		
Q9Y508		
Q9Y5Q5		
A6H8Z2		
O14904		
O14983		
O15031		
O60542		
O60883		
O95218		
P05305		
P0DQW0		
P14373		
P23193		
Q02297		
Q09472		
Q13642		
Q5VT99		
Q6ZN84		
Q7L273		
Q8NAA6		
Q8TB52		
Q96NE9		
Q99942		
Q9BSY4		
Q9HBJ0		
Q9P2E2		
Q9UIL8		
A6NLC5		
O14944		
O43300		
P04035		
Q02763		
Q15937		
Q6IQ49		
Q6P1Q9		
Q6P461		
Q76N89		
Q8IY34		
Q8NCQ7		
Q99726		
Q9H792		
Q9H7H0		
Q9HBT7		
Q9NXH9		
Q9ULM2		
Q9Y5T5		
B2RU33		
P03951		
P18065		
P29590		
P54756		
P61221		
Q15306		
Q16527		
Q6UWU4		
Q6UY11		
Q6ZUV0		
Q8NI77		
Q96K62		
Q96N38		
Q9BYR7		
Q9H3U7		
Q9HC56		
Q9P2N4		
Q9UIH9		
Q9Y4L5		
A4D1S0		
O15550		
P02760		
P03950		
P54315		
Q14994		
Q5VYM1		
Q66K64		
Q68D42		
Q6UWV2		
Q6UXN8		
Q6UY14		
Q6ZRS4		
Q86XU0		
Q96DN2		
Q96GM8		
Q9HCM1		
Q9NT99		
Q9NUG4		
Q9NYJ1		
Q9UNL4		
Q9Y3M8		
Q9Y4I5		
A6NNT2		
A8MW92		
O94813		
P16035		
P33981		
P37231		
P38398		
P42356		
P52744		
P84103		
Q14626		
Q2VIQ3		
Q3SY56		
Q68G74		
Q6W4X9		
Q7Z2Y8		
Q7Z6A9		
Q8IZS8		
Q8N8C0		
Q969J2		
Q96HE7		
Q96RJ3		
Q9H1H9		
Q9HBE1		
Q9HBL0		
Q9NS15		
Q9NYQ8		
A4D0S4		
C9J069		
E7ETH6		
O75808		
O95267		
P0DKL9		
P51617		
P78317		
P78363		
Q14588		
Q14CN2		
Q7L590		
Q8NFZ5		
Q8WWZ8		
Q96QT6		
Q9HC23		
Q9NSB2		
Q9P2D8		
Q9Y2Y1		
Q04900		
Q96LR4		
Q96NG5		
Q9BZM1		
Q9N2K0		
