Accession_number	Start	End
A6NGW2	1425	1480
O75093	241	306
O75093	460	545
O75093	704	753
O75093	886	1164
O75093	1330	1532
O75678	77	160
P04275	187	392
P04275	518	750
P04275	761	863
P04275	1013	1263
P04275	1900	1954
P04275	2156	2587
P04275	2614	2812
Q14585	76	487
Q6ZMT1	104	171
Q7Z7K2	148	321
Q7Z7K2	349	392
Q8IWV7	98	182
Q8IXZ3	330	433
Q8IZJ1	253	339
Q9BRZ2	1	232
Q9C0I4	123	264
Q9C0I4	304	899
Q9NRY6	94	174
Q9P203	615	643
Q9UL59	212	603
D6RCP7	79	131
O43915	107	343
Q12802	1799	1842
Q8N823	228	703
Q92918	594	621
Q92954	21	109
Q96LP6	11	121
Q9H2C1	24	133
Q9NQ11	286	366
Q9NZV7	325	412
Q9NZV7	442	526
Q9UK11	201	481
Q9Y297	67	136
O00451	145	359
O14545	0	142
O95274	107	233
P0DH78	15	87
P24278	231	258
P24278	327	414
P25445	40	191
Q13114	34	110
Q13114	137	266
Q14957	418	448
Q14957	1103	1179
Q2TV78	42	250
Q2TV78	289	318
Q2WGJ6	503	580
Q7Z4F1	312	430
Q86UF1	170	204
Q8NCW6	573	607
Q8TC92	59	143
Q8WXS8	463	742
Q8WXS8	861	1100
Q96L91	2385	2430
Q96NJ3	222	587
Q9BY79	273	310
Q9BY79	419	474
Q9BY79	527	572
Q9P2E3	1255	1575
Q9P2E3	1854	1893
A8MWY0	54	142
A8MWY0	285	437
A8MWY0	594	677
O00222	506	573
O60309	823	864
O75078	140	212
O75078	420	592
O75078	656	715
P16615	324	356
P43268	265	283
P55285	577	603
P98073	926	999
P98164	20	376
P98164	967	1425
P98164	2010	2038
P98164	2329	2378
P98164	2625	3199
P98164	3464	4056
P98164	4336	4425
Q03426	318	395
Q15031	471	520
Q86YH2	290	485
Q99675	265	323
Q9UHB6	412	469
Q9Y2H8	131	170
Q9Y2H8	397	682
Q9Y5Y6	449	624
A2VDJ0	1559	1608
A6NCW7	81	125
P26436	180	264
P36269	36	54
P55055	78	165
Q07954	23	200
Q07954	462	523
Q07954	792	1254
Q07954	1839	1899
Q07954	2153	2188
Q07954	2468	3023
Q07954	3286	3866
Q07954	4146	4407
Q6P9F0	460	565
Q6PK81	183	440
Q6ZVN8	21	48
Q6ZVN8	77	125
Q6ZVN8	143	169
Q7RTV3	157	253
Q8NG08	741	798
Q9H5I1	221	247
Q9H5I1	375	409
Q9HCU4	1227	1368
Q9HCU4	1560	1621
Q9HCU4	1742	1774
Q9HCU4	1785	2019
Q9P2D3	1011	1040
Q9UH90	5	146
A8MQ14	211	1089
O43155	621	652
O43291	121	196
O60242	296	556
O60242	1059	1096
P02748	34	163
P20155	29	83
Q06730	239	778
Q06732	205	777
Q0VG06	338	455
Q0VG06	588	702
Q0VGE8	191	650
Q2QGD7	176	449
Q5SVZ6	12	309
Q5SVZ6	444	500
Q6S9Z5	83	128
Q6S9Z5	210	257
Q8IVF1	61	134
Q8NHL6	146	183
Q8NHL6	379	410
Q8TER0	271	920
Q8TER0	1308	1372
Q9H6E5	538	585
Q9H9J4	89	154
Q9NRE2	173	245
Q9NRE2	357	421
Q9UBS8	307	357
Q9UBS8	391	470
C9JVI0	79	131
D6RBQ6	79	131
O15014	289	316
P0C7U3	108	156
P56715	1237	1321
Q76L83	1392	1434
Q7Z6R9	178	222
Q9H8J5	39	145
Q9NQ32	233	304
Q9NRR2	181	265
Q9UKG1	303	389
Q9Y5U5	35	149
A0A1B0GTH6	445	512
O00548	182	527
O00755	240	348
O15537	26	86
O43866	57	120
O43866	169	246
O75095	107	456
O75095	502	1504
P01871	0	28
P01871	65	120
P01871	273	336
Q13117	189	212
Q14584	80	547
Q15139	287	328
Q15910	272	338
Q15910	491	614
Q2KHN1	6	168
Q68CJ9	134	235
Q6ZMP0	287	341
Q6ZMP0	368	414
Q6ZMP0	627	1017
Q6ZWJ8	77	664
Q6ZWJ8	683	1221
Q6ZWJ8	1337	1546
Q86XK2	850	903
Q8IU81	493	583
Q96GW7	642	711
Q9BUA6	42	96
Q9BYD5	0	74
Q9UBX7	195	266
Q9Y2G3	1098	1156
A8MUK1	79	131
Q01973	210	253
Q01973	273	394
Q05707	1401	1456
Q14315	1000	1121
Q16671	68	123
Q4G163	625	684
Q86YW7	65	129
Q96T88	285	382
Q96T88	480	546
Q9BTC0	258	326
Q9BTC0	386	431
Q9HC10	1245	1290
O75326	479	537
O94956	472	507
P07204	171	477
P0CH99	122	299
P15289	156	181
Q13822	46	162
Q16515	318	378
Q6ZN32	203	245
Q7Z407	3014	3121
Q9HBH9	211	234
Q9HBH9	299	316
Q9UL17	328	357
Q9UPT8	390	490
P16471	593	620
Q03923	90	589
Q13888	267	394
Q60I27	566	656
Q8N8U9	64	368
Q8N8U9	567	684
Q8WYQ5	143	164
Q9BZR9	0	191
Q9HCL3	163	532
Q9UHA3	0	44
A8MT70	109	161
C9JJH3	80	123
O75094	250	303
O75094	457	527
O75094	691	745
O75094	880	1144
O75094	1291	1522
O75820	135	625
O95868	12	118
P01178	9	124
P51693	56	215
Q13129	706	825
Q13129	930	987
Q13129	1301	1497
Q13129	1520	1602
Q14953	131	211
Q5T1R4	1732	1818
Q63HN1	70	117
Q6ZP01	321	483
Q86Z20	246	302
Q8NB50	136	347
Q8NB50	358	876
Q8WWW0	117	186
Q93052	397	462
Q93052	568	595
Q96F81	68	159
Q96F81	1250	1323
Q9BY15	17	109
Q9Y442	92	159
O43189	90	145
P05160	114	182
P05160	261	353
P14210	109	453
P43694	203	310
Q15057	395	427
Q16760	178	210
Q3SXZ3	89	476
Q6NUS6	90	109
Q7Z5L0	140	201
Q86YR6	23	124
Q8WTU2	110	139
Q8WTU2	268	306
Q8WTU2	378	452
O76015	30	122
O94889	224	277
P0C7I0	80	128
P35789	106	618
Q6ZS27	197	425
Q71F56	1151	1171
Q96HD1	128	352
Q96LD1	237	298
Q9BU40	27	192
Q9BU40	246	360
Q9BV87	255	364
Q9H582	403	565
Q9H582	943	995
Q9H582	1023	1074
Q9HC78	233	258
A2RUB1	23	70
O75132	136	175
O75132	286	324
O75132	458	519
O75132	547	574
P10589	79	154
P54764	233	339
P54764	351	391
Q12791	675	750
Q13214	513	560
Q15928	101	473
Q5T2Q4	0	137
Q6P5X7	20	70
Q8NF50	180	218
Q96K80	37	170
Q96NW7	1428	1449
Q9C0G0	167	283
Q9C0G0	518	642
Q9C0G0	703	787
Q9C0G0	1360	1428
Q9C0G0	1525	1560
Q9C0G0	1672	1833
Q9NS68	19	160
Q9NS68	209	269
Q9UK28	60	142
Q9UNK4	38	107
A0A590UJ96	276	302
A0A590UJ96	644	673
C9JH25	684	703
C9JH25	713	744
O95436	618	649
P0CI00	119	299
P14415	118	168
P28702	195	276
Q30KQ8	33	102
Q5TB30	351	393
Q5TYX0	447	475
Q6T4R5	780	835
Q6ZUB0	92	148
Q86VK4	266	357
Q96GX1	170	200
Q96LA5	349	389
Q96PZ7	324	387
Q96PZ7	916	943
Q96PZ7	2438	2560
Q96PZ7	2893	2988
Q9BU19	320	465
Q9HCX3	112	641
Q9NY15	18	359
Q9NY15	658	687
Q9NY15	705	997
Q9NY15	1258	1583
Q9NY15	1934	2242
Q9UJW2	47	152
Q9UJW2	259	319
O14901	208	257
O14901	351	481
O94929	103	169
O94929	203	272
P08F94	3295	3333
P22897	1067	1090
P43652	75	133
P43652	259	333
P43652	483	537
Q13615	1083	1184
Q14839	362	421
Q14839	442	509
Q68DI1	175	517
Q8NEB7	98	134
Q969M2	250	288
Q96HI0	174	233
Q9BYV6	122	164
Q9Y6L7	725	838
O14639	44	109
O14639	179	342
O15541	191	318
O43597	166	302
O75445	45	107
O75445	513	1069
O75445	2031	2049
O75445	3159	3456
O75445	3663	3678
O75445	4801	4830
P04733	0	60
P22692	18	117
Q75N03	128	193
Q8N806	48	140
Q8TC27	329	541
Q8TC27	590	662
Q8WYP3	227	283
Q8WYQ9	778	818
Q9H013	335	681
Q9NP50	1	70
Q9NQX0	161	252
Q9NQX0	484	582
Q9NWH9	391	440
P00325	91	120
P26010	32	94
P26010	469	680
P98168	285	584
Q147U1	169	297
Q147U1	380	532
Q587J7	256	311
Q5T7W0	148	222
Q5TYW1	193	329
Q5TYW1	340	1058
Q5VZB9	84	135
Q96EG1	159	195
Q96EG1	500	522
Q9BWF3	140	195
Q9H9P5	27	160
Q9H9P5	184	324
Q9NYJ7	265	468
Q9UBN6	88	175
Q9UHC7	52	113
Q9UHC7	205	343
Q9UHV7	883	961
Q9UKT9	97	272
Q9Y282	118	195
O15156	341	465
O94806	256	329
P52746	261	407
P52746	474	604
P52746	1167	1302
P52746	1417	1571
Q01954	899	975
Q13772	320	435
Q15560	245	298
Q5JVG2	167	811
Q6ZN11	112	399
Q8N1G1	945	1035
Q8NHY6	377	832
Q8TB24	205	246
Q92800	284	364
Q92800	495	612
Q96DN6	20	85
Q96NS1	8	44
Q9C040	28	167
Q9P1T7	158	245
A6NL88	75	132
P48509	146	201
P51587	1976	2012
P51587	3182	3238
P56705	195	241
P56705	264	345
Q01974	233	328
Q86V20	57	93
Q86V20	122	235
Q8IXZ2	650	800
Q8NEG5	136	280
Q8NEG5	444	556
Q8TC21	180	500
Q8TD26	1615	1651
Q96QE2	421	488
Q9BYW2	816	842
Q9BYW2	1447	1551
Q9UM63	0	172
A0A2R8Y4M4	26	82
A0AUZ9	130	227
O00253	80	131
P09544	278	357
P34096	48	146
P49862	125	240
Q3V5L5	656	791
Q5FWF6	187	423
Q6ZNH5	100	493
Q6ZWE6	507	539
Q6ZWE6	675	760
Q8IWT3	2043	2096
Q8IWT3	2148	2303
Q8N988	122	422
Q96HQ0	246	507
Q96LC7	411	491
Q96MC9	91	159
Q9BWW7	202	327
O00622	18	172
O00622	184	375
O15165	0	55
O95785	404	446
O95785	845	905
P04003	323	455
P04003	467	581
P0CW18	215	314
P17040	692	821
P17040	872	1036
Q14766	354	444
Q14766	537	735
Q14766	867	1716
Q14831	514	585
Q15650	148	251
Q6ZMY9	171	338
Q6ZMY9	366	478
Q86TJ5	228	537
Q8IVW1	96	118
Q9GZT5	359	410
O14905	180	246
O14905	281	356
O15230	63	132
O15230	293	878
O15230	1420	1680
O15230	1819	2176
P17031	150	322
P17031	353	532
P36551	162	207
P62736	9	49
Q0WX57	79	131
Q15468	1000	1034
Q6ZVC0	572	647
Q70EL2	578	661
Q7Z478	637	667
Q8N8Z8	93	692
Q96EG3	261	523
Q96JF6	114	735
Q9H2E6	508	554
Q9NR50	390	415
Q9NXF8	119	168
Q9UHK0	162	215
A8MUZ8	117	299
O94769	60	172
O95631	43	116
O95631	251	457
P08833	27	89
P08833	198	258
P17032	169	553
P58215	112	159
P58215	341	417
Q2L4Q9	180	326
Q2L4Q9	437	485
Q496Y0	146	204
Q496Y0	457	522
Q5THK1	1267	1321
Q6UW56	3	35
Q6UW56	146	202
Q6ZNE9	509	570
Q7Z3D6	138	280
Q7Z3V5	72	291
Q7Z3V5	326	458
Q8TCV5	34	138
Q96JP5	491	541
Q9H8W4	138	228
Q9HCK1	1144	1197
Q9HCK1	1548	1628
Q9NS98	521	587
Q9NS98	724	764
Q9UGU0	1888	1936
P21128	9	154
P21912	88	119
Q14940	597	652
Q6ZS92	40	95
Q8IYB8	249	278
Q8N7R0	140	227
Q8WV99	0	73
Q8WV99	88	141
Q8WWR8	218	280
Q9ULI3	1000	1058
Q9ULI3	1165	1270
B7Z6K7	48	169
B7Z6K7	199	854
O75129	512	553
O75129	608	635
O75129	646	770
P01225	70	128
P40126	10	129
Q6PEX3	17	171
Q6ZRK6	657	743
Q96AX9	916	954
Q9BXT8	22	128
Q9C035	0	82
Q9H772	68	164
Q9HCK0	318	363
Q9UKR8	147	199
Q9UL40	127	264
Q9Y5G0	719	798
Q9Y5X4	36	119
A0A7P0TAN4	199	640
O00337	614	648
O43567	216	285
O60260	153	207
O60260	314	398
P17927	229	360
P17927	453	522
P17927	582	612
P17927	673	811
P17927	903	1014
P17927	1034	1064
P17927	1129	1263
P17927	1355	1419
P17927	1627	1722
P21754	292	335
P28799	12	182
P28799	203	340
P28799	359	422
P28799	437	584
Q06587	8	109
Q6GPH4	0	187
Q6ZMV8	110	383
Q6ZMV8	397	502
Q6ZVZ8	215	336
Q8N816	0	28
Q8TDX9	270	313
Q8TDX9	2353	2456
Q8TF17	327	385
Q96FT7	280	388
Q96H40	111	180
Q96H40	199	462
Q9NXL9	166	204
Q9Y473	237	457
A0A1W2PPM1	262	323
A2VEC9	73	167
A2VEC9	357	569
A2VEC9	727	1019
A2VEC9	1167	1524
A2VEC9	1646	1690
A2VEC9	1944	2032
A2VEC9	2219	2295
A2VEC9	2592	2738
A2VEC9	2831	3010
A2VEC9	3022	3211
A2VEC9	3238	3446
A2VEC9	3515	3600
A2VEC9	3700	3769
A2VEC9	3779	3867
A2VEC9	4046	4177
A2VEC9	4295	4545
A2VEC9	4600	5149
C9JN71	102	530
O14559	281	332
O14836	29	114
O60296	634	688
O60711	128	201
P0DPK3	19	269
Q13398	198	563
Q14393	47	285
Q15784	189	226
Q15784	260	320
Q8N4W9	228	902
Q96LW9	239	404
Q9BX63	286	314
Q9H0D6	251	294
Q9NRA1	275	344
Q9UKP5	371	395
Q9UKP5	452	723
Q9UKP5	842	1116
Q9Y2J0	82	147
Q9Y2X0	743	843
O95376	233	348
O95388	39	264
P02765	128	155
P02765	179	254
P13497	546	599
P13497	690	787
P54753	365	400
Q02643	0	111
Q5U651	409	473
Q6H8Q1	120	163
Q6PDB4	184	575
Q6X784	275	326
Q8NC67	301	335
Q8NDW4	351	575
Q96HF1	104	192
Q9UP79	116	133
Q9UP79	323	356
Q9UP79	367	386
Q9UP79	421	604
Q9UP79	651	698
Q9Y2Q1	103	561
A0A8I5KTY6	33	268
O14763	82	181
P04628	129	160
P04628	210	235
P04628	280	369
P31512	5	41
Q13133	91	174
Q17RS7	241	329
Q6A163	6	84
Q7LDG7	518	555
Q8N587	230	485
Q8NAJ2	76	132
Q8NDA2	435	474
Q8NDA2	1016	1039
Q8NDA2	1062	1116
Q8NDA2	1313	1373
Q8NDA2	2196	2283
Q8NDA2	3460	3546
Q8NDA2	3700	3783
Q8NDA2	4619	4828
Q8NDA2	4839	4994
Q8TF40	70	135
Q8TF40	590	637
Q8TF40	854	909
Q96MU6	128	688
Q9BWX5	162	280
Q9NR71	347	392
Q9NYQ7	1380	1523
Q9NYQ7	1718	1743
Q9NYQ7	1900	2136
Q9UBT6	576	662
Q9UBT6	755	812
Q9UKI3	83	122
Q9ULC8	100	139
Q9Y2I2	57	104
Q9Y2I2	299	508
Q9Y2W3	357	386
O60941	243	284
O95886	309	344
O95965	46	493
P10275	518	636
P81408	278	361
Q01201	183	230
Q15785	34	75
Q68CP9	1622	1696
Q6UWE0	667	722
Q6ZMZ0	195	264
Q6ZN55	58	103
Q6ZN55	303	411
Q6ZN55	463	680
Q7Z6E9	130	199
Q7Z6E9	249	329
Q86Y25	202	378
Q86Y25	405	525
Q8ND23	147	171
Q9NNW5	958	999
O43609	168	302
O75603	66	160
P01024	678	728
P07288	192	247
P10074	289	584
P17014	103	203
P17014	257	445
P17014	485	612
Q13315	1878	1899
Q5KSL6	334	464
Q5VWQ8	146	191
Q8NBP7	467	691
Q9H0A6	149	182
Q9H0A6	281	361
Q9H2Y9	541	622
Q9HCF6	69	116
O43309	263	606
P00747	140	357
P00747	401	460
P00747	515	588
P22079	231	293
P80370	17	259
Q03403	25	128
Q6UXH9	15	103
Q6UXH9	238	300
Q6UXH9	317	358
Q6UXH9	411	446
Q7Z6J4	448	500
Q8IWY8	641	848
Q96N77	241	346
Q9NWS1	408	470
Q9NZR2	22	202
Q9NZR2	475	514
Q9NZR2	786	1251
Q9NZR2	1516	1564
Q9NZR2	1797	1899
Q9NZR2	2139	2176
Q9NZR2	2463	3013
Q9NZR2	3282	3884
Q9NZR2	4194	4423
Q9UDY6	2	76
Q9UHJ3	596	668
Q9UHR6	0	68
O43506	418	665
O43610	141	269
O75317	166	245
P01133	302	472
P01133	745	962
P22681	375	436
P36941	40	180
Q14517	3743	3840
Q14517	3966	4172
Q5T890	423	449
Q7Z3T8	739	812
Q7Z6J8	180	219
Q86YW9	1632	1684
Q8WXI9	405	462
Q9BZP6	429	474
Q9UKK3	1487	1559
Q9UKP3	0	65
Q9UKP3	158	186
Q9UKR0	172	225
Q9Y5Y9	304	338
Q9Y5Y9	1097	1143
A6NN14	112	773
A6NN14	788	894
A6NN14	1037	1251
D6RJB6	79	131
O60229	1641	1728
O60229	2462	2492
O60494	117	485
O60494	1606	1621
P09958	575	670
P55197	10	64
P55197	125	210
Q6R327	1477	1570
Q7Z6J0	0	67
Q86UU1	106	145
Q8IZY2	1152	1180
Q8NAP8	339	436
Q96NL3	247	587
Q9P107	491	524
Q9Y215	347	454
Q9Y6Q2	218	269
O75362	677	748
Q8WZ73	33	97
Q8WZ73	304	356
Q92832	259	809
Q92876	170	232
Q96GX5	212	253
Q96GX5	331	484
Q9HCU0	154	344
Q9UIF8	1940	1991
O00292	286	340
O14786	577	633
O15303	511	571
O60477	402	476
P04070	84	193
P22736	262	338
P48060	182	216
P56703	131	167
P56703	186	228
P56703	271	354
Q6P3X8	556	591
Q8IZC6	224	267
Q8WXD0	37	139
Q96I82	36	172
Q9H4F8	30	149
Q9H4F8	216	299
Q9Y219	212	998
O43147	432	487
O60688	2	36
O95628	5	68
P49796	416	484
P78549	278	303
Q13367	935	954
Q14112	471	541
Q14112	751	993
Q14112	1007	1081
Q15772	76	132
Q15772	1130	1156
Q15772	1456	1491
Q15772	2633	2655
Q5TA31	0	135
Q6DT37	885	931
Q6P1K8	267	394
Q6UWN5	62	219
Q8IZE3	418	493
Q8NA97	7	45
Q8NBI3	270	348
Q8TC41	406	474
Q8TE02	157	204
Q8TF50	469	552
Q8TF50	570	593
Q92994	0	38
Q9C0B6	284	315
Q9C0B6	425	496
Q9H981	276	300
Q9UI47	202	267
P07478	123	218
P43627	166	209
P46934	289	442
Q04912	86	134
Q04912	153	186
Q04912	546	622
Q13873	77	136
Q14117	317	344
Q5VU97	107	174
Q5VU97	947	1083
Q5VYP0	1243	1272
Q86UQ0	198	363
Q8IYD8	909	978
Q8IYD8	1018	1064
Q8IZ26	238	558
Q8NEP9	90	627
Q8TCN5	629	719
Q8TCN5	748	829
Q9BXJ7	194	250
Q9H2S5	72	156
Q9H2S5	273	293
Q9H714	598	658
Q9UL36	0	311
Q9UL36	642	771
Q9UL36	962	1077
Q9UL36	1156	1273
Q9UL36	1631	1807
Q9Y4K3	53	116
Q9Y4K3	137	262
A6NK02	0	156
O00139	493	579
O60281	2361	2418
P41235	48	132
P51610	1876	1899
Q7Z699	326	440
Q86UA6	112	215
Q86UD3	12	107
Q86UW6	1363	1408
Q8IXT1	523	649
Q8TEP8	400	420
Q8TEP8	1301	1376
Q8WY21	689	795
Q92785	265	390
Q96PV0	191	239
Q9C0A6	80	122
Q9UJU3	187	891
Q9Y4K0	256	325
Q9Y4K0	370	436
Q9Y4K0	519	593
P06734	245	290
P0DJG4	196	269
P21291	109	188
P35555	57	393
P35555	435	1718
P35555	1803	2689
Q14520	65	212
Q14520	230	264
Q5T0B9	219	410
Q5T749	112	242
Q6ZTB9	0	186
Q7Z3I7	119	518
Q8IZH2	1437	1505
Q8WX77	37	138
Q96H79	91	129
Q9BZ11	337	687
Q9NXW9	5	36
Q9Y6V0	2959	2981
A6NGJ6	4	138
P18084	18	87
P18084	454	662
P19525	115	152
Q15911	626	754
Q15911	2998	3036
Q16587	245	454
Q16587	509	572
Q494X3	257	551
Q5IJ48	39	453
Q5IJ48	596	627
Q5IJ48	778	894
Q5IJ48	1041	1227
Q5VWI1	123	157
Q6UWN0	124	172
Q86UK7	12	66
Q86V71	165	650
Q8IUW3	356	417
Q8NB42	212	608
Q96AE4	142	163
Q96LW1	202	326
Q96LW1	343	611
Q96QV1	52	94
Q96QV1	578	694
Q9BUH8	117	195
Q9H270	805	869
A6NF34	421	591
O15016	0	46
O15016	97	144
O15016	1098	1195
P06731	279	332
P06731	462	501
P07814	313	378
P11047	35	93
P11047	282	512
P11047	667	1047
P17027	153	600
P23327	624	683
P25391	269	517
P25391	703	1168
P25391	1336	1570
P78504	37	81
P78504	202	999
P98088	210	443
P98088	603	890
P98088	1057	1321
P98088	1397	1482
P98088	1574	1688
P98088	1947	2058
P98088	3214	3327
P98088	4622	4743
P98088	4772	4831
P98088	4861	4924
P98088	5203	5620
Q6P2D0	174	406
Q8IUB2	28	214
Q9H4I2	67	141
Q9H4I2	461	560
Q9NSJ1	66	143
Q9NSJ1	195	427
Q9ULH1	446	470
Q9Y5F8	717	753
O00744	210	271
O00744	309	382
O43151	950	1013
O43151	1032	1157
P56706	266	348
Q13434	81	149
Q13434	240	366
Q8IXL7	71	167
Q8IY33	179	240
Q8N883	171	353
Q8N883	419	572
Q96NU0	545	604
Q96NU0	678	764
Q96NU0	919	999
Q9ULL0	92	163
Q9ULL4	329	375
Q9ULL4	526	603
Q9ULL4	795	843
Q9ULL4	1075	1127
Q9UQP3	78	265
A0A5F9Z9Y6	124	184
C9J2P7	79	131
O00187	130	214
O94941	474	540
P13942	1563	1611
P17036	196	426
Q13308	185	227
Q13464	1221	1295
Q16363	58	316
Q6DN72	154	204
Q6UX71	317	374
Q86SQ6	350	403
Q9BX73	70	140
Q9BZC1	202	227
Q9UBZ4	82	120
Q9ULX5	45	117
O14709	344	990
O95428	62	191
O95428	291	530
O95428	714	806
O95428	1230	1277
P08253	327	352
P17029	372	562
Q13621	450	471
Q14541	0	83
Q6P9F5	5	114
Q86TJ2	0	43
Q86XP1	186	227
Q8IZF5	185	227
Q96PM5	16	153
Q96SQ5	213	571
Q9BUB5	210	266
Q9BXP8	581	663
Q9BXP8	746	823
Q9BXP8	876	940
Q9BXP8	1091	1249
Q9BXP8	1371	1499
Q9BXP8	1570	1790
Q9H1J5	244	341
Q9UHC6	553	603
Q9UHC6	954	1007
Q9UI33	283	328
Q9Y6I4	12	112
A2CJ06	243	302
A6NLI5	6	136
O43900	22	62
O43900	280	364
O95294	670	768
Q15942	368	571
Q5EBL2	32	224
Q5EBL2	451	640
Q8N1G0	588	609
Q8N1G0	660	883
Q8NA31	552	615
Q96KR4	127	173
Q96KR4	429	503
Q9NY59	490	554
Q9NYY3	436	473
Q9P1Y6	100	260
Q9UL58	364	515
Q9UM73	452	477
Q9UM73	888	914
Q9UM73	1000	1045
Q9Y5K2	181	212
P29459	56	114
Q16586	213	233
Q3SY46	0	143
Q5TCQ9	1	67
Q8IYX0	73	410
Q8NA42	168	474
Q96BT7	327	365
Q96C24	52	117
Q9NR80	187	207
Q9UHF1	28	176
A0A5F9ZHS7	178	226
A6NMN3	77	135
O00110	70	187
P0CJ78	549	635
P0CJ78	655	688
P0CJ78	831	1038
P38935	879	948
Q14512	61	149
Q14679	85	141
Q14679	403	433
Q15361	863	904
Q6PJI9	383	456
Q6ZMY6	410	448
Q86TC9	333	359
Q86TC9	483	535
Q8NG31	289	337
Q8NG31	406	489
Q8NG31	746	850
Q8NG31	931	984
Q8NG31	1133	1186
Q9HAW0	9	58
Q9NPF0	52	162
A7XYQ1	134	222
O75051	506	562
O75051	814	850
P10073	259	490
P52594	16	73
P78312	93	162
P78312	477	531
Q12901	156	537
Q13064	258	291
Q15365	176	200
Q15365	210	245
Q15365	262	289
Q4G112	440	472
Q5SWA1	235	271
Q8IZP6	186	309
Q8NA69	230	303
Q92750	338	355
Q92750	571	631
Q9H706	344	399
Q9NYB5	469	492
Q9UKA4	449	495
Q9UKA4	766	803
Q9UKA4	1510	1540
Q9UKA4	1565	1616
P13682	214	401
P13682	442	526
P25490	281	412
P62684	482	600
Q04721	19	1542
Q13751	19	88
Q13751	220	593
Q3T906	445	492
Q4VC12	113	143
Q6ZN04	513	568
Q86WZ6	248	798
Q8IUL8	112	272
Q8IUL8	370	457
Q8N143	296	391
Q8N2R0	165	310
Q8NEM7	194	374
Q96S38	792	827
Q9BXR6	198	242
Q9BXR6	365	568
Q9NRM6	247	285
Q9UK13	107	597
O15072	337	384
O15072	500	721
O15072	859	1058
O95780	106	182
O95780	218	497
P08048	420	798
P08069	166	350
P0C6A0	207	272
P50549	277	327
Q03112	241	431
Q6ZN30	789	904
Q6ZN30	1021	1082
Q7Z713	94	151
Q8IZN3	161	213
Q8IZN3	292	315
Q8N8Y5	57	197
Q8NHK3	126	197
Q96EF0	532	670
Q9NYF0	177	299
Q9NYJ8	16	77
Q9Y490	1423	1584
A6NDX5	137	524
A6NDX5	544	712
O94953	655	708
O94953	739	806
P00441	99	120
P04731	0	59
P22105	109	169
P22105	183	797
P37173	37	79
P37173	212	235
P61968	44	82
P98153	227	368
Q16651	152	181
Q16651	210	246
Q7Z3K3	364	409
Q7Z3K3	492	578
Q7Z3K3	740	812
Q86YJ5	99	155
Q99684	229	421
Q9HCI7	46	89
Q9HCI7	241	320
Q9HCI7	460	514
Q9UKJ8	396	547
Q9UKJ8	634	665
Q9Y337	153	282
O75081	544	595
P13688	281	347
P19544	206	303
P78364	790	859
Q13643	0	279
Q8N3J9	107	260
Q8N475	47	147
Q8TCU4	2562	2601
Q9BUL5	331	391
Q9BYN7	318	377
Q9BYN7	485	735
Q9NZF1	21	106
Q9UJW0	4	139
Q9UPW0	182	203
O15060	553	662
O94855	290	369
P01877	70	216
P49747	56	290
P57727	366	409
P98161	145	276
P98161	478	540
P98161	637	682
P98161	711	751
P98161	3414	3433
Q14D33	129	154
Q15746	1156	1183
Q15746	1808	1900
Q5JSP0	537	587
Q68DV7	290	340
Q7L622	75	105
Q7L622	232	309
Q8N3T1	500	575
Q8NEZ3	1237	1326
Q8TDM5	14	106
Q92956	24	200
Q99676	218	750
Q9H0B3	226	282
Q9H0B3	1013	1080
Q9P278	934	999
Q9Y466	4	98
A0PJX4	38	77
A6NK53	188	232
A6NK53	291	667
O14525	470	492
O14525	565	687
O60337	0	35
O60635	142	207
P01876	115	229
P03973	31	130
P32942	326	353
P52740	167	705
Q14995	91	204
Q14995	312	398
Q6ZR52	40	81
Q6ZR52	149	644
Q86XN8	594	650
Q8IZ20	22	88
Q8IZ20	336	462
Q96NJ6	112	501
Q9P021	45	100
Q9UPT6	836	863
A8K0R7	692	765
O75962	1672	1732
P00751	61	228
P52742	195	655
Q06203	482	516
Q13574	130	207
Q6ZSB9	389	607
Q8N328	543	592
Q8NBR9	95	128
Q92502	200	267
Q92502	753	809
Q92802	266	391
Q96FV2	285	333
Q96HA4	50	114
Q96I27	56	290
Q96K83	110	228
Q96K83	241	333
Q96K83	584	644
Q96K83	878	1009
Q96K83	1079	1113
Q96K83	1216	1266
A2RRD8	134	507
O14978	373	677
O43683	671	722
O60765	209	604
P06213	169	363
P17023	150	457
P48200	104	146
P54107	170	248
Q13370	294	314
Q16206	82	129
Q49AG3	99	159
Q5T4S7	1649	1736
Q5T4S7	3652	3731
Q5T4S7	3846	3878
Q6ZN08	66	570
Q8IWV8	86	177
Q8IWV8	1108	1210
Q8IWV8	1605	1663
Q8NDX6	142	191
Q8TE56	435	475
Q8TE56	486	724
Q8TE56	805	1094
Q92622	886	968
Q96SZ4	333	499
Q96SZ4	520	706
Q9BWT1	249	344
Q9NWW7	211	252
Q9ULW2	79	148
O43497	282	335
O95863	154	262
P0CG23	487	618
P17039	74	622
P51508	228	286
P51508	343	660
P62079	162	207
Q3MJ16	200	332
Q3MJ16	731	804
Q685J3	4127	4194
Q685J3	4340	4387
Q6ZMW2	121	181
Q6ZMW2	234	696
Q6ZSZ6	215	274
Q8IV04	75	130
Q8NFP4	571	646
Q8TD23	90	567
Q9C0E4	483	503
Q9NQX1	167	628
Q9NRA0	73	124
Q9UKQ9	176	238
A0JP26	93	125
O60683	264	323
P07202	124	173
P07202	238	339
P07202	702	853
P10646	138	285
P29320	218	324
Q3LI83	10	206
Q8ND94	38	85
Q8TDB6	551	602
Q8TDI0	336	389
Q8TDI0	412	475
Q99469	103	209
Q9UN71	720	802
Q9UQ26	118	186
P51449	22	110
Q4V348	153	818
Q5JZY3	232	329
Q6QN14	79	131
Q6ZNA1	182	935
Q86T29	182	569
Q9HAI6	39	139
Q9NQV6	519	600
Q9UBU2	71	138
Q9UBU2	168	258
Q9UPV7	121	189
O95361	71	177
O95460	210	384
P13385	70	158
P81133	426	470
Q2MV58	67	106
Q68DQ2	934	992
Q68DY1	93	511
Q7Z7L9	213	542
Q86UD4	174	531
Q8NHS0	128	158
Q8WV37	89	166
Q8WV37	195	342
Q92826	159	207
Q96ME7	279	345
Q9BY66	282	383
Q9BY66	1162	1211
Q9UNY5	318	441
O75140	734	796
P09486	67	151
P17098	249	491
P35442	306	468
P35442	481	729
P63128	486	601
Q02447	594	701
Q14159	748	832
Q4G0T1	198	243
Q4G0T1	258	285
Q4G0T1	359	395
Q4G0T1	405	444
Q4G0T1	573	598
Q4G0T1	711	726
Q4G0T1	770	805
Q6GMV2	84	145
Q7Z5P9	599	825
Q7Z5P9	1000	1277
Q7Z5P9	1476	1506
Q7Z5P9	1539	1643
Q7Z5P9	8200	8297
Q8N690	14	73
Q8NCP5	423	470
Q96BD5	480	550
Q99575	843	872
Q9BQB4	72	181
Q9NV72	292	528
Q9NVP4	186	404
Q9NXR8	350	417
Q9P0V3	276	332
Q9UBG7	46	133
Q9UJV9	567	608
Q9UK23	95	176
Q9UK23	304	425
O43313	71	221
P43353	396	413
P51523	207	735
Q13422	108	269
Q14525	0	74
Q3LHN2	0	51
Q6ZNG1	158	720
Q7Z333	0	17
Q8N393	69	98
Q8N393	373	762
Q9BZE0	224	321
Q9NW64	105	195
Q9NZ20	154	197
Q9UIE0	156	473
Q9Y6P5	218	291
A6NM62	320	374
O14492	297	346
O15496	57	164
O60687	70	203
O60687	260	325
P01031	690	734
P20393	144	224
P52737	136	539
Q52M93	171	365
Q52M93	427	767
Q5DID0	85	167
Q5DID0	505	552
Q5DID0	892	941
Q7L5Y9	294	395
Q7Z794	32	47
Q8IX06	394	425
Q8IX06	441	479
Q8N680	241	279
Q8N680	357	474
Q8N865	105	167
Q8N865	339	383
Q96MR9	197	245
Q96MR9	312	430
Q96MR9	508	787
Q9BS34	88	113
Q9BS34	124	388
Q9HBX8	29	65
Q9UDV7	508	652
Q9Y3Q7	375	605
Q9Y3Q7	616	667
O14981	894	946
O43150	320	379
O43790	0	48
P08118	10	113
P56270	274	440
Q8IV13	335	368
Q96P20	676	724
Q9BQ04	140	218
Q9UC07	115	564
Q9UHC1	568	621
A8MWA4	108	299
O95967	36	91
O95967	111	350
P29323	255	383
P49736	329	363
P59923	443	558
P59923	570	735
P59923	752	920
Q2TB90	691	738
Q5HYA8	41	198
Q8WXH5	67	131
Q8WXI3	233	299
Q96PX1	266	330
Q99075	103	154
Q99750	164	245
Q9BWH6	1013	1086
Q9NUC0	147	204
Q9UPN9	122	261
Q9UPN9	881	917
A8MTY0	103	618
P52943	0	82
Q05215	470	562
Q15776	310	570
Q4FZB7	272	353
Q5JRV8	152	200
Q5VXH4	447	475
Q6IQ21	124	245
Q6IQ21	284	334
Q6IQ21	417	534
Q6IQ21	592	683
Q8N5W8	47	93
Q8WYH8	174	239
Q92974	36	99
Q969W1	145	183
Q96CS4	146	481
Q96QA6	6	36
Q9BXB1	857	950
Q9GZU1	526	562
Q9P2R6	93	174
Q9P2R6	339	365
Q9P2R6	499	549
Q9Y4E8	269	325
P11474	70	150
P12955	236	261
P48357	71	110
P55198	0	27
P55198	118	186
Q15043	73	137
Q5JNZ3	229	635
Q6P3W6	3554	3601
Q6UXD5	331	369
Q6UXD5	455	545
Q6UXD5	698	731
Q86YT6	736	922
Q86YT6	952	1005
Q8NDP4	218	497
Q96B23	332	361
Q9BRH9	178	655
Q9BZC7	1519	1577
Q9P2F9	71	169
Q9P2F9	201	567
Q9UBP4	128	319
Q9UMF0	330	385
Q9UMF0	413	454
Q9UMF0	672	751
Q9UMF0	784	837
Q9UPQ4	15	75
O75541	108	209
P12107	1592	1636
P14543	366	436
P14543	654	920
P14543	1193	1246
P16415	151	609
P21580	471	550
P21580	588	688
P21580	759	789
P43235	133	233
P62068	160	244
Q16610	179	409
Q16610	422	514
Q5T7W7	421	494
Q6P387	28	115
Q8IZM8	809	871
Q8WUB8	370	486
Q96J02	125	192
Q9BZZ2	629	669
Q9BZZ2	683	715
Q9H2G9	291	399
Q9H336	285	322
Q9Y2A4	99	569
Q9Y2P0	106	498
A0A1B0GVS7	118	188
A1L3X4	0	48
A1Z1Q3	96	131
A8K979	587	650
O15063	292	347
O95718	71	173
P01033	136	205
P0C0L4	658	766
P36544	362	429
Q13224	1195	1256
Q49AA0	224	525
Q63HK3	750	944
Q7Z403	301	333
Q7Z408	2117	2159
Q7Z408	2857	2895
Q7Z408	3145	3166
Q7Z408	3214	3252
Q8N187	185	242
Q8N4Q1	32	109
Q9H1F0	35	78
Q9NUK0	0	95
Q9NUK0	169	250
Q9NYI0	248	270
Q9Y5R5	118	163
Q9Y5R5	274	319
Q9Y5R5	343	374
O43296	195	322
O43296	411	565
O95450	377	393
O95450	510	733
O95450	869	989
O95450	1000	1108
P07996	309	726
P36508	141	375
P57071	346	564
P98095	28	192
P98095	441	559
P98095	601	646
P98095	676	1083
Q13387	752	767
Q6ZRI0	92	141
Q6ZRI0	334	515
Q6ZRI0	669	999
Q6ZRI0	1408	1472
Q6ZRI0	2239	2280
Q6ZRI0	2290	2320
Q6ZRI0	2372	2924
Q8TF47	244	634
Q8TF76	370	488
Q8WWF5	273	365
Q96MU5	109	186
Q9BZV3	1000	1108
Q9NYT6	169	519
Q9NYT6	534	783
Q9UKS7	103	232
P07949	505	650
P10276	79	159
P28340	995	1039
P55010	94	149
P55259	175	232
P58397	359	378
P58397	495	626
P58397	646	706
P58397	843	985
P58397	1309	1587
Q4KWH8	1179	1255
Q4KWH8	1383	1457
Q68DN1	594	646
Q7Z442	163	236
Q8N184	245	643
Q8NHG8	145	221
Q9BXW7	345	378
Q9NQ79	515	604
Q9ULT6	283	356
Q9ULT6	554	599
O43439	493	546
O76011	0	79
P00749	18	91
P00749	288	304
P00749	357	425
P01859	15	60
P09871	581	640
P0CB33	59	411
P16109	118	773
P50461	0	93
P50461	108	193
Q14264	140	189
Q15654	264	292
Q15654	436	458
Q17RB8	101	164
Q6AHZ1	510	533
Q6AHZ1	1005	1036
Q7Z419	63	178
Q8IYD9	54	139
Q8TAX0	166	264
Q96IQ7	198	235
Q96IR2	207	562
Q96IR2	598	965
Q9BRN9	53	170
Q9UPQ7	81	187
A4D1P6	396	424
P33121	259	313
Q13591	488	959
Q86SR1	552	602
Q8N3F8	156	229
Q8N972	93	640
Q8TD17	331	586
Q8TF39	383	743
Q96AP4	169	244
Q96EK2	316	418
Q96JB6	98	167
Q96JB6	364	421
Q96JB6	500	530
Q96PN7	729	780
Q9H1K0	145	204
Q9P2G1	324	365
Q9P2G1	511	547
Q9Y5S2	1030	1090
O00472	83	143
O95714	2705	2792
P51786	93	505
Q02817	161	385
Q02817	587	630
Q02817	665	835
Q02817	989	1264
Q02817	1326	1397
Q02817	1774	1836
Q02817	4720	4768
Q02817	4790	5198
Q02817	5216	5275
Q15527	36	137
Q49AJ0	381	439
Q49AJ0	1025	1060
Q6ZN18	308	350
Q7Z4N2	1416	1490
Q86UK0	1841	1878
Q8IVP9	77	401
Q92576	705	781
Q99645	104	146
Q9BQ16	70	206
Q9BQ16	316	397
Q9H0B8	205	244
Q9H0B8	275	315
Q9NXT0	50	398
A6NP11	66	494
P35354	13	54
Q14533	0	49
Q15424	425	481
Q5T848	372	413
Q63HQ2	543	588
Q63HQ2	775	822
Q6R6M4	85	129
Q8IWY4	33	457
Q8IWY4	583	816
Q9HAS3	656	690
Q9HBD1	399	453
Q9HDB9	530	599
Q9UBW7	332	759
Q9UJY4	329	391
O00238	23	106
P10153	69	160
P98182	247	394
Q15406	47	132
Q5VZ89	1070	1087
Q5VZ89	1471	1547
Q6ZT77	104	176
Q86U44	253	344
Q8NFA0	454	528
Q8NFA0	720	749
Q8NFA0	1037	1064
Q8NFA0	1223	1268
Q8WU68	133	184
Q9H0E7	311	347
Q9P0K1	386	595
Q9P0K1	675	722
Q9UIJ5	119	166
D6R901	79	131
O00144	97	150
O15197	278	370
O43164	614	683
O75443	592	635
O75443	942	1081
O75443	1273	1486
O75443	1707	1812
O95202	36	101
O95985	690	740
P0C874	92	148
P0CW20	60	116
P10827	38	117
Q02509	91	217
Q02509	321	409
Q03405	12	48
Q03405	62	307
Q15486	71	133
Q68DK2	1216	1268
Q68DK2	1809	1878
Q8IW36	131	332
Q9BSG1	169	423
Q9Y2A7	568	597
A0AAG2SVG9	23	124
P10109	97	177
P14784	324	388
P49840	379	428
P52747	219	445
Q8IUH5	435	470
Q92782	257	386
Q96A56	119	140
Q96IW7	148	185
Q9BZL6	165	194
Q9BZL6	280	322
Q9C019	0	121
Q9UKQ2	373	575
Q9UKQ2	590	664
Q9UMN6	1226	1403
A0A140TA62	24	121
P35590	216	372
P49711	265	577
P51805	490	547
P51805	648	748
Q07011	16	149
Q08629	65	204
Q08629	312	369
Q14191	914	959
Q8TDD2	271	343
Q93097	306	390
Q96P48	665	729
Q96RE9	235	602
Q9P243	912	1021
Q9UEG4	140	541
Q9UEG4	650	689
Q9Y2K1	201	264
Q9Y2K1	502	622
A1YPR0	347	397
O95159	80	116
P09884	1255	1321
P51504	37	142
P53041	456	479
Q12836	112	183
Q12836	433	475
Q8NCK3	100	437
Q96H86	165	354
Q9BWM5	128	574
Q9H2C0	266	292
Q9NQ38	87	416
Q9NQ38	994	1044
O14490	201	245
O14490	438	508
O76009	0	79
O76009	358	403
P05067	281	357
P10826	79	160
P15976	70	110
P15976	192	294
P17787	369	405
P26842	20	126
P43489	12	148
P98175	194	247
Q12899	1	77
Q13029	1307	1368
Q13106	129	436
Q13201	228	291
Q13201	1007	1084
Q15375	225	336
Q53EL9	809	892
Q6UXV0	187	274
Q6ZRF8	13	162
Q86UX7	171	221
Q86YI8	221	295
Q8ND25	134	180
Q9UK53	347	412
Q9UPG8	58	211
Q9UPG8	246	279
A0A0G2JLG4	344	410
B4DH59	21	290
O75581	271	315
O75581	1198	1357
P00740	33	192
Q08ET2	149	225
Q13145	18	121
Q13145	200	236
Q15935	87	541
Q52LR7	399	466
Q8IZJ3	1659	1753
Q8N6C8	276	302
Q96A83	113	147
Q96Q42	221	268
Q9C0F3	131	469
Q9NZU5	15	70
Q9UGM5	211	261
O14594	1006	1119
O14594	1218	1270
O15151	297	342
O15151	425	488
P07358	54	165
P07358	499	562
P49767	163	185
P49767	215	418
P51522	61	242
P51522	273	327
P51522	422	511
P55157	851	892
P56915	77	135
P78357	938	999
Q2VY69	135	592
Q5T1V6	97	142
Q6UWL2	27	55
Q6UWL2	70	251
Q6UWL2	262	286
Q6ZN79	147	299
Q7Z5L9	496	583
Q8N490	317	373
Q9H116	315	617
A6BM72	72	835
O43593	591	700
O75339	130	244
O75339	419	503
P23352	48	116
P23352	127	189
Q14134	164	261
Q86VF2	1126	1204
Q8NCA9	52	148
Q8NCA9	196	272
Q96G46	117	213
Q96PC2	213	252
Q99835	105	223
Q9H898	1	109
Q9NQW5	169	224
Q9UKP4	107	177
Q9UKP4	347	378
Q9UKP4	391	415
Q9UKP4	492	595
Q9UKP4	645	710
Q9UKP4	839	984
Q9UKP4	1414	1676
Q9UNE2	83	146
Q9Y5F9	719	795
Q9Y5X9	297	329
Q9Y6C2	558	606
O43451	86	129
O43451	2312	2375
Q14990	33	87
Q14990	110	249
Q15075	1345	1410
Q4G1C9	203	236
Q86T03	75	155
Q86T03	175	214
Q8N7K0	114	672
Q8N9Z0	216	349
Q8NHY2	153	179
Q8TBZ5	133	543
Q96RD9	149	186
Q96S65	226	305
Q99650	846	874
Q9BR11	290	389
Q9BSK1	74	384
Q9P218	1025	1068
Q9UPT5	280	356
Q9Y620	197	264
Q9Y620	818	878
Q08380	99	133
Q15027	626	645
Q32P44	295	324
Q3KNS6	140	431
Q495C1	0	63
Q68BL7	25	110
Q8TB69	117	539
A8MUP2	13	34
O60637	141	197
O75882	87	150
O75882	245	332
O75882	676	786
O75882	879	1019
O75882	1036	1148
P54762	246	326
P54762	348	384
Q06889	277	352
Q3ZCT1	15	291
Q5HY98	349	467
Q6WBX8	396	425
Q6ZNG0	238	420
Q6ZVH7	270	334
Q7Z410	134	211
Q8NB46	473	531
Q8NB46	1037	1073
Q9NW07	167	395
Q9Y5W5	171	356
Q9Y6G3	11	36
O00482	69	166
O15360	78	136
O15393	105	146
O43918	294	349
O43918	417	481
P04085	90	190
P32926	674	720
P32926	777	806
P32926	821	912
P35670	351	368
P49619	310	385
Q00987	302	334
Q00987	433	490
Q08ER8	182	320
Q08ER8	394	571
Q499Z4	0	138
Q499Z4	189	424
Q5TEC3	245	335
Q5TEC3	350	544
Q6PF04	193	554
Q8N2S1	43	84
Q8N2S1	152	191
Q8N2S1	268	465
Q8N2S1	548	1129
Q8N2S1	1178	1411
Q8N2S1	1527	1622
Q8N6Q3	112	391
Q8NI32	47	156
Q96CX3	18	270
Q9BUK6	388	496
Q9NWN3	159	198
Q9NWN3	624	705
Q9NYW8	94	200
Q9NYW8	224	709
Q9UJW8	278	317
Q9UJW8	346	691
Q9UPY3	628	664
I3L3L1	95	121
P17035	207	717
P68133	7	44
P84550	189	212
Q15822	405	454
Q32MK0	497	535
Q5SXM1	73	178
Q5SXM1	195	524
Q8IVC4	172	406
Q8IXM7	36	136
Q8WWQ8	76	359
Q8WWQ8	677	999
Q8WWQ8	1269	1316
Q8WWQ8	1330	1548
Q8WWQ8	1565	1601
Q8WWQ8	1894	2193
Q96N22	57	241
Q96N22	253	626
I1YAP6	0	66
O60870	3	56
O95980	97	828
P0CG36	75	158
P0DPD5	106	510
P14151	152	329
P21860	173	351
P21860	474	644
P23508	510	543
P54132	1054	1075
Q00403	11	55
Q07869	93	188
Q2TBC4	169	212
Q5VYS8	1330	1382
Q6DJT9	166	271
Q96CC6	481	640
Q9BQI9	207	275
Q9Y334	194	237
C9JLJ4	79	134
P0CW19	60	116
P31150	384	421
P48745	13	356
P49841	321	371
P52738	203	456
Q13705	76	120
Q14678	526	656
Q5T4F4	330	410
Q6NSI8	502	552
Q8N573	207	293
Q8TCU6	948	987
Q8TCU6	1000	1047
Q9C073	324	397
Q9NRL2	1148	1201
Q9NX58	0	65
Q9Y4F3	170	323
A8MXY4	221	833
M0QZD8	2674	2745
O60813	449	477
P00533	173	351
P00533	482	643
P22413	79	211
Q00653	106	139
Q5T5D7	122	377
Q6MZP7	515	579
Q6MZP7	589	651
Q7Z5J4	1675	1717
Q7Z5J4	1851	1905
Q8IY82	210	265
Q8TDZ2	687	756
Q96KQ7	424	542
Q96KQ7	919	999
Q96MD7	30	114
Q96PQ0	652	771
Q9BUY5	128	235
Q9BUY5	308	553
Q9BVI0	643	698
Q9H4Q3	465	513
Q9H4Q3	568	651
Q9H5U6	376	465
Q9NYA4	1101	1183
Q9UPP1	31	101
A1KZ92	708	739
A1KZ92	817	860
E7ERA6	44	151
O60609	33	111
O60609	208	334
O94907	72	153
O94907	173	265
P10828	87	182
P13284	157	208
P43250	409	532
Q12816	1019	1077
Q12816	1134	1199
Q15047	730	797
Q504Q3	634	671
Q6ZMM2	140	197
Q6ZNL6	1261	1309
Q8IW70	389	439
Q8N2H9	353	468
Q8N3P4	1290	1321
Q96JM2	91	111
Q96JM2	2202	2259
Q9C030	0	73
Q9C037	0	133
Q9C0A0	563	596
Q9C0A0	709	747
Q9C0A0	935	999
Q9NQ86	102	258
Q9UBR4	50	99
A4QPH2	217	311
A6NFK2	190	247
O75074	155	283
O75074	359	485
P14138	125	185
P43632	129	199
Q02985	101	222
Q02985	235	300
Q16600	144	456
Q5R3K3	130	164
Q6U7Q0	57	307
Q76B58	406	488
Q86VB7	127	157
Q86VB7	539	575
Q86VB7	629	735
Q86VB7	745	777
Q86VB7	852	890
Q8IUQ4	32	143
Q969P0	318	352
Q9HCC9	775	886
Q9NR16	657	681
Q9NR16	979	999
O00220	132	229
P05107	15	80
P05107	444	676
P23769	287	393
P56730	354	382
P56730	565	621
Q04771	66	117
Q14526	502	611
Q5H9R4	1979	1999
Q6P9A1	167	196
Q6P9A1	226	598
Q6UXH8	38	235
Q7LFX5	0	47
Q8IWR0	842	935
Q8N149	276	301
Q8N149	374	411
Q8N1W1	344	375
Q8N1W1	651	711
Q8N8N0	0	63
Q8NCM8	4224	4306
Q9NQ03	179	293
Q9P0L1	378	748
O00519	237	278
O43184	356	595
O43184	658	705
P01861	22	116
P15622	186	496
P62508	95	211
Q01101	433	509
Q15788	183	230
Q3SY52	117	486
Q3T8J9	1157	1217
Q5VIY5	203	521
Q8IZF2	669	715
Q8N8K9	0	83
Q96K75	139	396
Q96RL1	211	287
Q96RL1	497	534
Q96RL1	557	595
Q9C0B5	101	141
Q9HCE3	743	851
Q9HCE3	1018	1114
Q9HCE3	1183	1216
Q9NZV1	22	884
Q9UK10	120	705
Q9Y314	193	241
Q9Y330	265	288
Q9Y330	364	442
O60241	197	223
O60241	309	532
O60241	873	928
O60241	1113	1150
O60241	1213	1283
O60241	1316	1343
O96028	661	860
O96028	1000	1067
O96028	1179	1206
O96028	1236	1331
P06681	62	208
P35858	33	57
Q5HYC2	1259	1294
Q5TD97	0	216
Q8IYR2	213	252
Q8IYR2	565	652
Q8N720	201	471
Q96SC8	65	98
Q9H1D9	279	313
Q9NXF7	153	202
Q9Y4C0	188	257
Q9Y4C0	628	663
Q9Y4C0	1032	1083
P08709	99	205
P52736	50	120
P52736	199	628
P98174	726	813
Q08AG5	118	374
Q08AG5	443	583
Q14508	30	123
Q5T1H1	175	413
Q5T1H1	627	1281
Q5T1H1	2330	2398
Q5T1H1	2585	2680
Q5T1H1	2880	2942
Q5T601	97	148
Q5VYX0	274	325
Q70CQ3	216	311
Q70EK9	467	528
Q70EK9	540	600
Q7RTY8	463	611
Q8WWY6	80	135
Q9BXA9	408	479
Q9BXA9	662	766
Q9BXA9	971	1040
Q9BXA9	1117	1184
Q9H6A9	635	674
Q9H8X9	108	155
Q9UBS4	153	228
Q9Y2G7	108	384
O75509	51	211
P08138	26	193
P08174	74	129
P08174	213	281
Q13835	187	252
Q5FWF4	823	958
Q5FWF4	1016	1059
Q5VZL5	386	554
Q6ZQT0	0	139
Q8N1W2	284	496
Q8N1W2	554	603
Q8TEU7	92	133
Q96GE5	95	544
Q96MF0	0	126
Q99435	260	815
Q9BY31	255	663
Q9BY31	721	899
Q9H5V7	358	418
Q9H813	103	159
Q9P2E8	151	203
Q9Y581	144	206
O14773	512	542
O14964	152	227
P30530	225	252
P78385	0	51
Q12933	19	238
Q14721	672	696
Q15973	69	350
Q5H9R7	498	531
Q5T481	389	488
Q8N5C8	1	73
Q8NDX5	773	828
Q8WXH0	6072	6122
Q96AP0	153	245
Q9BYV1	216	265
Q9H3R2	317	423
Q9ULD9	328	377
O00562	552	576
O43257	94	153
O75373	101	535
P01860	13	52
P02795	0	59
P17019	101	562
P20908	1611	1664
P33992	163	217
Q13263	111	254
Q13263	618	680
Q15884	140	180
Q5MCW4	134	359
Q5MCW4	380	685
Q5VST9	1072	1154
Q5VST9	3251	3465
Q5VST9	3743	4008
Q5VST9	4954	5028
Q8N859	173	441
Q9UJ78	244	427
Q9Y2M2	151	248
O15535	243	393
P0CJ79	213	717
P28906	165	231
Q04206	67	150
Q5VV52	111	306
Q6PRD1	290	378
Q7L3S4	65	314
Q7Z7A3	275	311
Q8TEY7	29	96
Q93098	110	126
Q93098	152	200
Q93098	218	334
Q9BX84	1442	1479
Q9H1Z9	226	259
Q9UBM4	116	147
Q9UDY8	711	738
O95633	25	238
P16112	2281	2373
P28698	356	458
P28698	483	729
P34896	373	405
P52739	307	393
Q14563	502	587
Q6UXM1	880	1003
Q6ZNI0	36	86
Q9HC57	72	142
Q9NQZ8	122	488
P01127	107	185
P40313	192	216
P43628	166	206
Q6PI73	81	102
Q6PI73	268	303
Q6PI73	372	405
Q7RTS7	110	130
Q8IUA0	38	240
Q8N141	152	374
Q8N895	275	456
Q8N9S9	282	301
Q8NA82	644	686
Q8WYA1	268	314
Q92743	35	152
Q96D46	0	67
Q96SE7	240	441
Q96SE7	456	838
Q96SL8	20	125
Q96SL8	330	379
Q9BYP7	1209	1239
Q9BYP7	1254	1277
Q9H195	13103	13195
Q9H195	13323	13387
Q9H4E7	245	309
Q9ULV3	586	715
Q9Y2I7	142	226
Q9Y6H3	73	107
A4D1E1	729	876
O14686	126	362
O14686	1463	1567
O15344	106	188
P00748	48	301
P00748	475	590
P00750	52	244
P00750	475	519
P03372	176	258
P17025	165	273
P17025	360	622
P21941	224	275
P32297	357	430
P43629	218	298
Q6PJE2	126	178
Q6Q0C0	118	169
Q6Q0C0	196	297
Q7Z3G6	116	150
Q7Z3G6	242	313
Q7Z736	670	720
Q86VR7	331	541
Q8N3F9	379	396
Q8NEZ4	373	536
Q8NEZ4	1045	1167
Q8NEZ4	4885	4910
Q8TDW5	49	107
Q96BY7	1463	1504
Q9C0D4	78	109
Q9C0D4	119	165
Q9P2S2	178	287
Q9P2S2	681	712
Q9P2S2	1088	1119
P11161	89	116
P11161	344	419
P41182	508	608
Q02386	237	665
Q13285	0	104
Q16787	72	131
Q16787	291	726
Q16787	1249	1470
Q16787	1649	1840
Q3MIR4	134	165
Q5VTD9	122	326
Q6DD87	65	183
Q6DD87	274	292
Q6DD87	317	356
Q8N8L2	25	436
Q8TDE3	40	130
Q9BVH7	81	140
Q9H8W5	123	240
Q9H8W5	358	408
Q9H8W5	505	577
Q9HBF4	14	117
Q9HBF4	408	473
Q9HBF4	593	666
Q9HBF4	722	776
Q9HC84	231	434
Q9HC84	552	872
Q9HC84	1035	1268
Q9HC84	1315	1435
Q9HC84	1781	1889
Q9HC84	2302	2384
Q9HC84	2860	2944
Q9HC84	3562	3639
Q9HC84	4119	4203
Q9HC84	4927	4993
Q9HC84	5008	5064
Q9HC84	5211	5258
Q9HC84	5280	5752
Q9NZL3	160	706
Q9P0J1	0	85
Q9UJL9	382	533
Q9UKZ4	529	847
Q9UKZ4	1172	1190
Q9UKZ4	1472	1496
Q9UM47	42	1321
Q9UM47	1331	1502
Q9UM47	1787	1828
O95857	92	162
P0DTU3	187	230
Q0D2K5	0	154
Q14929	224	596
Q15303	171	354
Q15303	491	650
Q16568	68	115
Q5U5X8	347	374
Q6P1L6	238	598
Q86X76	28	64
Q8IZD2	109	179
Q8IZD2	1070	1089
Q8IZD2	1103	1129
Q96BD0	528	575
Q9GZU2	1104	1358
Q9NP62	54	128
Q9NSB4	44	115
Q9NSB4	434	491
Q9NZP8	182	251
Q9UDR5	331	413
Q9UHF7	424	465
Q9UHF7	556	642
Q9UHF7	886	943
A6NC86	14	51
A6NC86	65	203
P01344	49	94
P01591	78	158
Q86VZ4	110	168
Q8N6G6	32	100
Q8N6G6	111	191
Q8N6G6	331	446
Q8N6G6	467	846
Q8N6G6	1496	1760
Q8TE60	530	575
Q8TE60	589	657
Q8TE60	695	748
Q8TE60	901	1220
Q9H7L2	273	351
Q9H7R5	148	677
B4DU55	177	562
O15304	97	174
O75382	10	176
P23771	260	361
Q05513	117	184
Q14258	0	210
Q5T7M9	325	369
Q63HR2	37	86
Q63HR2	633	716
Q92854	501	570
Q96A37	25	218
Q9NZV5	88	142
Q9P1U1	0	38
Q9UDV6	363	399
Q9UQD0	642	657
Q9Y6T7	316	382
O43255	71	173
P00734	84	302
P05556	3	74
P05556	455	694
P0CF97	59	111
P28300	279	326
P51815	352	501
P60508	109	170
Q12873	366	429
Q12873	455	518
Q5T1A1	599	686
Q6UW60	329	344
Q6UW60	585	676
Q6ZVD7	204	271
Q96RI1	78	225
Q9BX74	38	111
Q9H2U9	340	575
Q9H2U9	613	664
Q9H324	464	640
Q9H324	652	715
Q9P255	57	530
Q9Y6L6	445	510
B1AKI9	215	297
P02458	24	93
P20023	107	176
P20023	387	500
P36980	100	215
P55001	144	182
Q15434	84	135
Q3KQV3	120	180
Q3KQV3	206	592
Q66K89	203	286
Q66K89	451	597
Q6NVV9	166	237
Q6NVV9	333	401
Q6UXH1	117	326
Q92613	162	227
Q96JN8	1269	1294
Q9BQ69	178	212
Q9BV68	205	278
Q9H694	414	448
Q9H694	464	480
Q9H7X3	124	373
Q9NQ30	16	160
Q9NQ34	35	100
O14753	98	255
O15231	610	688
O43345	118	405
O43345	421	897
O43345	924	1127
P02768	105	145
P02768	263	330
P02768	442	552
P15692	254	313
Q5VYJ5	23	103
Q5VYJ5	212	290
Q5VYJ5	427	487
Q5VYJ5	1023	1095
Q5VYJ5	1250	1332
Q5VYJ5	1451	1539
Q5VYJ5	1696	1761
Q5VYJ5	1898	2073
Q6S5L8	389	469
Q7Z7B7	20	68
Q8IWS0	11	140
Q8WXB4	416	791
Q9BYM8	260	333
Q9GZV8	447	570
Q9H1B7	704	794
Q9UHI8	344	403
Q9UHI8	432	640
Q9UHI8	664	734
Q9UHI8	871	966
Q9Y4G6	693	760
Q9Y4G6	1367	1582
O95602	511	556
O95602	888	950
P16562	169	242
P23229	75	145
P25942	9	182
P48742	0	124
P50993	407	482
Q03936	111	544
Q13275	540	584
Q14119	63	104
Q14119	168	335
Q15323	0	62
Q15915	292	383
Q2VWA4	99	181
Q8IZF7	28	159
Q93086	111	175
Q9BYV2	107	173
Q9H091	237	264
Q9Y2T1	510	564
O75335	551	583
P01130	19	387
P01130	664	727
P07942	273	547
P07942	766	1178
P32298	107	152
P78536	404	647
Q09328	680	740
Q13105	297	592
Q14586	244	742
Q2M3W8	225	570
Q53H12	323	415
Q58EX7	1091	1132
Q8N2G4	15	105
Q8N944	208	244
Q8TDF6	555	591
Q96DX8	138	180
Q99973	7	186
Q99973	2044	2083
Q9BR84	77	207
Q9BR84	311	537
Q9H4Q4	233	316
Q9Y4E5	754	838
O43278	272	310
O43278	320	454
O75038	668	709
P10909	257	325
P14555	30	143
P21709	211	425
P29375	664	719
P29375	1598	1689
Q02505	2955	3041
Q02505	3173	3233
Q14207	756	800
Q6ECI4	218	716
Q6Q6R5	0	60
Q6Q6R5	114	189
Q6ZN19	164	321
Q6ZN19	332	406
Q6ZN19	473	792
Q8IVQ6	85	128
Q8IWU5	713	748
Q8TE57	540	675
Q8TE57	688	752
Q8TE57	1123	1223
Q92908	382	483
Q9BQ83	177	263
Q9BUZ4	0	269
Q9HAU0	75	121
Q9Y2L5	970	999
A6NM28	148	369
A6NMS7	823	864
O43361	284	751
P47989	138	204
P60852	206	273
Q69YH5	318	375
Q6N021	1260	1290
Q6N021	1340	1411
Q96T68	135	195
Q96T68	258	335
Q9HCZ1	199	679
Q9UII5	24	560
Q9UII5	601	782
O94892	195	496
O94892	507	523
O94892	555	646
P01185	12	127
P10643	18	147
P10643	449	520
P10643	644	842
Q05481	166	1179
Q05516	378	432
Q05516	502	669
Q3MIS6	172	627
Q6P9A3	130	639
Q6UWJ8	29	109
Q6UXZ4	261	390
Q96T51	636	707
Q9GZZ7	23	134
Q9H1U4	195	448
Q9HB63	54	90
Q9HB63	254	480
Q9UGR2	754	784
Q9UGR2	871	919
A6NM11	823	864
O75147	1034	1063
O75147	1214	1251
O75369	1075	1099
P24821	90	633
P78325	150	192
P78325	301	650
Q16842	46	89
Q16842	147	176
Q17R60	674	755
Q4VX76	46	92
Q5JVG8	102	443
Q8IXV7	309	353
Q8TAP6	474	523
Q9BSG5	105	182
Q9H3R0	608	666
Q9H3R0	702	773
Q9NY12	64	89
Q9P0T4	79	190
A6NCL2	31	158
B2RXF5	287	419
O15105	150	222
P0DTL6	126	242
P49116	116	189
Q02487	765	828
Q14515	425	518
Q3ZLR7	189	250
Q6EMK4	406	449
Q7Z698	302	414
Q86TM6	266	336
Q8IYR6	55	146
Q8IYR6	161	239
Q8IYR6	261	319
Q8N782	202	478
Q92766	63	150
Q92766	200	344
Q92766	766	804
Q96RW7	4793	4884
Q96RW7	5079	5369
Q96RW7	5404	5529
Q9C029	4	68
Q9C029	124	181
Q9UIG8	457	525
Q9UJW7	102	159
Q9UJW7	192	265
Q9UJW7	341	824
Q9ULV8	350	409
Q9Y2K7	567	685
Q9Y6N6	257	514
Q9Y6N6	663	1020
Q9Y6R7	430	480
Q9Y6R7	602	870
Q9Y6R7	1005	1262
Q9Y6R7	1418	1671
Q9Y6R7	1845	1876
Q9Y6R7	1935	2076
Q9Y6R7	2208	2462
Q9Y6R7	2618	2871
Q9Y6R7	3048	3117
Q9Y6R7	3136	3277
Q9Y6R7	3409	3669
Q9Y6R7	3817	4072
Q9Y6R7	4249	4318
Q9Y6R7	4337	4478
Q9Y6R7	4610	4858
Q9Y6R7	4986	5233
P56975	282	350
Q15633	317	355
Q2QD12	170	227
Q5HYJ3	0	141
Q5U5Q3	602	658
Q6ZU67	158	210
Q71RG6	65	100
Q86T13	127	285
Q8IUX8	27	288
Q8IVN8	11	97
Q8IVN8	110	186
Q8IZL8	567	633
Q8TE58	321	356
Q8TE58	366	396
Q8TE58	422	441
Q8TE58	459	591
Q8TE58	635	683
Q9BS31	170	424
Q9UNI6	214	251
P15918	94	146
P30260	130	190
P49790	632	692
P49790	716	767
P49790	781	823
P49863	185	241
P52743	114	201
Q14872	222	305
Q8NAC3	80	134
Q8WWL2	558	698
Q92844	314	352
Q99102	5024	5166
Q99102	5318	5360
Q9BXN1	62	100
Q9C0K0	178	238
Q9C0K0	792	874
Q9NSC2	439	506
Q9NSC2	665	791
Q9NSC2	1000	1064
Q9NSC2	1124	1175
Q9NSC2	1190	1216
Q9NYP9	71	162
A1L4K1	137	201
O43854	22	174
O60259	112	250
P31689	120	217
Q07352	114	190
Q6PJF5	483	532
Q6PJF5	547	629
Q6PJT7	591	661
Q6PJT7	674	729
Q6UX82	11	146
Q6VVB1	22	90
Q86SG6	476	613
Q8IW19	372	394
Q8IZC7	68	128
Q8IZC7	164	423
Q8N126	187	252
Q8N9K5	155	529
Q8WUP2	175	372
Q9H2X0	775	939
Q9HAZ2	250	452
Q9HCM2	501	558
Q9HCM2	751	766
Q9HCM2	814	862
Q9NVW2	526	623
Q9UBC3	471	498
Q9ULJ3	538	614
Q9ULJ3	714	800
Q9UPA5	460	525
O43463	379	411
O95180	271	348
O95625	684	923
P02749	146	344
P04004	17	69
P41229	301	391
P41229	1179	1228
P49754	815	853
Q2M3C7	32	106
Q86V15	481	694
Q86V15	1155	1215
Q86V15	1275	1302
Q86V15	1495	1591
Q8NAX2	71	114
Q8NDL9	418	456
Q8WX93	484	544
Q92824	186	226
Q92824	607	1747
Q9NT68	564	889
Q9NT68	1512	1539
Q9P0P0	46	139
Q9UGK8	310	416
Q9UIW2	801	868
Q9Y5A6	271	470
A6NFZ4	59	104
O95813	188	219
P04054	35	147
P04233	194	266
P13056	121	196
P24043	57	109
P24043	282	539
P24043	716	1178
P24043	1356	1572
P36897	77	118
Q2UY09	1095	1124
Q68DY9	159	488
Q6XR72	397	436
Q76KX8	219	673
Q8TAT5	244	301
Q8TAT5	314	375
Q96MM3	166	231
Q96SR6	216	549
O43623	120	267
O95081	26	52
P05106	24	90
P05106	449	704
P05997	35	97
P17026	40	193
P41439	32	184
P42127	94	131
P43354	253	335
Q2I0M5	22	176
Q3ZCX4	143	641
Q6P4I2	203	276
Q7RTZ1	224	278
Q7Z3S9	0	230
Q92619	703	751
Q92630	454	506
Q9BZJ3	176	196
Q9BZJ3	207	227
Q9GZM7	36	101
Q9GZM7	243	336
Q9ULL8	111	150
Q9ULL8	855	946
A0A0G2JMH3	96	119
A0A0G2JMM0	253	321
A2RUU4	30	117
A8MTQ0	70	149
O14618	135	154
O14618	214	251
O75829	271	333
O95409	237	276
O95409	320	412
P07911	21	221
P07911	267	326
P29317	208	392
P48443	125	215
Q5SNT2	46	91
Q5XPI4	1243	1306
Q8NFU7	282	342
Q8NFU7	1346	1389
Q8NFU7	1542	1729
Q99965	364	547
Q99965	586	656
Q9H2R5	126	244
Q9H422	541	664
Q9H422	724	745
Q9P2P6	548	565
Q9P2P6	4458	4484
Q9UM82	458	511
A6NFI3	339	504
A6NFI3	683	935
A7MBM2	307	352
O60486	453	640
O95256	46	167
P00387	265	300
P0DKX0	106	467
P14679	234	290
P21506	185	513
P35125	489	550
P35125	840	861
P35125	1019	1066
P35558	389	419
P47974	152	225
Q03181	54	147
Q03938	110	598
Q53H47	60	132
Q53H47	272	341
Q5VV63	52	97
Q5VV63	208	286
Q5VV63	615	768
Q5VV63	849	986
Q5VV63	1000	1099
Q86T96	83	122
Q86VH5	508	542
Q86Y97	174	249
Q8TAA1	77	187
Q92664	52	211
Q9BV36	49	105
Q9H0H5	289	344
Q9NS37	324	353
O75578	66	99
P13671	14	247
P13671	511	600
P13671	736	932
P26012	37	95
P26012	458	681
P31268	78	137
P36894	44	153
Q14192	0	278
Q2TAL6	145	324
Q6FIF0	144	193
Q8IW52	330	380
Q92610	739	809
Q92610	852	919
Q92610	1119	1184
Q92830	134	160
Q9UBL3	108	185
Q9UKY1	100	149
Q9UKY1	370	410
A8K7I4	192	212
B1AL88	154	210
O75417	1131	1162
P02751	43	120
P02751	215	279
P02751	293	361
P02751	433	479
P02751	539	565
P02751	2336	2442
P29400	1504	1533
P49746	260	479
Q49A33	36	201
Q6ZTA4	159	246
Q8IX07	283	379
Q8IX07	572	604
Q8NHM5	606	733
Q8TAU3	213	571
Q8WYN3	172	284
Q92570	288	364
Q92784	253	376
Q96EF9	155	222
Q9BXB4	244	300
Q9HB58	454	604
Q9NR90	189	212
Q9UK12	109	290
Q9UK12	327	450
O43897	564	635
O43897	717	857
O75290	127	318
O75290	350	640
O75469	31	117
P0C5Y4	0	41
P17010	423	802
P23142	25	590
P35556	82	424
P35556	485	1773
P35556	1795	2776
Q86Y13	1147	1200
Q8IUK5	280	365
Q8WV44	3	53
Q8WV44	425	492
Q96C10	194	227
Q9H2S9	147	288
Q9NWK9	205	262
Q9UC06	132	445
Q9UFB7	542	688
Q9Y6M5	414	461
A0AAG2UUX9	548	601
A0AAG2UUX9	675	744
P0C7V6	172	243
P0CG38	713	729
Q06481	342	387
Q562R1	0	60
Q63HK5	180	240
Q7Z4K8	0	67
Q7Z4K8	149	263
Q8TAQ5	107	687
Q8TF32	189	569
Q96DT7	247	304
Q96MN9	216	252
Q9H0M5	117	201
Q9H0M5	236	719
Q9H4F1	61	115
Q9H6P5	259	297
Q9NUE0	180	235
Q9NUE0	323	358
A8MXD5	231	289
O60481	318	409
P20333	28	198
Q01113	339	367
Q01113	439	520
Q09013	350	382
Q13219	408	491
Q13219	578	695
Q13219	943	1038
Q13219	1185	1626
Q13444	300	596
Q13444	635	692
Q14767	342	433
Q14767	544	748
Q14767	836	1385
Q14767	1409	1652
Q14767	1723	1820
Q5SR53	37	105
Q5W0Z9	109	165
Q6P1L5	467	523
Q8IUC0	0	158
Q8ND82	338	492
Q8ND82	608	679
Q96ND8	200	548
Q9H7V2	78	123
C9JPN9	79	131
O95389	37	107
O95389	120	306
P48740	134	183
P51991	61	115
P62979	109	155
P98196	409	439
Q2MKA7	32	181
Q5CZA5	196	323
Q5CZA5	410	562
Q5T0T0	71	138
Q6ZUT3	286	323
Q8IZ69	207	280
Q92793	349	440
Q92793	1767	1854
Q96BR6	265	441
Q9HAV5	0	129
Q9UP38	191	240
P08575	224	295
P11678	240	303
Q14527	752	821
Q8NCR6	72	260
Q8TBZ8	99	534
Q8WTW4	334	371
Q9HCL0	899	938
Q9NZJ0	551	597
Q9UKF2	355	578
Q9UKF2	616	669
Q9Y6Q6	29	187
Q9Y6Q6	272	334
A0A1W2PQL4	77	383
A8K8V0	133	291
A8K8V0	303	375
P09110	119	202
P39060	391	416
Q13023	1606	1634
Q4LDE5	261	519
Q4LDE5	975	1165
Q4LDE5	1178	1426
Q4LDE5	1682	1800
Q4LDE5	2178	2293
Q4LDE5	2588	2701
Q4LDE5	2746	2906
Q4LDE5	2972	3010
Q4LDE5	3022	3171
Q4LDE5	3266	3367
Q4LDE5	3458	3570
Q5HYK9	143	602
Q5QP82	401	458
Q7RTZ2	81	125
Q7Z2W4	142	224
Q7Z2W4	503	528
Q8N9V7	1000	1034
Q96PE2	1473	1563
Q96S99	140	216
Q9UBE8	433	465
D6RBM5	79	182
O75019	371	408
O95865	258	284
P15086	236	278
P41223	96	143
P48167	389	441
P59901	266	315
P59901	376	408
P60321	54	115
P80294	0	59
Q6MZW2	50	115
Q96A61	3	54
Q96EP1	292	372
Q96EP1	467	540
O14514	174	295
O14514	361	613
O75123	80	441
O75197	293	339
O75197	902	947
O75197	1203	1383
P17022	405	545
P26358	641	691
P26358	1452	1496
P83110	22	131
Q15751	350	409
Q15751	2949	3055
Q6ZNB6	204	603
Q6ZNB6	626	834
Q8IUB5	23	82
Q8IUC1	27	162
Q8WZ42	4632	4663
Q8WZ42	5656	5698
Q8WZ42	7358	7382
Q8WZ42	7451	7482
Q8WZ42	8661	8723
Q8WZ42	16728	16843
Q8WZ42	33846	33874
Q9H6Y7	201	273
Q9NS62	340	395
Q9NUD5	325	396
Q9UF33	227	334
A6NNY8	183	312
O15232	262	463
P17936	32	128
P18564	18	81
P18564	445	694
P98155	28	441
P98155	700	751
Q52LG2	1	168
Q6ZQN7	516	571
Q86XD8	650	721
Q8TF68	223	465
Q969R5	81	140
Q96CB8	150	221
Q96E93	155	194
Q96MX3	270	383
Q9C0B0	35	176
Q9HCG1	242	816
Q9P2F5	182	232
Q9UJN7	103	357
Q9UKA1	551	575
Q9UKA1	659	690
O00634	204	418
O43294	217	330
O43294	371	460
P0CG37	79	158
P17481	11	45
P17481	73	110
P24593	18	115
Q12946	136	155
Q8N567	107	249
Q96KG7	77	843
Q96KG7	928	970
Q96NZ8	32	161
Q96NZ8	252	425
Q99985	511	574
Q9BRA0	54	124
Q9H000	0	54
Q9H000	157	221
Q9Y397	132	178
A6NK75	160	571
F8WCM5	105	142
O95185	268	372
P07998	51	155
P0CG40	307	412
P10586	98	221
P19474	0	129
P63145	486	600
P98160	189	243
P98160	282	419
P98160	718	943
P98160	1119	1360
P98160	1515	1737
P98160	1900	1933
P98160	2091	2176
P98160	2812	2907
P98160	2958	3024
P98160	3300	3333
P98160	3837	3938
P98160	4092	4206
Q5QGT7	133	174
Q6V0I7	3800	3823
Q6V0I7	3849	3967
Q6V0I7	4144	4181
Q6V0I7	4419	4516
Q8IYB9	63	647
Q9BSW7	0	49
Q9UHC9	229	275
Q9UIS9	125	267
Q9UIS9	310	386
Q9UKN1	5120	5156
Q9UKN1	5266	5299
Q9UKN1	5323	5376
Q9UKV5	324	399
Q9ULD4	202	235
Q9Y2X9	255	375
O95490	456	522
P05129	82	158
P13611	3076	3174
P43004	523	562
Q04656	389	454
Q5SVQ8	360	647
Q5VZF2	0	94
Q5VZF2	170	247
Q6ZMS7	429	507
Q86W11	293	490
Q8TA94	151	475
Q9HCK4	184	279
Q9HCK4	303	331
Q9NQC1	188	227
Q9NQC1	288	369
Q9NRH1	137	216
Q9NRR4	506	567
Q9NWF9	596	748
Q9P2J8	270	864
A8MQ27	494	554
O15204	100	164
O15204	367	469
O95365	379	494
O96014	195	225
O96014	239	353
P17041	65	272
P56704	125	171
P56704	182	232
P56704	271	351
Q06278	139	222
Q14114	42	426
Q14114	680	741
Q6PJ61	356	416
Q6ZN57	89	460
Q8IVT5	341	405
Q8WW18	112	167
Q96N95	241	330
Q96RL6	424	508
Q99571	109	169
Q9BXS4	72	128
Q9Y4F4	606	653
Q9Y4F4	718	782
A0A191URJ7	171	203
A6NCW0	81	126
P50479	244	284
Q13191	368	458
Q13342	668	760
Q68BL8	45	141
Q8NCF0	203	301
Q96F46	263	312
Q9BX69	778	804
Q9H1J7	273	355
Q9H930	376	473
Q9Y467	363	439
Q9Y467	625	711
Q9Y4J8	239	302
A0A0G2JN68	126	197
O76080	149	194
P13631	82	162
Q16342	92	211
Q6UXC1	15	103
Q6UXC1	210	278
Q6UXC1	803	834
Q8IYN0	135	537
Q8N398	71	123
Q8N398	165	255
Q8N398	833	884
Q8TF20	4	528
Q8TF20	620	910
Q96EP0	192	253
Q96EP0	294	441
Q96EP0	879	921
Q9H165	376	429
Q9H165	738	819
Q9H9L4	16	108
Q9H9L4	293	363
Q9P2D6	504	566
Q12765	215	264
Q13753	7	214
Q13753	369	629
Q1L6U9	33	111
Q6IV72	177	738
Q86YD5	17	143
Q8NFT8	69	132
Q8NFT8	304	626
Q8TDW7	3739	3846
Q8TDW7	4015	4146
Q8TDW7	4224	4264
Q8WZA1	222	294
Q92561	158	185
Q92561	303	329
Q92794	159	324
Q9NU63	80	199
Q9NU63	289	392
Q9Y4X5	295	392
A1L020	298	340
A1L020	461	519
M0QZC1	58	105
P17024	140	531
Q12929	116	190
Q2TAZ0	676	710
Q53GG5	286	340
Q5VVJ2	612	640
Q86YE8	236	346
Q86YE8	448	664
Q8TEU8	38	184
Q8TEU8	312	454
Q8WZ74	913	987
Q9BQ24	37	95
Q9GZX9	15	97
Q9GZX9	154	222
Q9UHX3	21	277
Q9UHX3	493	519
Q9UIF7	269	354
O75164	641	797
O75164	828	864
P04626	182	348
P04626	491	649
P09874	106	183
P21333	1102	1118
P21333	1380	1459
Q09FC8	239	602
Q13107	288	338
Q16661	53	111
Q3KNW1	168	288
Q5VTT2	113	228
Q86WI1	3551	3582
Q86WI1	3672	3699
Q8N428	443	552
Q8TAW3	171	219
Q8TAW3	269	530
Q96PQ6	165	594
Q9BRR0	130	214
Q9BRR0	309	458
Q9BVC3	2	39
Q9Y6R6	132	311
Q9Y6R6	351	712
A1L4H1	50	118
A1L4H1	195	407
A1L4H1	468	579
A1L4H1	805	885
D6R9N7	79	131
O43167	284	515
O95125	381	455
O95125	475	642
P00736	145	223
P0DP72	364	523
P19957	71	116
P80297	0	59
P98169	290	588
Q12841	22	116
Q12841	224	279
Q14162	25	408
Q14833	513	582
Q2M1K9	129	344
Q2M1K9	467	586
Q2M1K9	919	1025
Q2M1K9	1041	1140
Q5T619	270	556
Q6UXG2	64	160
Q6UXG2	269	417
Q6UXG2	585	666
Q7RTX1	344	371
Q7RTX1	494	547
Q86SG3	354	377
Q8IVL8	168	215
Q8IYH5	785	897
Q8NFH8	25	48
Q96L73	1541	1746
Q96L73	1900	1943
Q96L73	2059	2091
Q96L73	2113	2212
Q96SK3	95	695
A8MUV8	106	348
O15327	192	232
O75679	9	97
O95925	17	86
O95925	102	132
P0CG00	344	495
P17948	37	98
P19883	17	308
P41743	117	197
Q03164	1470	1605
Q03164	1940	1971
Q12986	381	959
Q24JP5	134	188
Q3LI77	30	159
Q5R387	68	148
Q6ZSS3	163	273
Q7L0X2	253	302
Q7RTX0	487	575
Q7Z5L2	363	435
Q86VV4	161	214
Q8WW22	122	216
Q96GN5	282	424
Q9UBL9	118	149
Q9ULB5	574	599
O15118	157	182
O15118	943	999
O75022	83	142
O75022	272	302
O75022	377	400
P06401	595	642
P07988	277	380
P0DPK4	22	287
P10588	47	125
Q2VPA4	245	357
Q2VPA4	443	554
Q6P9G9	325	517
Q75N90	58	351
Q75N90	399	553
Q75N90	569	904
Q75N90	942	2700
Q96GC6	477	639
Q9BWE0	370	561
Q9H3S1	501	545
Q9NR96	255	270
Q9NYG2	116	165
Q9UBV4	134	165
Q9UBV4	275	364
Q9Y4D7	648	681
Q9Y4D7	702	760
Q9Y5F6	739	782
A2RU30	53	152
A6NNE9	162	211
P01042	82	153
P16581	118	554
P17038	84	808
P52741	81	115
P52741	162	426
P62633	39	175
Q02556	75	184
Q15596	216	269
Q15596	354	385
Q8N423	276	312
Q8N423	368	410
Q8NDQ6	175	307
Q8NDQ6	319	452
Q8NDQ6	516	659
Q92673	635	750
Q92673	1010	1555
Q969F1	20	151
Q96GR4	83	136
Q96JB8	355	414
Q96JS3	138	167
O43157	310	394
O43157	893	999
O43157	1024	1178
P01857	15	121
P19438	30	212
Q01814	479	502
Q04756	101	296
Q04756	313	338
Q04756	524	608
Q14524	316	351
Q1W209	88	170
Q5BKZ1	371	463
Q6IE81	183	229
Q75VX8	208	246
Q86TH1	42	186
Q86TH1	560	950
Q8IU80	459	596
Q9H0D2	137	234
Q9H0D2	831	886
Q9H0D2	1000	1056
Q9HBW9	8	116
Q9HBW9	382	408
Q9Y6F9	199	245
Q9Y6F9	301	359
A0A087WUV0	270	509
P14616	147	352
P37275	900	997
P55265	606	674
Q32M78	181	641
Q494W8	272	339
Q86XX4	19	1074
Q8IXJ9	1502	1540
Q8N0W7	131	193
Q8N3Z6	229	395
Q8N9F8	176	521
Q8NB78	49	87
Q8NFU1	407	447
Q9BY78	369	432
Q9BZM2	40	153
Q9C0A1	434	533
Q9C0A1	2432	2515
Q9NR56	0	90
Q9NR56	170	253
Q9NRH2	678	764
Q9NXR5	164	220
Q9P283	549	777
Q9P283	794	993
Q9UGT4	24	54
Q9UGT4	305	377
Q9UGT4	672	691
Q9UPZ6	133	272
Q9UPZ6	315	978
Q9UPZ6	1007	1066
Q9UPZ6	1112	1430
Q9UPZ6	1485	1565
B8ZZ34	55	112
O43462	336	394
P01706	87	118
P11473	6	100
P14314	19	131
P14314	456	515
P50876	98	213
Q12766	301	351
Q12766	592	662
Q6P1R4	391	443
Q6ZW61	199	248
Q86WS4	554	638
Q8N2I2	156	490
Q8TE59	532	802
Q8TE59	916	1168
Q9HD43	226	255
Q9Y2H6	676	780
O60315	1000	1092
P07477	125	231
P20933	47	84
Q08554	757	779
Q08554	824	893
Q13438	170	260
Q13797	72	131
Q14943	221	305
Q53TQ3	0	94
Q53TQ3	384	522
Q5VWN6	1633	1679
Q7Z5L7	52	100
Q86UR5	97	167
Q8N6D2	16	43
Q8TCF1	0	114
Q8WTX9	127	169
Q9H089	404	425
Q9P281	1975	2007
Q9UGP4	455	496
Q9UGP4	595	675
Q9Y6Y1	802	837
A0PJY2	109	203
A0PJY2	237	426
O00468	153	670
O00468	1331	1377
O00468	1524	1642
O00468	1813	1897
O15209	475	566
P10243	377	424
P31943	270	286
P55268	36	113
P55268	284	559
P55268	746	1210
Q03924	138	482
Q5JY77	566	701
Q86UP6	496	526
Q8N2E2	603	629
Q8N2E2	884	929
Q8N2E2	1226	1241
Q8N2E2	1288	1587
Q8N8E2	122	239
Q8N8E2	353	493
Q969V5	290	351
Q96FC7	352	375
Q96MS0	317	374
Q99572	116	177
Q99572	465	511
Q9NTW7	136	254
Q9NTW7	287	420
Q9NTW7	468	549
Q9P0G3	123	240
Q9P0T7	17	90
A0A0G2JN01	259	289
A5PLN7	354	381
A6NIN4	5	106
B4DXR9	220	584
P00742	44	176
P02675	211	249
P11717	526	555
P11717	1644	1725
P15822	378	475
P15822	2069	2156
P29376	61	84
P49792	1315	1387
P49792	1406	1502
P49792	1600	1633
P49792	1660	1692
P49792	1719	1757
P49792	1772	1814
Q02446	618	725
Q32MQ0	18	63
Q5VY43	52	747
Q8N114	25	74
Q8NEP7	119	154
Q8NEP7	175	198
Q96CW9	48	96
Q96CW9	290	494
Q96NG8	188	461
Q99592	347	480
Q9GZX5	195	427
Q9UQ49	237	294
A0A0U1RQI7	411	449
A0A0U1RQI7	935	1049
O60269	224	305
O75677	9	96
P08603	176	344
P08603	371	418
P08603	800	876
P08603	890	1175
P17021	176	340
P17021	454	661
P41180	540	604
P49023	342	401
Q13049	102	147
Q68EA5	66	554
Q6PKC3	432	488
Q6PKC3	524	545
Q6R2W3	594	663
Q7Z340	90	163
Q7Z340	226	666
Q8N6M9	0	142
Q8WXA3	535	605
Q92753	6	95
Q96RG2	60	125
Q96RG2	601	766
Q96RG2	784	838
Q9H175	186	280
Q9H175	376	427
Q9ULB1	186	279
Q9ULB1	658	713
Q9ULB1	1066	1114
P02771	103	154
P02771	292	332
P02771	488	519
P06127	60	136
P06127	152	214
P06127	235	375
P08581	153	177
P08922	9	108
Q14592	160	330
Q2M3X9	210	578
Q53GI3	314	551
Q5T011	1554	1608
Q6DKI7	115	148
Q6ZN06	208	616
Q6ZN17	120	168
Q8N1E2	148	193
Q99466	25	1298
Q9BYJ4	0	68
Q9UBG0	472	528
Q9UBG0	1063	1126
Q9UBG0	1211	1269
A0A1W2PQF6	108	149
O95789	70	272
O95789	285	335
O95789	733	820
P08519	18	111
P08519	145	225
P08519	260	339
P08519	374	453
P08519	488	567
P08519	602	681
P08519	716	795
P08519	834	910
P08519	936	1027
P08519	1057	1140
P08519	1171	1252
P08519	1267	1360
P08519	1395	1469
P08519	1614	1720
P08519	1741	1829
P51168	389	456
P83105	35	165
Q14694	74	91
Q6PCT2	35	150
Q6PCT2	640	686
Q6PJ69	92	132
Q86UG4	485	549
Q86XN6	207	745
Q8WW36	33	149
Q99496	45	116
Q9NS56	98	165
Q9NUA8	802	1159
A6NI03	4	140
O75592	699	720
O75592	743	826
O75592	3218	3304
O75592	3347	3414
O75592	4342	4439
O75592	4550	4599
O75592	4614	4677
P12757	244	319
P17020	208	681
P43626	175	209
P51843	182	225
P59510	466	634
P59510	684	712
P59510	852	922
P59510	938	1265
P59510	1310	1620
P59510	1650	1716
Q6PFW1	1284	1360
Q6WRI0	239	345
Q8IYI8	97	556
Q8WYB5	207	336
Q93083	0	59
Q96PU4	313	401
Q9H3T2	519	546
O95239	1074	1122
P54760	210	326
P54760	337	383
P58317	93	236
P58317	249	389
Q5SRR4	74	149
Q6P280	262	562
Q6V9R5	235	421
Q8NG35	29	77
Q8TAT6	382	420
Q8TAT6	553	607
Q9BQA5	185	380
Q9H2H0	139	183
Q9NQ36	40	392
Q9NQ36	455	476
Q9NQ36	489	565
Q9NQ36	626	842
Q9UPW5	520	603
Q9Y3S2	30	214
P16422	13	136
P17643	82	122
P17643	250	369
P52429	51	110
P52429	132	180
Q13467	90	156
Q495X7	0	77
Q86Y78	46	136
Q8TCT0	471	513
Q96IF1	329	373
Q96IF1	488	537
Q9H4Z2	453	546
Q9H4Z2	556	608
Q9H4Z2	638	726
Q9H4Z2	1020	1128
Q9H6R7	691	719
Q9NSD4	174	418
O15067	1268	1304
O75943	314	345
P04118	21	111
P35573	1250	1275
P37023	22	100
P78509	678	702
P78509	1026	1101
P78509	2129	2173
P78509	2486	2502
Q3MJ62	233	388
Q53RD9	80	339
Q6N022	563	881
Q6N022	1195	1224
Q6N022	1498	1538
Q6ZQQ2	107	152
Q9H6U6	527	575
Q9NP64	118	160
Q9UBR2	76	178
A0A0G2JNF4	168	207
A2RRP1	1137	1173
A6NIX2	381	424
O15090	95	191
O15090	455	515
O75096	11	440
O75096	679	730
O75096	1000	1037
O75096	1302	1339
O75096	1609	1650
O95407	35	216
O95477	1394	1494
P27037	75	120
Q2M2H8	1372	1434
Q5T197	627	692
Q6AW86	244	506
Q7RTV0	0	109
Q7Z398	169	239
Q7Z398	255	421
Q86UQ4	4291	4336
Q86YA3	606	632
Q8IVF5	124	183
Q8IYP9	13	74
Q8IYP9	256	290
Q8N3S3	402	450
Q8N412	71	131
Q96K58	102	410
Q96M02	177	225
Q96M02	272	428
Q96M02	474	529
A6NJB7	142	190
A6NJW4	45	89
B4DS77	103	122
O15041	512	590
O95696	192	286
P04637	213	250
P05019	68	118
P05164	264	356
P05164	369	409
P27540	233	291
P49639	24	64
Q14643	0	62
Q16670	232	476
Q16820	267	312
Q16820	596	654
Q56UN5	619	702
Q5T6X5	511	588
Q658N2	176	288
Q8NG06	0	151
Q9H707	46	404
Q9ULD2	89	184
O00311	333	387
O14672	413	646
P35443	283	490
Q14593	137	298
Q14593	337	543
Q14CW9	190	254
Q3ZCN5	342	482
Q3ZCN5	756	963
Q3ZCN5	1072	1136
Q3ZCN5	1150	1180
Q3ZCN5	1374	1453
Q3ZCN5	1834	2131
Q5GFL6	286	324
Q5GFL6	712	754
Q63HN8	4504	4547
Q6AZW8	36	326
Q6NX45	135	482
Q6UXB3	13	124
Q9BSJ5	456	500
Q9H5J0	459	529
Q9UGM3	176	211
Q9UGM3	269	338
Q9UGM3	394	426
Q9UGM3	437	475
Q9UGM3	633	712
Q9UGM3	779	840
Q9UGM3	894	973
Q9UGM3	1039	1097
Q9UGM3	1159	1185
Q9UGM3	1203	1227
Q9UGM3	1286	1356
Q9UGM3	1415	1484
Q9UGM3	1550	1572
Q9UGM3	1594	1621
Q9UGM3	1971	1995
Q9UKN5	580	752
Q9Y3M9	167	605
Q9Y3M9	621	744
Q9Y6Q3	284	627
O14628	70	97
O14628	257	558
O75077	440	651
O75077	725	779
O76075	198	246
O76076	7	172
P16144	20	95
P16144	419	654
Q05BQ5	37	111
Q8N614	89	168
Q8TBB0	53	143
Q8TE23	489	552
Q93038	21	213
Q93038	260	311
Q96B86	32	118
Q96B86	139	173
Q9H2S6	253	310
A6NHJ4	216	412
A6NHJ4	452	624
O95201	306	527
P30203	120	193
P30203	346	371
P36406	107	237
Q14031	1668	1690
Q3KP31	88	420
Q3KP31	431	575
Q5TH74	86	192
Q6NX49	201	250
Q6NX49	260	709
Q6PJ21	61	104
Q6PJ21	248	295
Q6WN34	26	180
Q6WN34	240	349
Q7LFL8	244	308
Q9HAT8	392	419
Q9NR48	2084	2139
Q9NR48	2576	2641
Q9P273	511	833
Q9P273	1144	1167
Q9P273	1437	1475
Q9Y2H0	281	322
Q9Y5G2	726	800
B2RUY7	41	221
O60304	324	452
P0CG39	657	728
Q14147	1026	1101
Q15003	215	272
Q15003	400	450
Q7L945	139	451
Q8NAP3	335	398
Q8NAP3	1000	1061
Q8NAP3	1108	1154
Q8NF99	247	533
Q8WVD3	4	117
Q8WVD3	152	235
Q9BYX7	0	17
Q9P2E7	808	847
Q9UJQ4	551	655
Q9UJQ4	863	907
Q9UPT9	279	344
Q9UPT9	356	405
Q9Y577	0	142
A6NJL1	350	493
O60284	849	910
P17097	146	163
P17097	173	594
P51575	106	164
Q53FE4	12	83
Q6UX52	152	208
Q8NFY4	516	589
Q8NG11	159	202
Q96BH3	112	173
Q9BZ76	546	604
Q9BZ76	669	752
Q9BZ76	919	999
Q9H992	532	614
Q9HD90	149	211
Q9NV58	222	273
Q9NV58	525	543
A6NCI8	85	109
O95622	864	895
P41221	299	376
Q11201	132	159
Q5JXC2	189	269
Q6UXX9	13	205
Q8WVD5	136	229
Q96JM7	85	153
Q96MF2	92	192
Q9HCB6	440	732
B6SEH8	96	199
O00339	249	646
P21810	45	89
Q02388	2873	2935
Q06455	500	555
Q13360	114	219
Q13360	259	480
Q6IC83	0	38
Q7Z570	409	473
Q7Z570	709	749
Q8WYK1	560	576
Q8WYK1	661	686
Q8WYK1	911	998
Q96C28	156	369
Q9HBZ2	205	268
Q9P0U4	474	588
Q9Y6K1	484	553
P04732	0	59
P07858	133	224
P09758	26	144
P15498	536	585
P29322	213	331
P51814	123	160
P51814	294	815
Q01415	382	415
Q08AN1	141	773
Q76LX8	258	566
Q76LX8	719	809
Q76LX8	894	958
Q76LX8	995	1128
Q86YJ6	391	450
Q8IWI9	1000	1099
Q96N58	221	589
Q96PE6	158	470
Q96T23	890	955
Q9H0X6	142	166
Q9H0X6	215	260
Q9H9B1	512	638
Q9H9B1	1000	1109
Q9NX65	483	688
Q9P272	163	241
Q9UKT4	38	114
Q9UKT4	363	440
Q9Y2D9	350	404
Q9Y493	1043	1151
Q9Y493	1326	1551
Q9Y493	1675	1910
Q9Y493	2178	2340
Q9Y493	2498	2744
A5D8T8	203	301
P04150	268	329
P04150	412	496
P0C0L5	658	766
P0C6S8	464	489
P27918	31	214
P27918	235	458
P28908	22	144
P46100	158	242
P48307	108	225
P51864	68	174
Q03591	100	274
Q14202	307	566
Q14202	579	610
Q14202	1000	1066
Q6H9L7	418	529
Q6ZV73	95	141
Q6ZV73	1216	1288
Q8N2G6	118	240
Q8NEM2	561	624
Q96KM6	98	163
Q96KM6	726	819
Q96NI8	200	526
Q9BQ08	50	110
Q9H7S9	454	505
Q9NXC5	728	872
Q9UIK5	43	135
Q9UIK5	156	224
Q9UIK5	246	307
Q9UNI1	193	217
O15018	2293	2344
O60290	230	326
O60858	0	69
P14207	20	163
P24468	73	147
P29466	53	97
P31273	11	48
P54826	45	251
Q86SQ3	0	79
Q8N1C3	393	440
Q8NEM1	314	526
Q92628	524	600
Q92628	611	648
Q92628	1046	1101
Q96IY4	245	283
B6SEH9	96	197
O75437	117	386
O75437	402	611
O94880	309	396
O94880	866	925
O94985	300	342
P07711	106	145
P07711	163	223
P29279	20	341
P49908	273	340
Q2M218	212	656
Q53EP0	652	732
Q53EP0	752	782
Q5UCC4	104	135
Q5UCC4	158	179
Q7Z4V0	496	562
Q9H5H4	264	535
Q9P0X4	244	324
Q9UHC3	302	379
Q9UJV3	130	250
Q9UKR3	142	237
P13640	0	60
Q2KJY2	1284	1333
Q2KJY2	1351	1398
Q7Z401	1433	1506
Q9BQQ7	138	176
Q9H9Z2	125	178
A6NJT0	52	68
O14498	322	387
O75467	244	506
P0CG31	234	521
P11498	788	813
P23468	169	226
Q0D2J5	95	393
Q12805	20	83
Q12805	151	385
Q13332	121	231
Q14590	307	737
Q16659	412	476
Q5SZI1	168	202
Q6ZMU5	1	145
Q8NI51	251	445
Q8NI51	468	572
Q8TC94	40	68
Q92618	23	88
Q92618	237	302
Q96K21	67	154
Q96K21	416	456
Q99706	169	205
Q9BZ95	697	866
Q9BZ95	880	961
Q9BZ95	1073	1161
Q9BZ95	1262	1435
Q9H665	16	92
Q9NVV9	9	88
Q9Y2L8	340	463
Q9Y2L8	542	664
Q9Y2L8	710	831
Q9Y4K1	1830	1886
Q07092	211	254
Q5QGS0	114	212
Q86XS5	293	323
Q8TCQ1	69	137
Q96M29	246	302
Q9BXT5	392	452
Q9BXT5	1012	1062
Q9BXT5	2457	2478
Q9BXT5	2621	2651
Q9HBT8	233	520
A0A1W2PPK0	83	166
A0A1W2PPK0	222	289
O60884	116	217
P01266	25	192
P01266	296	378
P01266	597	776
P01266	1000	1290
P01266	1448	1672
P53384	236	294
Q04759	261	280
Q13127	260	423
Q14210	16	104
Q14587	218	453
Q14587	494	789
Q14587	828	946
Q5TZJ5	1194	1272
Q6UXI9	29	190
Q6UXI9	226	270
Q8IX30	16	338
Q8IX30	353	441
Q8IX30	474	538
Q8IX30	625	819
Q96DX4	514	575
Q9BXY4	33	68
Q9BXY4	84	191
Q9C004	143	276
Q9H8G1	246	379
Q9H8G1	400	567
A4D161	67	176
O94966	775	843
O95071	1157	1245
P0DM35	0	59
P17030	106	449
P26927	46	481
Q6PG37	183	612
Q7L2R6	118	162
Q7L2R6	205	522
Q8IXW5	76	165
Q8N8R7	195	244
Q8WW38	505	582
Q8WW38	681	888
Q92731	134	256
Q96C55	111	218
Q96MV8	123	153
Q96S15	708	745
Q9Y462	358	758
A0A1B0GTW7	122	154
A0A1B0GTW7	462	551
O15389	149	196
O75815	420	457
P07438	0	59
P17017	93	641
P22891	81	187
P53992	346	399
P54108	181	244
Q15649	0	50
Q6PF15	550	582
Q8IUH4	424	441
Q96EQ8	27	193
Q96F45	424	448
Q96F45	508	566
Q9C0F0	2200	2247
Q9HBG7	211	267
Q9NR61	176	529
Q9P212	68	161
Q9P212	205	323
Q9UGL1	299	372
Q9UGL1	1491	1543
Q9Y603	177	216
Q9Y6X8	71	151
A6NNF4	104	351
A6NNF4	370	615
O75112	541	595
P26374	563	608
P41271	25	133
P46020	597	612
P61158	0	22
Q5VT25	390	439
Q5VT25	1003	1071
Q5VUD6	328	363
Q6UXF7	203	301
Q86SJ6	781	871
Q86SJ6	899	942
Q86UP3	610	721
Q86UP3	1158	1245
Q92496	114	232
Q92496	257	301
Q9BVL4	122	149
Q9C026	0	42
Q9C026	118	206
Q9C026	224	345
Q9HAH1	129	332
Q9NRL3	393	426
Q9UKB1	0	77
O00635	3	136
O75143	235	251
P07357	24	173
P07357	492	562
Q12882	954	1017
Q13472	639	735
Q13472	805	880
Q86Z02	659	683
Q86Z02	724	742
Q8IYW5	4	91
Q8NE65	246	331
Q96A25	31	78
Q96MT3	241	312
Q9H1E1	39	132
Q9NQZ3	519	542
Q9UPU3	713	813
Q9Y385	131	179
C9J302	49	188
O00463	132	244
O15164	119	202
O15164	821	900
O60565	84	183
P01215	23	115
P01589	44	87
P14222	372	412
P20160	130	220
P58658	83	127
P63267	6	48
P82279	22	475
P82279	872	950
P82279	1137	1350
Q02413	609	638
Q02413	660	765
Q13443	350	677
Q2Q1W2	197	242
Q2Q1W2	259	313
Q58A45	31	75
Q5TAX3	1285	1320
Q8IZQ1	3444	3523
Q8N4N8	506	555
Q8TAF7	198	548
Q96BV0	99	220
Q96LX8	170	269
Q96LX8	324	423
Q99728	43	125
Q9HAR2	495	550
Q9NSA2	452	500
Q9UBX5	22	89
Q9UBX5	99	341
Q9UKF5	338	362
Q9UKF5	384	561
Q9UKF5	624	654
Q9Y3D2	44	181
A0ABJ7H351	81	149
A0ABJ7H351	240	366
A0ABJ7H351	396	433
O15265	105	141
O75173	322	689
O75604	464	489
P17028	219	367
P46531	24	1565
P55201	252	346
P56159	147	281
Q17R98	373	469
Q5T700	59	204
Q6NUJ1	24	100
Q6NUJ1	456	519
Q6VAB6	409	485
Q6XE24	75	119
Q7Z7M0	139	206
Q7Z7M0	557	656
Q7Z7M0	846	1278
Q7Z7M0	1395	1490
Q7Z7M0	1872	2467
Q8N8J6	176	730
Q8NB14	556	628
Q96S59	641	728
Q9BYK8	84	115
Q9BYK8	164	258
Q9BYK8	280	359
Q9NPC7	295	521
Q9NXA8	246	309
Q9NYQ6	1336	1426
Q9NYQ6	1631	1668
Q9NYQ6	1859	2098
Q9P0J7	0	142
Q9Y614	305	380
A6NCS6	177	241
A8MT65	203	543
O60291	270	329
P05156	21	111
P05156	155	326
P24928	1464	1485
P59817	314	362
Q2TBF2	180	220
Q2TBF2	231	266
Q5JWF8	95	135
Q6MZQ0	264	315
Q6P3S6	332	361
Q8NA19	356	427
Q8TF45	74	670
Q96JC4	85	523
Q9BY14	186	216
Q9NR09	293	396
Q9NR09	1519	1570
Q9P0N8	0	28
Q9P0N8	58	142
Q9Y561	153	221
Q9Y561	383	479
O43541	204	281
O75346	102	487
O75398	231	303
O75398	483	557
P09919	7	25
P25713	0	67
Q13470	372	414
Q15652	1704	1750
Q6ZMS4	149	495
Q8N6Q8	388	405
Q8N7B1	250	299
Q99969	68	155
Q9UNA0	369	399
Q9UNA0	417	436
Q9UNA0	542	646
Q9UNA0	703	737
Q9UNA0	873	929
Q9UNE0	5	152
O60575	27	85
P0CG24	0	378
P29122	687	968
Q6N043	344	508
Q6N043	615	740
Q8IV16	55	142
Q8IWZ5	136	170
Q8N7M2	186	328
Q8N7M2	395	669
Q8NHJ6	111	187
Q8TAB3	701	758
Q8TAV0	0	128
Q8WY64	353	444
Q92752	113	341
Q969K3	50	106
Q96F44	4	81
Q96GP6	49	446
Q96JG9	3111	3155
Q96JL9	295	644
Q96T25	404	553
Q99062	113	191
Q99062	203	281
Q9BWX1	57	341
Q9NPC3	0	63
Q9NPY3	25	49
Q9NPY3	119	468
Q9NQX6	121	462
B4DX44	104	293
O75582	688	740
P31629	180	247
Q10570	449	501
Q14246	22	343
Q15072	5	192
Q8WTR7	205	270
Q8WTR7	311	870
Q92563	74	208
Q9BS86	299	350
Q9H7B4	10	99
Q9Y6W6	143	200
O15015	234	316
O15015	614	667
O15015	1043	1105
O15015	1201	1278
O15015	1526	1611
O15015	1676	1777
P38570	739	814
Q5GAN6	91	215
Q6P3V2	167	365
Q6P3V2	427	767
Q6ZU69	324	361
Q8N7Q3	75	503
Q92959	417	511
Q9NQV7	169	228
Q9NQV7	577	890
Q9UBT3	29	104
Q9UBT3	140	223
O14638	42	159
O60449	1491	1551
P02774	69	151
P02774	263	400
P07225	55	286
P08047	601	705
P12111	3141	3176
P15621	96	662
P82987	74	245
P82987	380	454
P82987	638	899
P82987	1421	1690
Q13368	315	349
Q658L1	0	38
Q6ZT12	138	199
Q6ZT12	1222	1268
Q8NAN2	139	204
Q9Y2P7	127	626
A0A096LNW5	21	269
A0A0A0MS06	80	114
D6RA61	79	131
P10072	321	650
P11226	208	247
P49910	267	484
P68032	8	44
Q13233	437	508
Q15109	186	276
Q15109	292	319
Q6P4F2	93	180
Q6PJP8	106	182
Q6UWI4	49	85
Q6UY18	15	57
Q86WS5	240	271
Q96EY1	234	308
Q96K31	187	251
Q9H9D4	111	137
Q9H9D4	347	629
O15544	63	124
O95025	530	594
P08235	434	451
P08235	472	492
P08235	589	620
P15248	31	82
P26651	101	171
P55199	59	154
P78539	70	194
P78539	265	321
Q6UWE3	22	99
Q6ZN54	237	305
Q6ZN54	445	510
Q86UE3	154	278
Q86UE3	291	482
Q86UE3	518	835
Q8ND24	632	702
Q96P26	42	93
Q9UK80	396	453
O14578	1353	1449
O95196	356	428
O95405	97	188
O95405	696	765
P10075	180	375
P24394	317	368
P24394	705	739
P35398	62	157
P52824	93	268
P52824	343	362
Q6A162	2	114
Q6A162	393	430
Q8N4L2	45	127
Q8NEK5	79	532
Q8NG27	576	642
Q8TBJ5	125	162
Q8TBJ5	180	206
Q8TBJ5	270	398
Q96DM1	528	584
Q99944	92	200
Q9BX82	158	623
Q9BXT4	153	236
Q9ULU4	78	133
Q9Y2G1	1013	1048
Q9Y6Z4	107	151
A0A2R8YCY7	125	185
A0AAQ5BIG5	601	670
O00300	24	199
O43298	345	460
O75023	269	302
O75023	354	412
O75064	1229	1266
P19793	122	206
P48960	15	274
P78413	5	69
Q13501	102	180
Q86Y38	912	944
Q8IXK0	633	686
Q8NFW9	45	105
Q8TEY5	101	165
Q969W8	161	417
Q9H160	205	266
Q9H741	69	138
Q9H7R0	110	625
Q9NR11	269	477
Q9Y508	20	224
Q9Y5Q5	235	475
Q9Y5Q5	509	695
A6H8Z2	315	377
O14904	207	245
O15031	466	524
P05305	86	171
P14373	0	142
P23193	246	300
Q02297	89	156
Q02297	172	240
Q09472	336	422
Q09472	1171	1216
Q09472	1680	1710
Q09472	1730	1817
Q13642	0	109
Q6XQN6	441	498
Q7L273	345	388
Q8TB52	0	116
Q8TB52	334	353
Q96NE9	559	621
Q9P2E2	0	57
Q9UIL8	65	165
A0A0C4DH59	85	113
A6NLC5	23	71
A6NLC5	111	150
O43300	492	515
P28329	650	730
P43243	279	339
Q02763	210	375
Q15937	186	497
Q3LHN1	0	41
Q8N109	126	197
Q8NCQ7	51	110
Q9H7H0	385	437
Q9HBT7	331	758
Q9NQC7	790	832
Q9NXH9	357	397
Q9ULM2	111	228
Q9ULM2	267	424
B2RU33	39	126
P18065	28	125
P18065	227	320
P18146	338	420
P29590	52	103
P29590	173	236
P54756	255	367
Q14151	424	491
Q15306	198	245
Q16527	0	78
Q16527	107	192
Q5VT97	279	355
Q6UY11	0	259
Q96N38	129	512
Q9H3U7	25	150
Q9H3U7	234	286
Q9P2N4	532	663
Q9P2N4	696	758
Q9P2N4	879	976
Q9P2N4	1000	1286
Q9P2N4	1331	1746
Q9P2N4	1797	1821
Q9UIH9	49	89
Q9UIH9	303	402
Q9Y458	456	487
Q9Y4L5	215	272
P02760	193	288
P03950	27	146
Q14994	0	85
Q15048	99	167
Q6UWV2	207	234
Q6UY14	359	505
Q6UY14	712	869
Q86XU0	200	573
Q8NDZ0	283	300
Q96DN2	43	270
Q96DN2	381	753
Q96GM8	254	332
Q9HCM1	1165	1199
Q9NUG4	337	413
Q9UNL4	183	248
Q9Y4I5	140	270
Q9Y4I5	291	425
A8MW92	138	178
O94813	232	299
O94813	450	529
O94813	703	740
O94813	882	1150
O94813	1314	1528
P29558	86	127
P29558	166	257
P37231	122	211
P52744	25	261
Q0VF96	54	73
Q14626	109	160
Q2VIQ3	1076	1123
Q53H76	423	455
Q6W4X9	199	394
Q6W4X9	564	590
Q6W4X9	656	866
Q6W4X9	1075	1198
Q6W4X9	2348	2438
Q8N8C0	0	122
Q969J2	137	218
Q969J2	316	459
Q9HBE1	347	530
Q9NS15	54	139
Q9NS15	284	483
Q9NS15	571	1117
Q9NS15	1217	1299
Q9NYQ8	3712	3782
Q9NYQ8	3930	4036
A4D0S4	267	538
A4D0S4	695	1182
A4D0S4	1359	1427
E7ETH6	198	401
O75106	719	755
O75808	0	84
O75808	337	450
O95267	568	600
P0DKL9	76	146
P55795	278	293
P78317	124	189
Q14588	197	407
Q14588	448	685
Q14CN2	172	274
Q5VT98	450	474
Q7Z5U6	4	26
Q8WWZ8	149	267
Q96QT6	55	114
Q96QT6	262	310
Q9P2D8	360	421
Q9Y2Y1	0	88
Q96NG5	143	401
Q9BYZ6	330	349
Q9BZM1	54	134
